figure,panel,outcome_id,rate,rate_label,co_me_mean_mm,height_cm_c,prediction,ci_lower,ci_upper,prediction_standardization,modeled_scale,n_observations,n_speakers,working_correlation,covariance_estimator
Figure 1,A,log_speechrate,normal,Habitual,92.739999999999995,0,2.7932103470502061,2.4762633844908897,3.1507246328210758,"mean centered height; standardized over kukuku, pipipi, tatata, kutapi, pitaku, takupi",log outcome; response-scale mean across shared sequences,8123,28,independence,robust sandwich
Figure 1,A,log_speechrate,normal,Habitual,92.965833333333322,0,2.7890027748488997,2.4746186883453363,3.1433272991710948,"mean centered height; standardized over kukuku, pipipi, tatata, kutapi, pitaku, takupi",log outcome; response-scale mean across shared sequences,8123,28,independence,robust sandwich
Figure 1,A,log_speechrate,normal,Habitual,93.191666666666663,0,2.7848015407537976,2.4729593954939486,3.1359672283805202,"mean centered height; standardized over kukuku, pipipi, tatata, kutapi, pitaku, takupi",log outcome; response-scale mean across shared sequences,8123,28,independence,robust sandwich
Figure 1,A,log_speechrate,normal,Habitual,93.41749999999999,0,2.7806066352174486,2.4712852030459196,3.1286446624152089,"mean centered height; standardized over kukuku, pipipi, tatata, kutapi, pitaku, takupi",log outcome; response-scale mean across shared sequences,8123,28,independence,robust sandwich
Figure 1,A,log_speechrate,normal,Habitual,93.643333333333331,0,2.7764180487067818,2.4695958024408142,3.1213598490757533,"mean centered height; standardized over kukuku, pipipi, tatata, kutapi, pitaku, takupi",log outcome; response-scale mean across shared sequences,8123,28,independence,robust sandwich
Figure 1,A,log_speechrate,normal,Habitual,93.869166666666658,0,2.7722357717030892,2.4678908794390835,3.1141130420065335,"mean centered height; standardized over kukuku, pipipi, tatata, kutapi, pitaku, takupi",log outcome; response-scale mean across shared sequences,8123,28,independence,robust sandwich
Figure 1,A,log_speechrate,normal,Habitual,94.094999999999999,0,2.7680597947020007,2.4661701141215935,3.1069045006957303,"mean centered height; standardized over kukuku, pipipi, tatata, kutapi, pitaku, takupi",log outcome; response-scale mean across shared sequences,8123,28,independence,robust sandwich
Figure 1,A,log_speechrate,normal,Habitual,94.320833333333326,0,2.7638901082134617,2.4644331808989497,3.0997344904655582,"mean centered height; standardized over kukuku, pipipi, tatata, kutapi, pitaku, takupi",log outcome; response-scale mean across shared sequences,8123,28,independence,robust sandwich
Figure 1,A,log_speechrate,normal,Habitual,94.546666666666667,0,2.7597267027617156,2.4626797485313521,3.0926032824519694,"mean centered height; standardized over kukuku, pipipi, tatata, kutapi, pitaku, takupi",log outcome; response-scale mean across shared sequences,8123,28,independence,robust sandwich
Figure 1,A,log_speechrate,normal,Habitual,94.772499999999994,0,2.7555695688852762,2.4609094801597933,3.0855111535730049,"mean centered height; standardized over kukuku, pipipi, tatata, kutapi, pitaku, takupi",log outcome; response-scale mean across shared sequences,8123,28,independence,robust sandwich
Figure 1,A,log_speechrate,normal,Habitual,94.998333333333335,0,2.7514186971369128,2.4591220333494515,3.0784583864849679,"mean centered height; standardized over kukuku, pipipi, tatata, kutapi, pitaku, takupi",log outcome; response-scale mean across shared sequences,8123,28,independence,robust sandwich
Figure 1,A,log_speechrate,normal,Habitual,95.224166666666662,0,2.747274078083624,2.4573170601461074,3.0714452695255638,"mean centered height; standardized over kukuku, pipipi, tatata, kutapi, pitaku, takupi",log outcome; response-scale mean across shared sequences,8123,28,independence,robust sandwich
Figure 1,A,log_speechrate,normal,Habitual,95.449999999999989,0,2.7431357023066192,2.4554942071465033,3.0644720966430992,"mean centered height; standardized over kukuku, pipipi, tatata, kutapi, pitaku, takupi",log outcome; response-scale mean across shared sequences,8123,28,independence,robust sandwich
Figure 1,A,log_speechrate,normal,Habitual,95.67583333333333,0,2.7390035604012932,2.4536531155835468,3.0575391673108374,"mean centered height; standardized over kukuku, pipipi, tatata, kutapi, pitaku, takupi",log outcome; response-scale mean across shared sequences,8123,28,independence,robust sandwich
Figure 1,A,log_speechrate,normal,Habitual,95.901666666666657,0,2.7348776429772101,2.4517934214273018,3.0506467864255824,"mean centered height; standardized over kukuku, pipipi, tatata, kutapi, pitaku, takupi",log outcome; response-scale mean across shared sequences,8123,28,independence,robust sandwich
Figure 1,A,log_speechrate,normal,Habitual,96.127499999999998,0,2.7307579406580786,2.4499147555027281,3.0437952641894874,"mean centered height; standardized over kukuku, pipipi, tatata, kutapi, pitaku, takupi",log outcome; response-scale mean across shared sequences,8123,28,independence,robust sandwich
Figure 1,A,log_speechrate,normal,Habitual,96.353333333333325,0,2.7266444440817317,2.4480167436251441,3.0369849159741724,"mean centered height; standardized over kukuku, pipipi, tatata, kutapi, pitaku, takupi",log outcome; response-scale mean across shared sequences,8123,28,independence,robust sandwich
Figure 1,A,log_speechrate,normal,Habitual,96.579166666666666,0,2.7225371439001034,2.4460990067544004,3.0302160621661023,"mean centered height; standardized over kukuku, pipipi, tatata, kutapi, pitaku, takupi",log outcome; response-scale mean across shared sequences,8123,28,independence,robust sandwich
Figure 1,A,log_speechrate,normal,Habitual,96.804999999999993,0,2.7184360307792113,2.4441611611687635,3.0234890279922824,"mean centered height; standardized over kukuku, pipipi, tatata, kutapi, pitaku, takupi",log outcome; response-scale mean across shared sequences,8123,28,independence,robust sandwich
Figure 1,A,log_speechrate,normal,Habitual,97.030833333333334,0,2.7143410953991336,2.4422028186595082,3.0168041433252339,"mean centered height; standardized over kukuku, pipipi, tatata, kutapi, pitaku, takupi",log outcome; response-scale mean across shared sequences,8123,28,independence,robust sandwich
Figure 1,A,log_speechrate,normal,Habitual,97.256666666666661,0,2.7102523284539863,2.4402235867472086,3.0101617424662641,"mean centered height; standardized over kukuku, pipipi, tatata, kutapi, pitaku, takupi",log outcome; response-scale mean across shared sequences,8123,28,independence,robust sandwich
Figure 1,A,log_speechrate,normal,Habitual,97.482499999999987,0,2.7061697206519022,2.4382230689207192,3.0035621639060621,"mean centered height; standardized over kukuku, pipipi, tatata, kutapi, pitaku, takupi",log outcome; response-scale mean across shared sequences,8123,28,independence,robust sandwich
Figure 1,A,log_speechrate,normal,Habitual,97.708333333333329,0,2.7020932627150143,2.4362008648998086,2.9970057500616414,"mean centered height; standardized over kukuku, pipipi, tatata, kutapi, pitaku, takupi",log outcome; response-scale mean across shared sequences,8123,28,independence,robust sandwich
Figure 1,A,log_speechrate,normal,Habitual,97.934166666666655,0,2.698022945379428,2.434156570922382,2.9904928469886829,"mean centered height; standardized over kukuku, pipipi, tatata, kutapi, pitaku, takupi",log outcome; response-scale mean across shared sequences,8123,28,independence,robust sandwich
Figure 1,A,log_speechrate,normal,Habitual,98.159999999999997,0,2.6939587593952066,2.4320897800572001,2.9840238040683982,"mean centered height; standardized over kukuku, pipipi, tatata, kutapi, pitaku, takupi",log outcome; response-scale mean across shared sequences,8123,28,independence,robust sandwich
Figure 1,A,log_speechrate,normal,Habitual,98.385833333333323,0,2.6899006955263443,2.4300000825429549,2.9775989736680217,"mean centered height; standardized over kukuku, pipipi, tatata, kutapi, pitaku, takupi",log outcome; response-scale mean across shared sequences,8123,28,independence,robust sandwich
Figure 1,A,log_speechrate,normal,Habitual,98.611666666666665,0,2.6858487445507495,2.427887066154494,2.9712187107741701,"mean centered height; standardized over kukuku, pipipi, tatata, kutapi, pitaku, takupi",log outcome; response-scale mean across shared sequences,8123,28,independence,robust sandwich
Figure 1,A,log_speechrate,normal,Habitual,98.837499999999991,0,2.6818028972602228,2.4257503165969414,2.9648833725982966,"mean centered height; standardized over kukuku, pipipi, tatata, kutapi, pitaku, takupi",log outcome; response-scale mean across shared sequences,8123,28,independence,robust sandwich
Figure 1,A,log_speechrate,normal,Habitual,99.063333333333333,0,2.677763144460434,2.4235894179283566,2.9585933181536088,"mean centered height; standardized over kukuku, pipipi, tatata, kutapi, pitaku, takupi",log outcome; response-scale mean across shared sequences,8123,28,independence,robust sandwich
Figure 1,A,log_speechrate,normal,Habitual,99.289166666666659,0,2.6737294769709048,2.4214039530115019,2.9523489078028895,"mean centered height; standardized over kukuku, pipipi, tatata, kutapi, pitaku, takupi",log outcome; response-scale mean across shared sequences,8123,28,independence,robust sandwich
Figure 1,A,log_speechrate,normal,Habitual,99.514999999999986,0,2.6697018856249835,2.4191935039951731,2.9461505027767356,"mean centered height; standardized over kukuku, pipipi, tatata, kutapi, pitaku, takupi",log outcome; response-scale mean across shared sequences,8123,28,independence,robust sandwich
Figure 1,A,log_speechrate,normal,Habitual,99.740833333333327,0,2.6656803612698297,2.4169576528254302,2.9399984646619228,"mean centered height; standardized over kukuku, pipipi, tatata, kutapi, pitaku, takupi",log outcome; response-scale mean across shared sequences,8123,28,independence,robust sandwich
Figure 1,A,log_speechrate,normal,Habitual,99.966666666666654,0,2.6616648947663877,2.4146959817869305,2.933893154859645,"mean centered height; standardized over kukuku, pipipi, tatata, kutapi, pitaku, takupi",log outcome; response-scale mean across shared sequences,8123,28,independence,robust sandwich
Figure 1,A,log_speechrate,normal,Habitual,100.1925,0,2.6576554769893712,2.4124080740744254,2.9278349340136134,"mean centered height; standardized over kukuku, pipipi, tatata, kutapi, pitaku, takupi",log outcome; response-scale mean across shared sequences,8123,28,independence,robust sandwich
Figure 1,A,log_speechrate,normal,Habitual,100.41833333333332,0,2.6536520988272367,2.4100935143942985,2.9218241614080904,"mean centered height; standardized over kukuku, pipipi, tatata, kutapi, pitaku, takupi",log outcome; response-scale mean across shared sequences,8123,28,independence,robust sandwich
Figure 1,A,log_speechrate,normal,Habitual,100.64416666666666,0,2.6496547511821671,2.4077518895958931,2.9158611943361619,"mean centered height; standardized over kukuku, pipipi, tatata, kutapi, pitaku, takupi",log outcome; response-scale mean across shared sequences,8123,28,independence,robust sandwich
Figure 1,A,log_speechrate,normal,Habitual,100.86999999999999,0,2.6456634249700524,2.4053827893321191,2.9099463874387186,"mean centered height; standardized over kukuku, pipipi, tatata, kutapi, pitaku, takupi",log outcome; response-scale mean across shared sequences,8123,28,independence,robust sandwich
Figure 1,A,log_speechrate,normal,Habitual,101.09583333333333,0,2.6416781111204624,2.402985806748676,2.9040800920148087,"mean centered height; standardized over kukuku, pipipi, tatata, kutapi, pitaku, takupi",log outcome; response-scale mean across shared sequences,8123,28,independence,robust sandwich
Figure 1,A,log_speechrate,normal,Habitual,101.32166666666666,0,2.6376988005766333,2.4005605392010096,2.8982626553042867,"mean centered height; standardized over kukuku, pipipi, tatata, kutapi, pitaku, takupi",log outcome; response-scale mean across shared sequences,8123,28,independence,robust sandwich
Figure 1,A,log_speechrate,normal,Habitual,101.54749999999999,0,2.633725484295443,2.3981065889978428,2.8924944197438691,"mean centered height; standardized over kukuku, pipipi, tatata, kutapi, pitaku, takupi",log outcome; response-scale mean across shared sequences,8123,28,independence,robust sandwich
Figure 1,A,log_speechrate,normal,Habitual,101.77333333333333,0,2.6297581532473906,2.3956235641699464,2.8867757221979509,"mean centered height; standardized over kukuku, pipipi, tatata, kutapi, pitaku, takupi",log outcome; response-scale mean across shared sequences,8123,28,independence,robust sandwich
Figure 1,A,log_speechrate,normal,Habitual,101.99916666666665,0,2.6257967984165784,2.3931110792625123,2.8811068931658341,"mean centered height; standardized over kukuku, pipipi, tatata, kutapi, pitaku, takupi",log outcome; response-scale mean across shared sequences,8123,28,independence,robust sandwich
Figure 1,A,log_speechrate,normal,Habitual,102.22499999999999,0,2.6218414108006889,2.3905687561492677,2.8754882559672046,"mean centered height; standardized over kukuku, pipipi, tatata, kutapi, pitaku, takupi",log outcome; response-scale mean across shared sequences,8123,28,independence,robust sandwich
Figure 1,A,log_speechrate,normal,Habitual,102.45083333333332,0,2.617891981410966,2.3879962248661841,2.8699201259080191,"mean centered height; standardized over kukuku, pipipi, tatata, kutapi, pitaku, takupi",log outcome; response-scale mean across shared sequences,8123,28,independence,robust sandwich
Figure 1,A,log_speechrate,normal,Habitual,102.67666666666666,0,2.6139485012721937,2.3853931244623849,2.8644028094291976,"mean centered height; standardized over kukuku, pipipi, tatata, kutapi, pitaku, takupi",log outcome; response-scale mean across shared sequences,8123,28,independence,robust sandwich
Figure 1,A,log_speechrate,normal,Habitual,102.90249999999999,0,2.6100109614226747,2.3827591038655949,2.8589366032407657,"mean centered height; standardized over kukuku, pipipi, tatata, kutapi, pitaku, takupi",log outcome; response-scale mean across shared sequences,8123,28,independence,robust sandwich
Figure 1,A,log_speechrate,normal,Habitual,103.12833333333333,0,2.6060793529142123,2.3800938227591746,2.8535217934444259,"mean centered height; standardized over kukuku, pipipi, tatata, kutapi, pitaku, takupi",log outcome; response-scale mean across shared sequences,8123,28,independence,robust sandwich
Figure 1,A,log_speechrate,normal,Habitual,103.35416666666666,0,2.6021536668120899,2.3773969524675889,2.8481586546476891,"mean centered height; standardized over kukuku, pipipi, tatata, kutapi, pitaku, takupi",log outcome; response-scale mean across shared sequences,8123,28,independence,robust sandwich
Figure 1,A,log_speechrate,normal,Habitual,103.57999999999998,0,2.5982338941950482,2.3746681768468449,2.8428474490730333,"mean centered height; standardized over kukuku, pipipi, tatata, kutapi, pitaku, takupi",log outcome; response-scale mean across shared sequences,8123,28,independence,robust sandwich
Figure 1,A,log_speechrate,normal,Habitual,103.80583333333333,0,2.594320026155267,2.3719071931762414,2.8375884256657606,"mean centered height; standardized over kukuku, pipipi, tatata, kutapi, pitaku, takupi",log outcome; response-scale mean across shared sequences,8123,28,independence,robust sandwich
Figure 1,A,log_speechrate,normal,Habitual,104.03166666666667,0,2.5904120537983437,2.3691137130475539,2.832381819204413,"mean centered height; standardized over kukuku, pipipi, tatata, kutapi, pitaku, takupi",log outcome; response-scale mean across shared sequences,8123,28,independence,robust sandwich
Figure 1,A,log_speechrate,normal,Habitual,104.25749999999999,0,2.5865099682432757,2.3662874632475499,2.8272278494178673,"mean centered height; standardized over kukuku, pipipi, tatata, kutapi, pitaku, takupi",log outcome; response-scale mean across shared sequences,8123,28,independence,robust sandwich
Figure 1,A,log_speechrate,normal,Habitual,104.48333333333332,0,2.5826137606224377,2.3634281866295908,2.8221267201133333,"mean centered height; standardized over kukuku, pipipi, tatata, kutapi, pitaku, takupi",log outcome; response-scale mean across shared sequences,8123,28,independence,robust sandwich
Figure 1,A,log_speechrate,normal,Habitual,104.70916666666666,0,2.5787234220815605,2.3605356429699049,2.817078618319687,"mean centered height; standardized over kukuku, pipipi, tatata, kutapi, pitaku, takupi",log outcome; response-scale mean across shared sequences,8123,28,independence,robust sandwich
Figure 1,A,log_speechrate,normal,Habitual,104.93499999999999,0,2.574838943779715,2.3576096098040269,2.8120837134506464,"mean centered height; standardized over kukuku, pipipi, tatata, kutapi, pitaku, takupi",log outcome; response-scale mean across shared sequences,8123,28,independence,robust sandwich
Figure 1,A,log_speechrate,normal,Habitual,105.16083333333333,0,2.5709603168892881,2.3546498832387885,2.8071421564923815,"mean centered height; standardized over kukuku, pipipi, tatata, kutapi, pitaku, takupi",log outcome; response-scale mean across shared sequences,8123,28,independence,robust sandwich
Figure 1,A,log_speechrate,normal,Habitual,105.38666666666666,0,2.567087532595965,2.3516562787352338,2.8022540792202149,"mean centered height; standardized over kukuku, pipipi, tatata, kutapi, pitaku, takupi",log outcome; response-scale mean across shared sequences,8123,28,independence,robust sandwich
Figure 1,A,log_speechrate,normal,Habitual,105.6125,0,2.5632205820987068,2.3486286318578005,2.7974195934490442,"mean centered height; standardized over kukuku, pipipi, tatata, kutapi, pitaku, takupi",log outcome; response-scale mean across shared sequences,8123,28,independence,robust sandwich
Figure 1,A,log_speechrate,normal,Habitual,105.83833333333332,0,2.559359456609736,2.3455667989852027,2.7926387903220853,"mean centered height; standardized over kukuku, pipipi, tatata, kutapi, pitaku, takupi",log outcome; response-scale mean across shared sequences,8123,28,independence,robust sandwich
Figure 1,A,log_speechrate,normal,Habitual,106.06416666666667,0,2.5555041473545077,2.3424706579784429,2.787911739642456,"mean centered height; standardized over kukuku, pipipi, tatata, kutapi, pitaku, takupi",log outcome; response-scale mean across shared sequences,8123,28,independence,robust sandwich
Figure 1,A,log_speechrate,normal,Habitual,106.28999999999999,0,2.5516546455716984,2.3393401088016379,2.7832384892519784,"mean centered height; standardized over kukuku, pipipi, tatata, kutapi, pitaku, takupi",log outcome; response-scale mean across shared sequences,8123,28,independence,robust sandwich
Figure 1,A,log_speechrate,normal,Habitual,106.51583333333332,0,2.5478109425131805,2.3361750740914009,2.7786190644614051,"mean centered height; standardized over kukuku, pipipi, tatata, kutapi, pitaku, takupi",log outcome; response-scale mean across shared sequences,8123,28,independence,robust sandwich
Figure 1,A,log_speechrate,normal,Habitual,106.74166666666666,0,2.5439730294440039,2.3329754996708223,2.7740534675360538,"mean centered height; standardized over kukuku, pipipi, tatata, kutapi, pitaku, takupi",log outcome; response-scale mean across shared sequences,8123,28,independence,robust sandwich
Figure 1,A,log_speechrate,normal,Habitual,106.96749999999999,0,2.5401408976423787,2.3297413550043529,2.769541677240551,"mean centered height; standardized over kukuku, pipipi, tatata, kutapi, pitaku, takupi",log outcome; response-scale mean across shared sequences,8123,28,independence,robust sandwich
Figure 1,A,log_speechrate,normal,Habitual,107.19333333333333,0,2.5363145383996493,2.3264726335901393,2.7650836484460983,"mean centered height; standardized over kukuku, pipipi, tatata, kutapi, pitaku, takupi",log outcome; response-scale mean across shared sequences,8123,28,independence,robust sandwich
Figure 1,A,log_speechrate,normal,Habitual,107.41916666666665,0,2.5324939430202833,2.3231693532868345,2.7606793118033028,"mean centered height; standardized over kukuku, pipipi, tatata, kutapi, pitaku, takupi",log outcome; response-scale mean across shared sequences,8123,28,independence,robust sandwich
Figure 1,A,log_speechrate,normal,Habitual,107.645,0,2.5286791028218421,2.3198315565721517,2.7563285734832195,"mean centered height; standardized over kukuku, pipipi, tatata, kutapi, pitaku, takupi",log outcome; response-scale mean across shared sequences,8123,28,independence,robust sandwich
Figure 1,A,log_speechrate,normal,Habitual,107.87083333333332,0,2.5248700091349696,2.3164593107309961,2.7520313149888644,"mean centered height; standardized over kukuku, pipipi, tatata, kutapi, pitaku, takupi",log outcome; response-scale mean across shared sequences,8123,28,independence,robust sandwich
Figure 1,A,log_speechrate,normal,Habitual,108.09666666666666,0,2.5210666533033659,2.3130527079713401,2.747787393038942,"mean centered height; standardized over kukuku, pipipi, tatata, kutapi, pitaku, takupi",log outcome; response-scale mean across shared sequences,8123,28,independence,robust sandwich
Figure 1,A,log_speechrate,normal,Habitual,108.32249999999999,0,2.5172690266837736,2.3096118654665792,2.7435966395251294,"mean centered height; standardized over kukuku, pipipi, tatata, kutapi, pitaku, takupi",log outcome; response-scale mean across shared sequences,8123,28,independence,robust sandwich
Figure 1,A,log_speechrate,normal,Habitual,108.54833333333332,0,2.5134771206459527,2.3061369253235355,2.7394588615436861,"mean centered height; standardized over kukuku, pipipi, tatata, kutapi, pitaku, takupi",log outcome; response-scale mean across shared sequences,8123,28,independence,robust sandwich
Figure 1,A,log_speechrate,normal,Habitual,108.77416666666666,0,2.5096909265726643,2.302628054475826,2.7353738415017141,"mean centered height; standardized over kukuku, pipipi, tatata, kutapi, pitaku, takupi",log outcome; response-scale mean across shared sequences,8123,28,independence,robust sandwich
Figure 1,A,log_speechrate,normal,Habitual,108.99999999999999,0,2.5059104358596507,2.2990854445028024,2.7313413372978488,"mean centered height; standardized over kukuku, pipipi, tatata, kutapi, pitaku, takupi",log outcome; response-scale mean across shared sequences,8123,28,independence,robust sandwich
Figure 1,A,log_speechrate,normal,Habitual,109.22583333333333,0,2.5021356399156138,2.2955093113748077,2.7273610825766252,"mean centered height; standardized over kukuku, pipipi, tatata, kutapi, pitaku, takupi",log outcome; response-scale mean across shared sequences,8123,28,independence,robust sandwich
Figure 1,A,log_speechrate,normal,Habitual,109.45166666666665,0,2.4983665301621989,2.291899895125975,2.7234327870553092,"mean centered height; standardized over kukuku, pipipi, tatata, kutapi, pitaku, takupi",log outcome; response-scale mean across shared sequences,8123,28,independence,robust sandwich
Figure 1,A,log_speechrate,normal,Habitual,109.67749999999999,0,2.4946030980339722,2.2882574594563199,2.7195561369214367,"mean centered height; standardized over kukuku, pipipi, tatata, kutapi, pitaku, takupi",log outcome; response-scale mean across shared sequences,8123,28,independence,robust sandwich
Figure 1,A,log_speechrate,normal,Habitual,109.90333333333332,0,2.4908453349784025,2.2845822912653317,2.7157307952988514,"mean centered height; standardized over kukuku, pipipi, tatata, kutapi, pitaku, takupi",log outcome; response-scale mean across shared sequences,8123,28,independence,robust sandwich
Figure 1,A,log_speechrate,normal,Habitual,110.12916666666666,0,2.4870932324558424,2.2808747001197336,2.7119564027795735,"mean centered height; standardized over kukuku, pipipi, tatata, kutapi, pitaku, takupi",log outcome; response-scale mean across shared sequences,8123,28,independence,robust sandwich
Figure 1,A,log_speechrate,normal,Habitual,110.35499999999999,0,2.4833467819395074,2.2771350176585137,2.7082325780184071,"mean centered height; standardized over kukuku, pipipi, tatata, kutapi, pitaku, takupi",log outcome; response-scale mean across shared sequences,8123,28,independence,robust sandwich
Figure 1,A,log_speechrate,normal,Habitual,110.58083333333332,0,2.4796059749154589,2.2733635969386863,2.7045589183868106,"mean centered height; standardized over kukuku, pipipi, tatata, kutapi, pitaku, takupi",log outcome; response-scale mean across shared sequences,8123,28,independence,robust sandwich
Figure 1,A,log_speechrate,normal,Habitual,110.80666666666666,0,2.4758708028825809,2.2695608117256354,2.7009350006821831,"mean centered height; standardized over kukuku, pipipi, tatata, kutapi, pitaku, takupi",log outcome; response-scale mean across shared sequences,8123,28,independence,robust sandwich
Figure 1,A,log_speechrate,normal,Habitual,111.0325,0,2.4721412573525656,2.265727055732166,2.6973603818884566,"mean centered height; standardized over kukuku, pipipi, tatata, kutapi, pitaku, takupi",log outcome; response-scale mean across shared sequences,8123,28,independence,robust sandwich
Figure 1,A,log_speechrate,normal,Habitual,111.25833333333333,0,2.4684173298498897,2.2618627418106612,2.693834599983568,"mean centered height; standardized over kukuku, pipipi, tatata, kutapi, pitaku, takupi",log outcome; response-scale mean across shared sequences,8123,28,independence,robust sandwich
Figure 1,A,log_speechrate,normal,Habitual,111.48416666666665,0,2.4646990119117982,2.2579683011029816,2.6903571747892032,"mean centered height; standardized over kukuku, pipipi, tatata, kutapi, pitaku, takupi",log outcome; response-scale mean across shared sequences,8123,28,independence,robust sandwich
Figure 1,A,log_speechrate,normal,Habitual,111.70999999999999,0,2.4609862950882841,2.2540441821528634,2.6869276088580349,"mean centered height; standardized over kukuku, pipipi, tatata, kutapi, pitaku, takupi",log outcome; response-scale mean across shared sequences,8123,28,independence,robust sandwich
Figure 1,A,log_speechrate,normal,Habitual,111.93583333333332,0,2.4572791709420687,2.2500908499857482,2.683545388393533,"mean centered height; standardized over kukuku, pipipi, tatata, kutapi, pitaku, takupi",log outcome; response-scale mean across shared sequences,8123,28,independence,robust sandwich
Figure 1,A,log_speechrate,normal,Habitual,112.16166666666666,0,2.4535776310485824,2.246108785160998,2.6802099841973881,"mean centered height; standardized over kukuku, pipipi, tatata, kutapi, pitaku, takupi",log outcome; response-scale mean across shared sequences,8123,28,independence,robust sandwich
Figure 1,A,log_speechrate,normal,Habitual,112.38749999999999,0,2.4498816669959473,2.2420984828015076,2.6769208526395447,"mean centered height; standardized over kukuku, pipipi, tatata, kutapi, pitaku, takupi",log outcome; response-scale mean across shared sequences,8123,28,independence,robust sandwich
Figure 1,A,log_speechrate,normal,Habitual,112.61333333333332,0,2.446191270384956,2.238060451605687,2.6736774366458582,"mean centered height; standardized over kukuku, pipipi, tatata, kutapi, pitaku, takupi",log outcome; response-scale mean across shared sequences,8123,28,independence,robust sandwich
Figure 1,A,log_speechrate,normal,Habitual,112.83916666666666,0,2.4425064328290511,2.2339952128467306,2.6704791666984646,"mean centered height; standardized over kukuku, pipipi, tatata, kutapi, pitaku, takupi",log outcome; response-scale mean across shared sequences,8123,28,independence,robust sandwich
Figure 1,A,log_speechrate,normal,Habitual,113.065,0,2.4388271459543138,2.22990329936398,2.6673254618440794,"mean centered height; standardized over kukuku, pipipi, tatata, kutapi, pitaku, takupi",log outcome; response-scale mean across shared sequences,8123,28,independence,robust sandwich
Figure 1,A,log_speechrate,normal,Habitual,113.29083333333332,0,2.4351534013994347,2.225785254551039,2.6642157307055059,"mean centered height; standardized over kukuku, pipipi, tatata, kutapi, pitaku, takupi",log outcome; response-scale mean across shared sequences,8123,28,independence,robust sandwich
Figure 1,A,log_speechrate,normal,Habitual,113.51666666666665,0,2.4314851908157009,2.2216416313451433,2.6611493724919257,"mean centered height; standardized over kukuku, pipipi, tatata, kutapi, pitaku, takupi",log outcome; response-scale mean across shared sequences,8123,28,independence,robust sandwich
Figure 1,A,log_speechrate,normal,Habitual,113.74249999999999,0,2.4278225058669758,2.2174729912220612,2.6581257780036407,"mean centered height; standardized over kukuku, pipipi, tatata, kutapi, pitaku, takupi",log outcome; response-scale mean across shared sequences,8123,28,independence,robust sandwich
Figure 1,A,log_speechrate,normal,Habitual,113.96833333333332,0,2.4241653382296806,2.2132799032005734,2.655144330627246,"mean centered height; standardized over kukuku, pipipi, tatata, kutapi, pitaku, takupi",log outcome; response-scale mean across shared sequences,8123,28,independence,robust sandwich
Figure 1,A,log_speechrate,normal,Habitual,114.19416666666666,0,2.4205136795927724,2.2090629428603408,2.6522044073174005,"mean centered height; standardized over kukuku, pipipi, tatata, kutapi, pitaku, takupi",log outcome; response-scale mean across shared sequences,8123,28,independence,robust sandwich
Figure 1,A,log_speechrate,normal,Habitual,114.41999999999999,0,2.4168675216577316,2.2048226913766813,2.6493053795617172,"mean centered height; standardized over kukuku, pipipi, tatata, kutapi, pitaku, takupi",log outcome; response-scale mean across shared sequences,8123,28,independence,robust sandwich
Figure 1,A,log_speechrate,normal,Habitual,114.64583333333331,0,2.4132268561385364,2.2005597345754966,2.6464466143254728,"mean centered height; standardized over kukuku, pipipi, tatata, kutapi, pitaku, takupi",log outcome; response-scale mean across shared sequences,8123,28,independence,robust sandwich
Figure 1,A,log_speechrate,normal,Habitual,114.87166666666666,0,2.4095916747616455,2.196274662011314,2.6436274749732198,"mean centered height; standardized over kukuku, pipipi, tatata, kutapi, pitaku, takupi",log outcome; response-scale mean across shared sequences,8123,28,independence,robust sandwich
Figure 1,A,log_speechrate,normal,Habitual,115.0975,0,2.4059619692659844,2.1919680660710781,2.6408473221646593,"mean centered height; standardized over kukuku, pipipi, tatata, kutapi, pitaku, takupi",log outcome; response-scale mean across shared sequences,8123,28,independence,robust sandwich
Figure 1,A,log_speechrate,normal,Habitual,115.32333333333332,0,2.4023377314029197,2.1876405411060484,2.6381055147223842,"mean centered height; standardized over kukuku, pipipi, tatata, kutapi, pitaku, takupi",log outcome; response-scale mean across shared sequences,8123,28,independence,robust sandwich
Figure 1,A,log_speechrate,normal,Habitual,115.54916666666665,0,2.3987189529362443,2.1832926825938634,2.6354014104694752,"mean centered height; standardized over kukuku, pipipi, tatata, kutapi, pitaku, takupi",log outcome; response-scale mean across shared sequences,8123,28,independence,robust sandwich
Figure 1,A,log_speechrate,normal,Habitual,115.77499999999999,0,2.3951056256421581,2.1789250863324994,2.632734367035201,"mean centered height; standardized over kukuku, pipipi, tatata, kutapi, pitaku, takupi",log outcome; response-scale mean across shared sequences,8123,28,independence,robust sandwich
Figure 1,A,log_speechrate,normal,Habitual,116.00083333333332,0,2.3914977413092484,2.1745383476676263,2.6301037426273126,"mean centered height; standardized over kukuku, pipipi, tatata, kutapi, pitaku, takupi",log outcome; response-scale mean across shared sequences,8123,28,independence,robust sandwich
Figure 1,A,log_speechrate,normal,Habitual,116.22666666666666,0,2.3878952917384719,2.1701330607545164,2.6275088967697973,"mean centered height; standardized over kukuku, pipipi, tatata, kutapi, pitaku, takupi",log outcome; response-scale mean across shared sequences,8123,28,independence,robust sandwich
Figure 1,A,log_speechrate,normal,Habitual,116.45249999999999,0,2.3842982687431364,2.1657098178554235,2.6249491910051561,"mean centered height; standardized over kukuku, pipipi, tatata, kutapi, pitaku, takupi",log outcome; response-scale mean across shared sequences,8123,28,independence,robust sandwich
Figure 1,A,log_speechrate,normal,Habitual,116.67833333333331,0,2.3807066641488821,2.1612692086731369,2.6224239895605117,"mean centered height; standardized over kukuku, pipipi, tatata, kutapi, pitaku, takupi",log outcome; response-scale mean across shared sequences,8123,28,independence,robust sandwich
Figure 1,A,log_speechrate,normal,Habitual,116.90416666666665,0,2.3771204697936601,2.1568118197210708,2.6199326599771728,"mean centered height; standardized over kukuku, pipipi, tatata, kutapi, pitaku, takupi",log outcome; response-scale mean across shared sequences,8123,28,independence,robust sandwich
Figure 1,A,log_speechrate,normal,Habitual,117.13,0,2.3735396775277207,2.1523382337301422,2.6174745737034293,"mean centered height; standardized over kukuku, pipipi, tatata, kutapi, pitaku, takupi",log outcome; response-scale mean across shared sequences,8123,28,independence,robust sandwich
Figure 1,A,log_speechrate,normal,Habitual,117.35583333333332,0,2.3699642792135878,2.1478490290923911,2.6150491066505843,"mean centered height; standardized over kukuku, pipipi, tatata, kutapi, pitaku, takupi",log outcome; response-scale mean across shared sequences,8123,28,independence,robust sandwich
Figure 1,A,log_speechrate,normal,Habitual,117.58166666666665,0,2.3663942667260436,2.1433447793411529,2.6126556397124454,"mean centered height; standardized over kukuku, pipipi, tatata, kutapi, pitaku, takupi",log outcome; response-scale mean across shared sequences,8123,28,independence,robust sandwich
Figure 1,A,log_speechrate,normal,Habitual,117.80749999999999,0,2.3628296319521094,2.1388260526674134,2.6102935592486398,"mean centered height; standardized over kukuku, pipipi, tatata, kutapi, pitaku, takupi",log outcome; response-scale mean across shared sequences,8123,28,independence,robust sandwich
Figure 1,A,log_speechrate,normal,Habitual,118.03333333333332,0,2.3592703667910291,2.1342934114717922,2.6079622575322943,"mean centered height; standardized over kukuku, pipipi, tatata, kutapi, pitaku, takupi",log outcome; response-scale mean across shared sequences,8123,28,independence,robust sandwich
Figure 1,A,log_speechrate,normal,Habitual,118.25916666666666,0,2.3557164631542484,2.1297474119515014,2.6056611331627395,"mean centered height; standardized over kukuku, pipipi, tatata, kutapi, pitaku, takupi",log outcome; response-scale mean across shared sequences,8123,28,independence,robust sandwich
Figure 1,A,log_speechrate,normal,Habitual,118.48499999999999,0,2.3521679129653972,2.1251886037214582,2.6033895914440661,"mean centered height; standardized over kukuku, pipipi, tatata, kutapi, pitaku, takupi",log outcome; response-scale mean across shared sequences,8123,28,independence,robust sandwich
Figure 1,A,log_speechrate,normal,Habitual,118.71083333333333,0,2.3486247081602705,2.1206175294686522,2.601147044730423,"mean centered height; standardized over kukuku, pipipi, tatata, kutapi, pitaku, takupi",log outcome; response-scale mean across shared sequences,8123,28,independence,robust sandwich
Figure 1,A,log_speechrate,normal,Habitual,118.93666666666665,0,2.3450868406868124,2.1160347246387836,2.5989329127390532,"mean centered height; standardized over kukuku, pipipi, tatata, kutapi, pitaku, takupi",log outcome; response-scale mean across shared sequences,8123,28,independence,robust sandwich
Figure 1,A,log_speechrate,normal,Habitual,119.16249999999999,0,2.3415543025050947,2.1114407171540588,2.5967466228321618,"mean centered height; standardized over kukuku, pipipi, tatata, kutapi, pitaku, takupi",log outcome; response-scale mean across shared sequences,8123,28,independence,robust sandwich
Figure 1,A,log_speechrate,normal,Habitual,119.38833333333332,0,2.3380270855873024,2.1068360271610391,2.5945876102687442,"mean centered height; standardized over kukuku, pipipi, tatata, kutapi, pitaku, takupi",log outcome; response-scale mean across shared sequences,8123,28,independence,robust sandwich
Figure 1,A,log_speechrate,normal,Habitual,119.61416666666665,0,2.3345051819177107,2.1022211668073161,2.5924553184275725,"mean centered height; standardized over kukuku, pipipi, tatata, kutapi, pitaku, takupi",log outcome; response-scale mean across shared sequences,8123,28,independence,robust sandwich
Figure 1,A,log_speechrate,normal,Habitual,119.83999999999999,0,2.3309885834926702,2.0975966400458121,2.5903491990025764,"mean centered height; standardized over kukuku, pipipi, tatata, kutapi, pitaku, takupi",log outcome; response-scale mean across shared sequences,8123,28,independence,robust sandwich
Figure 1,A,log_speechrate,normal,Habitual,120.06583333333332,0,2.3274772823205896,2.0929629424654288,2.588268712171867,"mean centered height; standardized over kukuku, pipipi, tatata, kutapi, pitaku, takupi",log outcome; response-scale mean across shared sequences,8123,28,independence,robust sandwich
Figure 1,A,log_speechrate,normal,Habitual,120.29166666666666,0,2.3239712704219131,2.088320561146765,2.586213326741686,"mean centered height; standardized over kukuku, pipipi, tatata, kutapi, pitaku, takupi",log outcome; response-scale mean across shared sequences,8123,28,independence,robust sandwich
Figure 1,A,log_speechrate,normal,Habitual,120.51749999999998,0,2.320470539829107,2.0836699745416412,2.5841825202665647,"mean centered height; standardized over kukuku, pipipi, tatata, kutapi, pitaku, takupi",log outcome; response-scale mean across shared sequences,8123,28,independence,robust sandwich
Figure 1,A,log_speechrate,normal,Habitual,120.74333333333333,0,2.3169750825866386,2.0790116523751236,2.5821757791469682,"mean centered height; standardized over kukuku, pipipi, tatata, kutapi, pitaku, takupi",log outcome; response-scale mean across shared sequences,8123,28,independence,robust sandwich
Figure 1,A,log_speechrate,normal,Habitual,120.96916666666665,0,2.3134848907509586,2.0743460555687863,2.5801925987057146,"mean centered height; standardized over kukuku, pipipi, tatata, kutapi, pitaku, takupi",log outcome; response-scale mean across shared sequences,8123,28,independence,robust sandwich
Figure 1,A,log_speechrate,normal,Habitual,121.19499999999999,0,2.3099999563904849,2.0696736361839525,2.5782324832444115,"mean centered height; standardized over kukuku, pipipi, tatata, kutapi, pitaku, takupi",log outcome; response-scale mean across shared sequences,8123,28,independence,robust sandwich
Figure 1,A,log_speechrate,normal,Habitual,121.42083333333332,0,2.3065202715855828,2.0649948373836695,2.5762949460811582,"mean centered height; standardized over kukuku, pipipi, tatata, kutapi, pitaku, takupi",log outcome; response-scale mean across shared sequences,8123,28,independence,robust sandwich
Figure 1,A,log_speechrate,normal,Habitual,121.64666666666665,0,2.3030458284285462,2.0603100934122041,2.5743795095707265,"mean centered height; standardized over kukuku, pipipi, tatata, kutapi, pitaku, takupi",log outcome; response-scale mean across shared sequences,8123,28,independence,robust sandwich
Figure 1,A,log_speechrate,normal,Habitual,121.87249999999999,0,2.2995766190235818,2.0556198295908845,2.5724857051084058,"mean centered height; standardized over kukuku, pipipi, tatata, kutapi, pitaku, takupi",log outcome; response-scale mean across shared sequences,8123,28,independence,robust sandwich
Figure 1,A,log_speechrate,normal,Habitual,122.09833333333333,0,2.2961126354867902,2.0509244623291241,2.5706130731186545,"mean centered height; standardized over kukuku, pipipi, tatata, kutapi, pitaku, takupi",log outcome; response-scale mean across shared sequences,8123,28,independence,robust sandwich
Figure 1,A,log_speechrate,normal,Habitual,122.32416666666666,0,2.2926538699461485,2.0462243991495348,2.5687611630296718,"mean centered height; standardized over kukuku, pipipi, tatata, kutapi, pitaku, takupi",log outcome; response-scale mean across shared sequences,8123,28,independence,robust sandwich
Figure 1,A,log_speechrate,normal,Habitual,122.54999999999998,0,2.2892003145414903,2.0415200387260293,2.5669295332349771,"mean centered height; standardized over kukuku, pipipi, tatata, kutapi, pitaku, takupi",log outcome; response-scale mean across shared sequences,8123,28,independence,robust sandwich
Figure 1,A,log_speechrate,normal,Habitual,122.77583333333332,0,2.2857519614244901,2.0368117709339089,2.5651177510430023,"mean centered height; standardized over kukuku, pipipi, tatata, kutapi, pitaku, takupi",log outcome; response-scale mean across shared sequences,8123,28,independence,robust sandwich
Figure 1,A,log_speechrate,normal,Habitual,123.00166666666665,0,2.2823088027586471,2.032099976910926,2.5633253926157269,"mean centered height; standardized over kukuku, pipipi, tatata, kutapi, pitaku, takupi",log outcome; response-scale mean across shared sequences,8123,28,independence,robust sandwich
Figure 1,A,log_speechrate,normal,Habitual,123.22749999999999,0,2.2788708307192604,2.0273850291283773,2.5615520428972478,"mean centered height; standardized over kukuku, pipipi, tatata, kutapi, pitaku, takupi",log outcome; response-scale mean across shared sequences,8123,28,independence,robust sandwich
Figure 1,A,log_speechrate,normal,Habitual,123.45333333333332,0,2.2754380374934198,2.0226672914713415,2.5597972955332509,"mean centered height; standardized over kukuku, pipipi, tatata, kutapi, pitaku, takupi",log outcome; response-scale mean across shared sequences,8123,28,independence,robust sandwich
Figure 1,A,log_speechrate,normal,Habitual,123.67916666666665,0,2.2720104152799827,2.0179471193271739,2.5580607527821888,"mean centered height; standardized over kukuku, pipipi, tatata, kutapi, pitaku, takupi",log outcome; response-scale mean across shared sequences,8123,28,independence,robust sandwich
Figure 1,A,log_speechrate,normal,Habitual,123.90499999999999,0,2.2685879562895575,2.0132248596814724,2.5563420254190072,"mean centered height; standardized over kukuku, pipipi, tatata, kutapi, pitaku, takupi",log outcome; response-scale mean across shared sequences,8123,28,independence,robust sandwich
Figure 1,A,log_speechrate,normal,Habitual,124.13083333333333,0,2.2651706527444868,2.0085008512207252,2.5546407326321869,"mean centered height; standardized over kukuku, pipipi, tatata, kutapi, pitaku, takupi",log outcome; response-scale mean across shared sequences,8123,28,independence,robust sandwich
Figure 1,A,log_speechrate,normal,Habitual,124.35666666666665,0,2.2617584968788296,2.0037754244409149,2.5529565019148306,"mean centered height; standardized over kukuku, pipipi, tatata, kutapi, pitaku, takupi",log outcome; response-scale mean across shared sequences,8123,28,independence,robust sandwich
Figure 1,A,log_speechrate,normal,Habitual,124.58249999999998,0,2.2583514809383423,1.9990489017614006,2.5512889689504652,"mean centered height; standardized over kukuku, pipipi, tatata, kutapi, pitaku, takupi",log outcome; response-scale mean across shared sequences,8123,28,independence,robust sandwich
Figure 1,A,log_speechrate,normal,Habitual,124.80833333333332,0,2.254949597180461,1.9943215976434225,2.5496377774942327,"mean centered height; standardized over kukuku, pipipi, tatata, kutapi, pitaku, takupi",log outcome; response-scale mean across shared sequences,8123,28,independence,robust sandwich
Figure 1,A,log_speechrate,normal,Habitual,125.03416666666665,0,2.2515528378742879,1.989593818712639,2.5480025792500496,"mean centered height; standardized over kukuku, pipipi, tatata, kutapi, pitaku, takupi",log outcome; response-scale mean across shared sequences,8123,28,independence,robust sandwich
Figure 1,A,log_speechrate,normal,Habitual,125.25999999999999,0,2.2481611953005669,1.984865863885108,2.5463830337443065,"mean centered height; standardized over kukuku, pipipi, tatata, kutapi, pitaku, takupi",log outcome; response-scale mean across shared sequences,8123,28,independence,robust sandwich
Figure 1,A,log_speechrate,normal,Habitual,125.48583333333332,0,2.2447746617516739,1.9801380244962137,2.5447788081966496,"mean centered height; standardized over kukuku, pipipi, tatata, kutapi, pitaku, takupi",log outcome; response-scale mean across shared sequences,8123,28,independence,robust sandwich
Figure 1,A,log_speechrate,normal,Habitual,125.71166666666664,0,2.2413932295315915,1.9754105844320138,2.5431895773883149,"mean centered height; standardized over kukuku, pipipi, tatata, kutapi, pitaku, takupi",log outcome; response-scale mean across shared sequences,8123,28,independence,robust sandwich
Figure 1,A,log_speechrate,normal,Habitual,125.93749999999999,0,2.2380168909558975,1.9706838202625834,2.5416150235284909,"mean centered height; standardized over kukuku, pipipi, tatata, kutapi, pitaku, takupi",log outcome; response-scale mean across shared sequences,8123,28,independence,robust sandwich
Figure 1,A,log_speechrate,normal,Habitual,126.16333333333333,0,2.2346456383517448,1.9659580013768996,2.5400548361191215,"mean centered height; standardized over kukuku, pipipi, tatata, kutapi, pitaku, takupi",log outcome; response-scale mean across shared sequences,8123,28,independence,robust sandwich
Figure 1,A,log_speechrate,normal,Habitual,126.38916666666665,0,2.2312794640578435,1.9612333901189012,2.5385087118185488,"mean centered height; standardized over kukuku, pipipi, tatata, kutapi, pitaku, takupi",log outcome; response-scale mean across shared sequences,8123,28,independence,robust sandwich
Figure 1,A,log_speechrate,normal,Habitual,126.61499999999998,0,2.2279183604244461,1.9565102419243405,2.5369763543043589,"mean centered height; standardized over kukuku, pipipi, tatata, kutapi, pitaku, takupi",log outcome; response-scale mean across shared sequences,8123,28,independence,robust sandwich
Figure 1,A,log_speechrate,normal,Habitual,126.84083333333332,0,2.2245623198133253,1.9517888054581067,2.5354574741357498,"mean centered height; standardized over kukuku, pipipi, tatata, kutapi, pitaku, takupi",log outcome; response-scale mean across shared sequences,8123,28,independence,robust sandwich
Figure 1,A,log_speechrate,normal,Habitual,127.06666666666666,0,2.2212113345977631,1.9470693227517144,2.5339517886157563,"mean centered height; standardized over kukuku, pipipi, tatata, kutapi, pitaku, takupi",log outcome; response-scale mean across shared sequences,8123,28,independence,robust sandwich
Figure 1,A,log_speechrate,normal,Habitual,127.29249999999999,0,2.2178653971625293,1.9423520293406635,2.5324590216535805,"mean centered height; standardized over kukuku, pipipi, tatata, kutapi, pitaku, takupi",log outcome; response-scale mean across shared sequences,8123,28,independence,robust sandwich
Figure 1,A,log_speechrate,normal,Habitual,127.51833333333332,0,2.2145244999038618,1.9376371544014281,2.5309789036273007,"mean centered height; standardized over kukuku, pipipi, tatata, kutapi, pitaku, takupi",log outcome; response-scale mean across shared sequences,8123,28,independence,robust sandwich
Figure 1,A,log_speechrate,normal,Habitual,127.74416666666664,0,2.2111886352294579,1.9329249208878414,2.5295111712472034,"mean centered height; standardized over kukuku, pipipi, tatata, kutapi, pitaku, takupi",log outcome; response-scale mean across shared sequences,8123,28,independence,robust sandwich
Figure 1,A,log_speechrate,normal,Habitual,127.96999999999998,0,2.2078577955584455,1.9282155456666477,2.5280555674199152,"mean centered height; standardized over kukuku, pipipi, tatata, kutapi, pitaku, takupi",log outcome; response-scale mean across shared sequences,8123,28,independence,robust sandwich
Figure 1,A,log_speechrate,normal,Habitual,128.19583333333333,0,2.2045319733213771,1.9235092396520581,2.5266118411135676,"mean centered height; standardized over kukuku, pipipi, tatata, kutapi, pitaku, takupi",log outcome; response-scale mean across shared sequences,8123,28,independence,robust sandwich
Figure 1,A,log_speechrate,normal,Habitual,128.42166666666665,0,2.2012111609602054,1.9188062079391077,2.5251797472241342,"mean centered height; standardized over kukuku, pipipi, tatata, kutapi, pitaku, takupi",log outcome; response-scale mean across shared sequences,8123,28,independence,robust sandwich
Figure 1,A,log_speechrate,normal,Habitual,128.64749999999998,0,2.1978953509282682,1.9141066499356794,2.5237590464431148,"mean centered height; standardized over kukuku, pipipi, tatata, kutapi, pitaku, takupi",log outcome; response-scale mean across shared sequences,8123,28,independence,robust sandwich
Figure 1,A,log_speechrate,normal,Habitual,128.87333333333333,0,2.1945845356902698,1.9094107594930498,2.5223495051266931,"mean centered height; standardized over kukuku, pipipi, tatata, kutapi, pitaku, takupi",log outcome; response-scale mean across shared sequences,8123,28,independence,robust sandwich
Figure 1,A,log_speechrate,normal,Habitual,129.09916666666666,0,2.1912787077222693,1.9047187250348425,2.5209508951664992,"mean centered height; standardized over kukuku, pipipi, tatata, kutapi, pitaku, takupi",log outcome; response-scale mean across shared sequences,8123,28,independence,robust sandwich
Figure 1,A,log_speechrate,normal,Habitual,129.32499999999999,0,2.187977859511657,1.9000307296842536,2.5195629938620812,"mean centered height; standardized over kukuku, pipipi, tatata, kutapi, pitaku, takupi",log outcome; response-scale mean across shared sequences,8123,28,independence,robust sandwich
Figure 1,A,log_speechrate,normal,Habitual,129.55083333333332,0,2.1846819835571383,1.8953469513894947,2.5181855837951708,"mean centered height; standardized over kukuku, pipipi, tatata, kutapi, pitaku, takupi",log outcome; response-scale mean across shared sequences,8123,28,independence,robust sandwich
Figure 1,A,log_speechrate,normal,Habitual,129.77666666666664,0,2.1813910723687218,1.8906675630473406,2.5168184527058575,"mean centered height; standardized over kukuku, pipipi, tatata, kutapi, pitaku, takupi",log outcome; response-scale mean across shared sequences,8123,28,independence,robust sandwich
Figure 1,A,log_speechrate,normal,Habitual,130.0025,0,2.1781051184676952,1.885992732624719,2.5154613933706904,"mean centered height; standardized over kukuku, pipipi, tatata, kutapi, pitaku, takupi",log outcome; response-scale mean across shared sequences,8123,28,independence,robust sandwich
Figure 1,A,log_speechrate,normal,Habitual,130.22833333333332,0,2.1748241143866154,1.8813226232782929,2.5141142034828259,"mean centered height; standardized over kukuku, pipipi, tatata, kutapi, pitaku, takupi",log outcome; response-scale mean across shared sequences,8123,28,independence,robust sandwich
Figure 1,A,log_speechrate,normal,Habitual,130.45416666666665,0,2.171548052669285,1.8766573934719597,2.5127766855342224,"mean centered height; standardized over kukuku, pipipi, tatata, kutapi, pitaku, takupi",log outcome; response-scale mean across shared sequences,8123,28,independence,robust sandwich
Figure 1,A,log_speechrate,normal,Habitual,130.67999999999998,0,2.1682769258707388,1.8719971970922566,2.5114486466999577,"mean centered height; standardized over kukuku, pipipi, tatata, kutapi, pitaku, takupi",log outcome; response-scale mean across shared sequences,8123,28,independence,robust sandwich
Figure 1,A,log_speechrate,normal,Habitual,130.90583333333331,0,2.1650107265572274,1.8673421835616182,2.5101298987246832,"mean centered height; standardized over kukuku, pipipi, tatata, kutapi, pitaku, takupi",log outcome; response-scale mean across shared sequences,8123,28,independence,robust sandwich
Figure 1,A,log_speechrate,normal,Habitual,131.13166666666666,0,2.1617494473061991,1.8626924979494666,2.5088202578112475,"mean centered height; standardized over kukuku, pipipi, tatata, kutapi, pitaku, takupi",log outcome; response-scale mean across shared sequences,8123,28,independence,robust sandwich
Figure 1,A,log_speechrate,normal,Habitual,131.35749999999999,0,2.1584930807062834,1.8580482810811123,2.507519544511509,"mean centered height; standardized over kukuku, pipipi, tatata, kutapi, pitaku, takupi",log outcome; response-scale mean across shared sequences,8123,28,independence,robust sandwich
Figure 1,A,log_speechrate,normal,Habitual,131.58333333333331,0,2.1552416193572719,1.8534096696444615,2.5062275836193386,"mean centered height; standardized over kukuku, pipipi, tatata, kutapi, pitaku, takupi",log outcome; response-scale mean across shared sequences,8123,28,independence,robust sandwich
Figure 1,A,log_speechrate,normal,Habitual,131.80916666666664,0,2.1519950558701071,1.8487767962945192,2.5049442040658496,"mean centered height; standardized over kukuku, pipipi, tatata, kutapi, pitaku, takupi",log outcome; response-scale mean across shared sequences,8123,28,independence,robust sandwich
Figure 1,A,log_speechrate,normal,Habitual,132.03499999999997,0,2.1487533828668584,1.8441497897556807,2.5036692388168,"mean centered height; standardized over kukuku, pipipi, tatata, kutapi, pitaku, takupi",log outcome; response-scale mean across shared sequences,8123,28,independence,robust sandwich
Figure 1,A,log_speechrate,normal,Habitual,132.26083333333332,0,2.1455165929807114,1.8395287749218265,2.5024025247722372,"mean centered height; standardized over kukuku, pipipi, tatata, kutapi, pitaku, takupi",log outcome; response-scale mean across shared sequences,8123,28,independence,robust sandwich
Figure 1,A,log_speechrate,normal,Habitual,132.48666666666665,0,2.142284678855948,1.8349138729542231,2.5011439026683009,"mean centered height; standardized over kukuku, pipipi, tatata, kutapi, pitaku, takupi",log outcome; response-scale mean across shared sequences,8123,28,independence,robust sandwich
Figure 1,A,log_speechrate,normal,Habitual,132.71249999999998,0,2.1390576331479303,1.8303052013772354,2.4998932169812358,"mean centered height; standardized over kukuku, pipipi, tatata, kutapi, pitaku, takupi",log outcome; response-scale mean across shared sequences,8123,28,independence,robust sandwich
Figure 1,A,log_speechrate,normal,Habitual,132.93833333333333,0,2.1358354485230846,1.8257028741718804,2.4986503158335593,"mean centered height; standardized over kukuku, pipipi, tatata, kutapi, pitaku, takupi",log outcome; response-scale mean across shared sequences,8123,28,independence,robust sandwich
Figure 1,A,log_speechrate,normal,Habitual,133.16416666666666,0,2.1326181176588839,1.82110700186723,2.4974150509023758,"mean centered height; standardized over kukuku, pipipi, tatata, kutapi, pitaku, takupi",log outcome; response-scale mean across shared sequences,8123,28,independence,robust sandwich
Figure 1,A,log_speechrate,normal,Habitual,133.38999999999999,0,2.1294056332438309,1.8165176916296801,2.4961872773298306,"mean centered height; standardized over kukuku, pipipi, tatata, kutapi, pitaku, takupi",log outcome; response-scale mean across shared sequences,8123,28,independence,robust sandwich
Figure 1,A,log_speechrate,fast,Maximally fast,92.739999999999995,0,4.2406441910047379,3.7683247765529324,4.7721638184148762,"mean centered height; standardized over kukuku, pipipi, tatata, kutapi, pitaku, takupi",log outcome; response-scale mean across shared sequences,8123,28,independence,robust sandwich
Figure 1,A,log_speechrate,fast,Maximally fast,92.965833333333322,0,4.2342562665748629,3.7657766351991415,4.7610168812044735,"mean centered height; standardized over kukuku, pipipi, tatata, kutapi, pitaku, takupi",log outcome; response-scale mean across shared sequences,8123,28,independence,robust sandwich
Figure 1,A,log_speechrate,fast,Maximally fast,93.191666666666663,0,4.2278779646402223,3.7632052133126397,4.7499275406656745,"mean centered height; standardized over kukuku, pipipi, tatata, kutapi, pitaku, takupi",log outcome; response-scale mean across shared sequences,8123,28,independence,robust sandwich
Figure 1,A,log_speechrate,fast,Maximally fast,93.41749999999999,0,4.2215092707059041,3.7606100264210682,4.7388961890356072,"mean centered height; standardized over kukuku, pipipi, tatata, kutapi, pitaku, takupi",log outcome; response-scale mean across shared sequences,8123,28,independence,robust sandwich
Figure 1,A,log_speechrate,fast,Maximally fast,93.643333333333331,0,4.2151501702988261,3.757990581212288,4.7279232276411447,"mean centered height; standardized over kukuku, pipipi, tatata, kutapi, pitaku, takupi",log outcome; response-scale mean across shared sequences,8123,28,independence,robust sandwich
Figure 1,A,log_speechrate,fast,Maximally fast,93.869166666666658,0,4.2088006489677143,3.7553463755467953,4.717009066885824,"mean centered height; standardized over kukuku, pipipi, tatata, kutapi, pitaku, takupi",log outcome; response-scale mean across shared sequences,8123,28,independence,robust sandwich
Figure 1,A,log_speechrate,fast,Maximally fast,94.094999999999999,0,4.202460692283057,3.7526768984865804,4.7061541262202926,"mean centered height; standardized over kukuku, pipipi, tatata, kutapi, pitaku, takupi",log outcome; response-scale mean across shared sequences,8123,28,independence,robust sandwich
Figure 1,A,log_speechrate,fast,Maximally fast,94.320833333333326,0,4.1961302858370813,3.7499816303417486,4.6953588340950221,"mean centered height; standardized over kukuku, pipipi, tatata, kutapi, pitaku, takupi",log outcome; response-scale mean across shared sequences,8123,28,independence,robust sandwich
Figure 1,A,log_speechrate,fast,Maximally fast,94.546666666666667,0,4.189809415243718,3.7472600427361615,4.684623627894001,"mean centered height; standardized over kukuku, pipipi, tatata, kutapi, pitaku, takupi",log outcome; response-scale mean across shared sequences,8123,28,independence,robust sandwich
Figure 1,A,log_speechrate,fast,Maximally fast,94.772499999999994,0,4.1834980661385677,3.74451159869349,4.6739489538479981,"mean centered height; standardized over kukuku, pipipi, tatata, kutapi, pitaku, takupi",log outcome; response-scale mean across shared sequences,8123,28,independence,robust sandwich
Figure 1,A,log_speechrate,fast,Maximally fast,94.998333333333335,0,4.1771962241788714,3.7417357527451043,4.6633352669260191,"mean centered height; standardized over kukuku, pipipi, tatata, kutapi, pitaku, takupi",log outcome; response-scale mean across shared sequences,8123,28,independence,robust sandwich
Figure 1,A,log_speechrate,fast,Maximally fast,95.224166666666662,0,4.1709038750434688,3.7389319510611929,4.6527830307034934,"mean centered height; standardized over kukuku, pipipi, tatata, kutapi, pitaku, takupi",log outcome; response-scale mean across shared sequences,8123,28,independence,robust sandwich
Figure 1,A,log_speechrate,fast,Maximally fast,95.449999999999989,0,4.1646210044327816,3.7360996316066859,4.6422927172057253,"mean centered height; standardized over kukuku, pipipi, tatata, kutapi, pitaku, takupi",log outcome; response-scale mean across shared sequences,8123,28,independence,robust sandwich
Figure 1,A,log_speechrate,fast,Maximally fast,95.67583333333333,0,4.1583475980687616,3.7332382243234061,4.6318648067250328,"mean centered height; standardized over kukuku, pipipi, tatata, kutapi, pitaku, takupi",log outcome; response-scale mean across shared sequences,8123,28,independence,robust sandwich
Figure 1,A,log_speechrate,fast,Maximally fast,95.901666666666657,0,4.1520836416948788,3.7303471513400721,4.6214997876101327,"mean centered height; standardized over kukuku, pipipi, tatata, kutapi, pitaku, takupi",log outcome; response-scale mean across shared sequences,8123,28,independence,robust sandwich
Figure 1,A,log_speechrate,fast,Maximally fast,96.127499999999998,0,4.1458291210760709,3.7274258272116803,4.6111981560260533,"mean centered height; standardized over kukuku, pipipi, tatata, kutapi, pitaku, takupi",log outcome; response-scale mean across shared sequences,8123,28,independence,robust sandwich
Figure 1,A,log_speechrate,fast,Maximally fast,96.353333333333325,0,4.1395840219987212,3.724473659189854,4.6009604156831543,"mean centered height; standardized over kukuku, pipipi, tatata, kutapi, pitaku, takupi",log outcome; response-scale mean across shared sequences,8123,28,independence,robust sandwich
Figure 1,A,log_speechrate,fast,Maximally fast,96.579166666666666,0,4.1333483302706258,3.721490047525756,4.5907870775335535,"mean centered height; standardized over kukuku, pipipi, tatata, kutapi, pitaku, takupi",log outcome; response-scale mean across shared sequences,8123,28,independence,robust sandwich
Figure 1,A,log_speechrate,fast,Maximally fast,96.804999999999993,0,4.1271220317209556,3.7184743858071223,4.5806786594334277,"mean centered height; standardized over kukuku, pipipi, tatata, kutapi, pitaku, takupi",log outcome; response-scale mean across shared sequences,8123,28,independence,robust sandwich
Figure 1,A,log_speechrate,fast,Maximally fast,97.030833333333334,0,4.12090511220023,3.7154260613309975,4.5706356857696386,"mean centered height; standardized over kukuku, pipipi, tatata, kutapi, pitaku, takupi",log outcome; response-scale mean across shared sequences,8123,28,independence,robust sandwich
Figure 1,A,log_speechrate,fast,Maximally fast,97.256666666666661,0,4.1146975575802847,3.7123444555137035,4.5606586870491075,"mean centered height; standardized over kukuku, pipipi, tatata, kutapi, pitaku, takupi",log outcome; response-scale mean across shared sequences,8123,28,independence,robust sandwich
Figure 1,A,log_speechrate,fast,Maximally fast,97.482499999999987,0,4.1084993537542305,3.7092289443395048,4.5507481994494885,"mean centered height; standardized over kukuku, pipipi, tatata, kutapi, pitaku, takupi",log outcome; response-scale mean across shared sequences,8123,28,independence,robust sandwich
Figure 1,A,log_speechrate,fast,Maximally fast,97.708333333333329,0,4.102310486636437,3.7060788988494657,4.5409047643296931,"mean centered height; standardized over kukuku, pipipi, tatata, kutapi, pitaku, takupi",log outcome; response-scale mean across shared sequences,8123,28,independence,robust sandwich
Figure 1,A,log_speechrate,fast,Maximally fast,97.934166666666655,0,4.0961309421624863,3.7028936856717816,4.5311289276988811,"mean centered height; standardized over kukuku, pipipi, tatata, kutapi, pitaku, takupi",log outcome; response-scale mean across shared sequences,8123,28,independence,robust sandwich
Figure 1,A,log_speechrate,fast,Maximally fast,98.159999999999997,0,4.0899607062891468,3.6996726675949212,4.5214212396426925,"mean centered height; standardized over kukuku, pipipi, tatata, kutapi, pitaku, takupi",log outcome; response-scale mean across shared sequences,8123,28,independence,robust sandwich
Figure 1,A,log_speechrate,fast,Maximally fast,98.385833333333323,0,4.0837997649943416,3.6964152041847216,4.5117822537055048,"mean centered height; standardized over kukuku, pipipi, tatata, kutapi, pitaku, takupi",log outcome; response-scale mean across shared sequences,8123,28,independence,robust sandwich
Figure 1,A,log_speechrate,fast,Maximally fast,98.611666666666665,0,4.0776481042771175,3.6931206524464573,4.5022125262277308,"mean centered height; standardized over kukuku, pipipi, tatata, kutapi, pitaku, takupi",log outcome; response-scale mean across shared sequences,8123,28,independence,robust sandwich
Figure 1,A,log_speechrate,fast,Maximally fast,98.837499999999991,0,4.071505710157612,3.6897883675328025,4.4927126156372079,"mean centered height; standardized over kukuku, pipipi, tatata, kutapi, pitaku, takupi",log outcome; response-scale mean across shared sequences,8123,28,independence,robust sandwich
Figure 1,A,log_speechrate,fast,Maximally fast,99.063333333333333,0,4.0653725686770175,3.6864177034983756,4.4832830816940152,"mean centered height; standardized over kukuku, pipipi, tatata, kutapi, pitaku, takupi",log outcome; response-scale mean across shared sequences,8123,28,independence,robust sandwich
Figure 1,A,log_speechrate,fast,Maximally fast,99.289166666666659,0,4.0592486658975568,3.6830080141014232,4.4739244846881663,"mean centered height; standardized over kukuku, pipipi, tatata, kutapi, pitaku, takupi",log outcome; response-scale mean across shared sequences,8123,28,independence,robust sandwich
Figure 1,A,log_speechrate,fast,Maximally fast,99.514999999999986,0,4.0531339879024477,3.679558653652943,4.4646373845898424,"mean centered height; standardized over kukuku, pipipi, tatata, kutapi, pitaku, takupi",log outcome; response-scale mean across shared sequences,8123,28,independence,robust sandwich
Figure 1,A,log_speechrate,fast,Maximally fast,99.740833333333327,0,4.0470285207958705,3.6760689779133169,4.4554223401521336,"mean centered height; standardized over kukuku, pipipi, tatata, kutapi, pitaku, takupi",log outcome; response-scale mean across shared sequences,8123,28,independence,robust sandwich
Figure 1,A,log_speechrate,fast,Maximally fast,99.966666666666654,0,4.0409322507029373,3.6725383450362914,4.446279907966419,"mean centered height; standardized over kukuku, pipipi, tatata, kutapi, pitaku, takupi",log outcome; response-scale mean across shared sequences,8123,28,independence,robust sandwich
Figure 1,A,log_speechrate,fast,Maximally fast,100.1925,0,4.0348451637696607,3.6689661165598269,4.4372106414708981,"mean centered height; standardized over kukuku, pipipi, tatata, kutapi, pitaku, takupi",log outcome; response-scale mean across shared sequences,8123,28,independence,robust sandwich
Figure 1,A,log_speechrate,fast,Maximally fast,100.41833333333332,0,4.0287672461629267,3.6653516584430372,4.4282150899130306,"mean centered height; standardized over kukuku, pipipi, tatata, kutapi, pitaku, takupi",log outcome; response-scale mean across shared sequences,8123,28,independence,robust sandwich
Figure 1,A,log_speechrate,fast,Maximally fast,100.64416666666666,0,4.0226984840704505,3.6616943421481332,4.4192937972669419,"mean centered height; standardized over kukuku, pipipi, tatata, kutapi, pitaku, takupi",log outcome; response-scale mean across shared sequences,8123,28,independence,robust sandwich
Figure 1,A,log_speechrate,fast,Maximally fast,100.86999999999999,0,4.016638863700762,3.6579935457659145,4.4104473011073404,"mean centered height; standardized over kukuku, pipipi, tatata, kutapi, pitaku, takupi",log outcome; response-scale mean across shared sequences,8123,28,independence,robust sandwich
Figure 1,A,log_speechrate,fast,Maximally fast,101.09583333333333,0,4.01058837128316,3.6542486551829838,4.4016761314416559,"mean centered height; standardized over kukuku, pipipi, tatata, kutapi, pitaku, takupi",log outcome; response-scale mean across shared sequences,8123,28,independence,robust sandwich
Figure 1,A,log_speechrate,fast,Maximally fast,101.32166666666666,0,4.0045469930676907,3.6504590652885001,4.3929808095026832,"mean centered height; standardized over kukuku, pipipi, tatata, kutapi, pitaku, takupi",log outcome; response-scale mean across shared sequences,8123,28,independence,robust sandwich
Figure 1,A,log_speechrate,fast,Maximally fast,101.54749999999999,0,3.9985147153251108,3.6466241812178382,4.3843618465042944,"mean centered height; standardized over kukuku, pipipi, tatata, kutapi, pitaku, takupi",log outcome; response-scale mean across shared sequences,8123,28,independence,robust sandwich
Figure 1,A,log_speechrate,fast,Maximally fast,101.77333333333333,0,3.9924915243468582,3.6427434196301771,4.3758197423632375,"mean centered height; standardized over kukuku, pipipi, tatata, kutapi, pitaku, takupi",log outcome; response-scale mean across shared sequences,8123,28,independence,robust sandwich
Figure 1,A,log_speechrate,fast,Maximally fast,101.99916666666665,0,3.986477406445021,3.638816210016548,4.3673549843904738,"mean centered height; standardized over kukuku, pipipi, tatata, kutapi, pitaku, takupi",log outcome; response-scale mean across shared sequences,8123,28,independence,robust sandwich
Figure 1,A,log_speechrate,fast,Maximally fast,102.22499999999999,0,3.9804723479523059,3.6348419960345169,4.3589680459558782,"mean centered height; standardized over kukuku, pipipi, tatata, kutapi, pitaku, takupi",log outcome; response-scale mean across shared sequences,8123,28,independence,robust sandwich
Figure 1,A,log_speechrate,fast,Maximally fast,102.45083333333332,0,3.974476335222008,3.6308202368651927,4.3506593851306281,"mean centered height; standardized over kukuku, pipipi, tatata, kutapi, pitaku, takupi",log outcome; response-scale mean across shared sequences,8123,28,independence,robust sandwich
Figure 1,A,log_speechrate,fast,Maximally fast,102.67666666666666,0,3.9684893546279789,3.6267504085878763,4.3424294433119375,"mean centered height; standardized over kukuku, pipipi, tatata, kutapi, pitaku, takupi",log outcome; response-scale mean across shared sequences,8123,28,independence,robust sandwich
Figure 1,A,log_speechrate,fast,Maximally fast,102.90249999999999,0,3.9625113925645983,3.6226320055672501,4.334278643835261,"mean centered height; standardized over kukuku, pipipi, tatata, kutapi, pitaku, takupi",log outcome; response-scale mean across shared sequences,8123,28,independence,robust sandwich
Figure 1,A,log_speechrate,fast,Maximally fast,103.12833333333333,0,3.956542435446734,3.6184645418475747,4.3262073905794809,"mean centered height; standardized over kukuku, pipipi, tatata, kutapi, pitaku, takupi",log outcome; response-scale mean across shared sequences,8123,28,independence,robust sandwich
Figure 1,A,log_speechrate,fast,Maximally fast,103.35416666666666,0,3.9505824697097274,3.6142475525480799,4.3182160665709386,"mean centered height; standardized over kukuku, pipipi, tatata, kutapi, pitaku, takupi",log outcome; response-scale mean across shared sequences,8123,28,independence,robust sandwich
Figure 1,A,log_speechrate,fast,Maximally fast,103.57999999999998,0,3.9446314818093451,3.6099805952532571,4.3103050325925016,"mean centered height; standardized over kukuku, pipipi, tatata, kutapi, pitaku, takupi",log outcome; response-scale mean across shared sequences,8123,28,independence,robust sandwich
Figure 1,A,log_speechrate,fast,Maximally fast,103.80583333333333,0,3.9386894582217606,3.6056632513916016,4.302474625804253,"mean centered height; standardized over kukuku, pipipi, tatata, kutapi, pitaku, takupi",log outcome; response-scale mean across shared sequences,8123,28,independence,robust sandwich
Figure 1,A,log_speechrate,fast,Maximally fast,104.03166666666667,0,3.9327563854435166,3.6012951275959608,4.2947251583825183,"mean centered height; standardized over kukuku, pipipi, tatata, kutapi, pitaku, takupi",log outcome; response-scale mean across shared sequences,8123,28,independence,robust sandwich
Figure 1,A,log_speechrate,fast,Maximally fast,104.25749999999999,0,3.9268322499915,3.596875857038496,4.2870569161843255,"mean centered height; standardized over kukuku, pipipi, tatata, kutapi, pitaku, takupi",log outcome; response-scale mean across shared sequences,8123,28,independence,robust sandwich
Figure 1,A,log_speechrate,fast,Maximally fast,104.48333333333332,0,3.9209170384029046,3.592405100733044,4.279470157444428,"mean centered height; standardized over kukuku, pipipi, tatata, kutapi, pitaku, takupi",log outcome; response-scale mean across shared sequences,8123,28,independence,robust sandwich
Figure 1,A,log_speechrate,fast,Maximally fast,104.70916666666666,0,3.9150107372352045,3.5878825487975918,4.2719651115122446,"mean centered height; standardized over kukuku, pipipi, tatata, kutapi, pitaku, takupi",log outcome; response-scale mean across shared sequences,8123,28,independence,robust sandwich
Figure 1,A,log_speechrate,fast,Maximally fast,104.93499999999999,0,3.9091133330661272,3.5833079216694852,4.2645419776360649,"mean centered height; standardized over kukuku, pipipi, tatata, kutapi, pitaku, takupi",log outcome; response-scale mean across shared sequences,8123,28,independence,robust sandwich
Figure 1,A,log_speechrate,fast,Maximally fast,105.16083333333333,0,3.9032248124936131,3.5786809712660315,4.2572009238018351,"mean centered height; standardized over kukuku, pipipi, tatata, kutapi, pitaku, takupi",log outcome; response-scale mean across shared sequences,8123,28,independence,robust sandwich
Figure 1,A,log_speechrate,fast,Maximally fast,105.38666666666666,0,3.8973451621357942,3.5740014820832164,4.2499420856338688,"mean centered height; standardized over kukuku, pipipi, tatata, kutapi, pitaku, takupi",log outcome; response-scale mean across shared sequences,8123,28,independence,robust sandwich
Figure 1,A,log_speechrate,fast,Maximally fast,105.6125,0,3.8914743686309596,3.5692692722254282,4.2427655653645191,"mean centered height; standardized over kukuku, pipipi, tatata, kutapi, pitaku, takupi",log outcome; response-scale mean across shared sequences,8123,28,independence,robust sandwich
Figure 1,A,log_speechrate,fast,Maximally fast,105.83833333333332,0,3.8856124186375269,3.5644841943593031,4.2356714308797647,"mean centered height; standardized over kukuku, pipipi, tatata, kutapi, pitaku, takupi",log outcome; response-scale mean across shared sequences,8123,28,independence,robust sandwich
Figure 1,A,log_speechrate,fast,Maximally fast,106.06416666666667,0,3.8797592988340099,3.559646136585072,4.2286597148472556,"mean centered height; standardized over kukuku, pipipi, tatata, kutapi, pitaku, takupi",log outcome; response-scale mean across shared sequences,8123,28,independence,robust sandwich
Figure 1,A,log_speechrate,fast,Maximally fast,106.28999999999999,0,3.8739149959189887,3.5547550232192426,4.2217304139330656,"mean centered height; standardized over kukuku, pipipi, tatata, kutapi, pitaku, takupi",log outcome; response-scale mean across shared sequences,8123,28,independence,robust sandwich
Figure 1,A,log_speechrate,fast,Maximally fast,106.51583333333332,0,3.8680794966110823,3.5498108154828039,4.2148834881128954,"mean centered height; standardized over kukuku, pipipi, tatata, kutapi, pitaku, takupi",log outcome; response-scale mean across shared sequences,8123,28,independence,robust sandwich
Figure 1,A,log_speechrate,fast,Maximally fast,106.74166666666666,0,3.8622527876489112,3.5448135120897204,4.2081188600829931,"mean centered height; standardized over kukuku, pipipi, tatata, kutapi, pitaku, takupi",log outcome; response-scale mean across shared sequences,8123,28,independence,robust sandwich
Figure 1,A,log_speechrate,fast,Maximally fast,106.96749999999999,0,3.8564348557910804,3.5397631497310402,4.2014364147754879,"mean centered height; standardized over kukuku, pipipi, tatata, kutapi, pitaku, takupi",log outcome; response-scale mean across shared sequences,8123,28,independence,robust sandwich
Figure 1,A,log_speechrate,fast,Maximally fast,107.19333333333333,0,3.850625687816132,3.5346598034505523,4.1948359989821249,"mean centered height; standardized over kukuku, pipipi, tatata, kutapi, pitaku, takupi",log outcome; response-scale mean across shared sequences,8123,28,independence,robust sandwich
Figure 1,A,log_speechrate,fast,Maximally fast,107.41916666666665,0,3.8448252705225339,3.5295035869086981,4.1883174210898106,"mean centered height; standardized over kukuku, pipipi, tatata, kutapi, pitaku, takupi",log outcome; response-scale mean across shared sequences,8123,28,independence,robust sandwich
Figure 1,A,log_speechrate,fast,Maximally fast,107.645,0,3.8390335907286306,3.5242946525320447,4.1818804509305298,"mean centered height; standardized over kukuku, pipipi, tatata, kutapi, pitaku, takupi",log outcome; response-scale mean across shared sequences,8123,28,independence,robust sandwich
Figure 1,A,log_speechrate,fast,Maximally fast,107.87083333333332,0,3.8332506352726305,3.5190331915465589,4.1755248197475314,"mean centered height; standardized over kukuku, pipipi, tatata, kutapi, pitaku, takupi",log outcome; response-scale mean across shared sequences,8123,28,independence,robust sandwich
Figure 1,A,log_speechrate,fast,Maximally fast,108.09666666666666,0,3.827476391012564,3.5137194338935687,4.1692502202787711,"mean centered height; standardized over kukuku, pipipi, tatata, kutapi, pitaku, takupi",log outcome; response-scale mean across shared sequences,8123,28,independence,robust sandwich
Figure 1,A,log_speechrate,fast,Maximally fast,108.32249999999999,0,3.82171084482626,3.5083536480282262,4.1630563069578947,"mean centered height; standardized over kukuku, pipipi, tatata, kutapi, pitaku, takupi",log outcome; response-scale mean across shared sequences,8123,28,independence,robust sandwich
Figure 1,A,log_speechrate,fast,Maximally fast,108.54833333333332,0,3.8159539836113137,3.502936140601042,4.1569426962321261,"mean centered height; standardized over kukuku, pipipi, tatata, kutapi, pitaku, takupi",log outcome; response-scale mean across shared sequences,8123,28,independence,robust sandwich
Figure 1,A,log_speechrate,fast,Maximally fast,108.77416666666666,0,3.8102057942850553,3.4974672560239144,4.1509089669956705,"mean centered height; standardized over kukuku, pipipi, tatata, kutapi, pitaku, takupi",log outcome; response-scale mean across shared sequences,8123,28,independence,robust sandwich
Figure 1,A,log_speechrate,fast,Maximally fast,108.99999999999999,0,3.8044662637845263,3.4919473759228663,4.1449546611364241,"mean centered height; standardized over kukuku, pipipi, tatata, kutapi, pitaku, takupi",log outcome; response-scale mean across shared sequences,8123,28,independence,robust sandwich
Figure 1,A,log_speechrate,fast,Maximally fast,109.22583333333333,0,3.7987353790664411,3.4863769184805005,4.13907928419294,"mean centered height; standardized over kukuku, pipipi, tatata, kutapi, pitaku, takupi",log outcome; response-scale mean across shared sequences,8123,28,independence,robust sandwich
Figure 1,A,log_speechrate,fast,Maximally fast,109.45166666666665,0,3.7930131271071654,3.4807563376719126,4.1332823061179624,"mean centered height; standardized over kukuku, pipipi, tatata, kutapi, pitaku, takupi",log outcome; response-scale mean across shared sequences,8123,28,independence,robust sandwich
Figure 1,A,log_speechrate,fast,Maximally fast,109.67749999999999,0,3.787299494902681,3.4750861223985448,4.1275631621440096,"mean centered height; standardized over kukuku, pipipi, tatata, kutapi, pitaku, takupi",log outcome; response-scale mean across shared sequences,8123,28,independence,robust sandwich
Figure 1,A,log_speechrate,fast,Maximally fast,109.90333333333332,0,3.7815944694685584,3.4693667955250711,4.121921253745926,"mean centered height; standardized over kukuku, pipipi, tatata, kutapi, pitaku, takupi",log outcome; response-scale mean across shared sequences,8123,28,independence,robust sandwich
Figure 1,A,log_speechrate,fast,Maximally fast,110.12916666666666,0,3.7758980378399301,3.4635989128250477,4.1163559496946869,"mean centered height; standardized over kukuku, pipipi, tatata, kutapi, pitaku, takupi",log outcome; response-scale mean across shared sequences,8123,28,independence,robust sandwich
Figure 1,A,log_speechrate,fast,Maximally fast,110.35499999999999,0,3.7702101870714553,3.4577830618415861,4.1108665871961501,"mean centered height; standardized over kukuku, pipipi, tatata, kutapi, pitaku, takupi",log outcome; response-scale mean across shared sequences,8123,28,independence,robust sandwich
Figure 1,A,log_speechrate,fast,Maximally fast,110.58083333333332,0,3.764530904237295,3.4519198606697405,4.1054524731081319,"mean centered height; standardized over kukuku, pipipi, tatata, kutapi, pitaku, takupi",log outcome; response-scale mean across shared sequences,8123,28,independence,robust sandwich
Figure 1,A,log_speechrate,fast,Maximally fast,110.80666666666666,0,3.7588601764310785,3.4460099566677629,4.1001128852285813,"mean centered height; standardized over kukuku, pipipi, tatata, kutapi, pitaku, takupi",log outcome; response-scale mean across shared sequences,8123,28,independence,robust sandwich
Figure 1,A,log_speechrate,fast,Maximally fast,111.0325,0,3.7531979907658819,3.4400540251045992,4.0948470736475526,"mean centered height; standardized over kukuku, pipipi, tatata, kutapi, pitaku, takupi",log outcome; response-scale mean across shared sequences,8123,28,independence,robust sandwich
Figure 1,A,log_speechrate,fast,Maximally fast,111.25833333333333,0,3.7475443343741883,3.4340527677513348,4.0896542621551912,"mean centered height; standardized over kukuku, pipipi, tatata, kutapi, pitaku, takupi",log outcome; response-scale mean across shared sequences,8123,28,independence,robust sandwich
Figure 1,A,log_speechrate,fast,Maximally fast,111.48416666666665,0,3.7418991944078672,3.4280069114244021,4.0845336496979892,"mean centered height; standardized over kukuku, pipipi, tatata, kutapi, pitaku, takupi",log outcome; response-scale mean across shared sequences,8123,28,independence,robust sandwich
Figure 1,A,log_speechrate,fast,Maximally fast,111.70999999999999,0,3.7362625580381401,3.4219172064884327,4.079484411875379,"mean centered height; standardized over kukuku, pipipi, tatata, kutapi, pitaku, takupi",log outcome; response-scale mean across shared sequences,8123,28,independence,robust sandwich
Figure 1,A,log_speechrate,fast,Maximally fast,111.93583333333332,0,3.7306344124555548,3.4157844253267142,4.0745057024687394,"mean centered height; standardized over kukuku, pipipi, tatata, kutapi, pitaku, takupi",log outcome; response-scale mean across shared sequences,8123,28,independence,robust sandwich
Figure 1,A,log_speechrate,fast,Maximally fast,112.16166666666666,0,3.7250147448699527,3.4096093607870763,4.0695966549949505,"mean centered height; standardized over kukuku, pipipi, tatata, kutapi, pitaku, takupi",log outcome; response-scale mean across shared sequences,8123,28,independence,robust sandwich
Figure 1,A,log_speechrate,fast,Maximally fast,112.38749999999999,0,3.7194035425104452,3.4033928246109331,4.0647563842768317,"mean centered height; standardized over kukuku, pipipi, tatata, kutapi, pitaku, takupi",log outcome; response-scale mean across shared sequences,8123,28,independence,robust sandwich
Figure 1,A,log_speechrate,fast,Maximally fast,112.61333333333332,0,3.7138007926253778,3.3971356458530266,4.0599839880228306,"mean centered height; standardized over kukuku, pipipi, tatata, kutapi, pitaku, takupi",log outcome; response-scale mean across shared sequences,8123,28,independence,robust sandwich
Figure 1,A,log_speechrate,fast,Maximally fast,112.83916666666666,0,3.708206482482304,3.3908386692991264,4.0552785484087988,"mean centered height; standardized over kukuku, pipipi, tatata, kutapi, pitaku, takupi",log outcome; response-scale mean across shared sequences,8123,28,independence,robust sandwich
Figure 1,A,log_speechrate,fast,Maximally fast,113.065,0,3.7026205993679611,3.3845027538886918,4.0506391336547951,"mean centered height; standardized over kukuku, pipipi, tatata, kutapi, pitaku, takupi",log outcome; response-scale mean across shared sequences,8123,28,independence,robust sandwich
Figure 1,A,log_speechrate,fast,Maximally fast,113.29083333333332,0,3.697043130588233,3.378128771149103,4.0460647995903072,"mean centered height; standardized over kukuku, pipipi, tatata, kutapi, pitaku, takupi",log outcome; response-scale mean across shared sequences,8123,28,independence,robust sandwich
Figure 1,A,log_speechrate,fast,Maximally fast,113.51666666666665,0,3.6914740634681298,3.3717176036477077,4.0415545912016766,"mean centered height; standardized over kukuku, pipipi, tatata, kutapi, pitaku, takupi",log outcome; response-scale mean across shared sequences,8123,28,independence,robust sandwich
Figure 1,A,log_speechrate,fast,Maximally fast,113.74249999999999,0,3.6859133853517481,3.3652701434675292,4.0371075441558446,"mean centered height; standardized over kukuku, pipipi, tatata, kutapi, pitaku, takupi",log outcome; response-scale mean across shared sequences,8123,28,independence,robust sandwich
Figure 1,A,log_speechrate,fast,Maximally fast,113.96833333333332,0,3.6803610836022553,3.3587872907119944,4.0327226862951155,"mean centered height; standardized over kukuku, pipipi, tatata, kutapi, pitaku, takupi",log outcome; response-scale mean across shared sequences,8123,28,independence,robust sandwich
Figure 1,A,log_speechrate,fast,Maximally fast,114.19416666666666,0,3.6748171456018515,3.3522699520436277,4.0283990390979074,"mean centered height; standardized over kukuku, pipipi, tatata, kutapi, pitaku, takupi",log outcome; response-scale mean across shared sequences,8123,28,independence,robust sandwich
Figure 1,A,log_speechrate,fast,Maximally fast,114.41999999999999,0,3.6692815587517429,3.3457190392611436,4.0241356191011413,"mean centered height; standardized over kukuku, pipipi, tatata, kutapi, pitaku, takupi",log outcome; response-scale mean across shared sequences,8123,28,independence,robust sandwich
Figure 1,A,log_speechrate,fast,Maximally fast,114.64583333333331,0,3.663754310472116,3.3391354679189207,4.0199314392802421,"mean centered height; standardized over kukuku, pipipi, tatata, kutapi, pitaku, takupi",log outcome; response-scale mean across shared sequences,8123,28,independence,robust sandwich
Figure 1,A,log_speechrate,fast,Maximally fast,114.87166666666666,0,3.6582353882021059,3.3325201559923441,4.0157855103832585,"mean centered height; standardized over kukuku, pipipi, tatata, kutapi, pitaku, takupi",log outcome; response-scale mean across shared sequences,8123,28,independence,robust sandwich
Figure 1,A,log_speechrate,fast,Maximally fast,115.0975,0,3.6527247793997688,3.3258740225920329,4.0116968422161214,"mean centered height; standardized over kukuku, pipipi, tatata, kutapi, pitaku, takupi",log outcome; response-scale mean across shared sequences,8123,28,independence,robust sandwich
Figure 1,A,log_speechrate,fast,Maximally fast,115.32333333333332,0,3.6472224715420545,3.3191979867294985,4.0076644448764585,"mean centered height; standardized over kukuku, pipipi, tatata, kutapi, pitaku, takupi",log outcome; response-scale mean across shared sequences,8123,28,independence,robust sandwich
Figure 1,A,log_speechrate,fast,Maximally fast,115.54916666666665,0,3.641728452124775,3.3124929661363325,4.0036873299338733,"mean centered height; standardized over kukuku, pipipi, tatata, kutapi, pitaku, takupi",log outcome; response-scale mean across shared sequences,8123,28,independence,robust sandwich
Figure 1,A,log_speechrate,fast,Maximally fast,115.77499999999999,0,3.6362427086625804,3.3057598761385765,3.9997645115550755,"mean centered height; standardized over kukuku, pipipi, tatata, kutapi, pitaku, takupi",log outcome; response-scale mean across shared sequences,8123,28,independence,robust sandwich
Figure 1,A,log_speechrate,fast,Maximally fast,116.00083333333332,0,3.6307652286889258,3.2989996285875325,3.9958950075725284,"mean centered height; standardized over kukuku, pipipi, tatata, kutapi, pitaku, takupi",log outcome; response-scale mean across shared sequences,8123,28,independence,robust sandwich
Figure 1,A,log_speechrate,fast,Maximally fast,116.22666666666666,0,3.6252959997560481,3.2922131308478422,3.9920778404958712,"mean centered height; standardized over kukuku, pipipi, tatata, kutapi, pitaku, takupi",log outcome; response-scale mean across shared sequences,8123,28,independence,robust sandwich
Figure 1,A,log_speechrate,fast,Maximally fast,116.45249999999999,0,3.619835009434933,3.2854012848433074,3.9883120384655655,"mean centered height; standardized over kukuku, pipipi, tatata, kutapi, pitaku, takupi",log outcome; response-scale mean across shared sequences,8123,28,independence,robust sandwich
Figure 1,A,log_speechrate,fast,Maximally fast,116.67833333333331,0,3.6143822453152903,3.2785649861606228,3.9845966361486616,"mean centered height; standardized over kukuku, pipipi, tatata, kutapi, pitaku, takupi",log outcome; response-scale mean across shared sequences,8123,28,independence,robust sandwich
Figure 1,A,log_speechrate,fast,Maximally fast,116.90416666666665,0,3.6089376950055194,3.2717051232107717,3.9809306755768663,"mean centered height; standardized over kukuku, pipipi, tatata, kutapi, pitaku, takupi",log outcome; response-scale mean across shared sequences,8123,28,independence,robust sandwich
Figure 1,A,log_speechrate,fast,Maximally fast,117.13,0,3.6035013461326937,3.2648225764476781,3.977313206927414,"mean centered height; standardized over kukuku, pipipi, tatata, kutapi, pitaku, takupi",log outcome; response-scale mean across shared sequences,8123,28,independence,robust sandwich
Figure 1,A,log_speechrate,fast,Maximally fast,117.35583333333332,0,3.5980731863425195,3.2579182176433088,3.9737432892474192,"mean centered height; standardized over kukuku, pipipi, tatata, kutapi, pitaku, takupi",log outcome; response-scale mean across shared sequences,8123,28,independence,robust sandwich
Figure 1,A,log_speechrate,fast,Maximally fast,117.58166666666665,0,3.5926532032993137,3.2509929092182941,3.9702199911227627,"mean centered height; standardized over kukuku, pipipi, tatata, kutapi, pitaku, takupi",log outcome; response-scale mean across shared sequences,8123,28,independence,robust sandwich
Figure 1,A,log_speechrate,fast,Maximally fast,117.80749999999999,0,3.5872413846859756,3.2440475036268608,3.9667423912926472,"mean centered height; standardized over kukuku, pipipi, tatata, kutapi, pitaku, takupi",log outcome; response-scale mean across shared sequences,8123,28,independence,robust sandwich
Figure 1,A,log_speechrate,fast,Maximally fast,118.03333333333332,0,3.5818377182039582,3.2370828427947194,3.9633095792112014,"mean centered height; standardized over kukuku, pipipi, tatata, kutapi, pitaku, takupi",log outcome; response-scale mean across shared sequences,8123,28,independence,robust sandwich
Figure 1,A,log_speechrate,fast,Maximally fast,118.25916666666666,0,3.5764421915732409,3.2300997576083597,3.9599206555576822,"mean centered height; standardized over kukuku, pipipi, tatata, kutapi, pitaku, takupi",log outcome; response-scale mean across shared sequences,8123,28,independence,robust sandwich
Figure 1,A,log_speechrate,fast,Maximally fast,118.48499999999999,0,3.5710547925323008,3.2230990674541311,3.956574732696887,"mean centered height; standardized over kukuku, pipipi, tatata, kutapi, pitaku, takupi",log outcome; response-scale mean across shared sequences,8123,28,independence,robust sandwich
Figure 1,A,log_speechrate,fast,Maximally fast,118.71083333333333,0,3.5656755088380847,3.216081579805286,3.9532709350916062,"mean centered height; standardized over kukuku, pipipi, tatata, kutapi, pitaku, takupi",log outcome; response-scale mean across shared sequences,8123,28,independence,robust sandwich
Figure 1,A,log_speechrate,fast,Maximally fast,118.93666666666665,0,3.5603043282659854,3.2090480898551843,3.9500083996689295,"mean centered height; standardized over kukuku, pipipi, tatata, kutapi, pitaku, takupi",log outcome; response-scale mean across shared sequences,8123,28,independence,robust sandwich
Figure 1,A,log_speechrate,fast,Maximally fast,119.16249999999999,0,3.5549412386098038,3.2019993801946711,3.9467862761423396,"mean centered height; standardized over kukuku, pipipi, tatata, kutapi, pitaku, takupi",log outcome; response-scale mean across shared sequences,8123,28,independence,robust sandwich
Figure 1,A,log_speechrate,fast,Maximally fast,119.38833333333332,0,3.5495862276817345,3.1949362205317127,3.9436037272916149,"mean centered height; standardized over kukuku, pipipi, tatata, kutapi, pitaku, takupi",log outcome; response-scale mean across shared sequences,8123,28,independence,robust sandwich
Figure 1,A,log_speechrate,fast,Maximally fast,119.61416666666665,0,3.5442392833123257,3.1878593674512095,3.9404599292024836,"mean centered height; standardized over kukuku, pipipi, tatata, kutapi, pitaku, takupi",log outcome; response-scale mean across shared sequences,8123,28,independence,robust sandwich
Figure 1,A,log_speechrate,fast,Maximally fast,119.83999999999999,0,3.5389003933504615,3.1807695642130187,3.9373540714681345,"mean centered height; standardized over kukuku, pipipi, tatata, kutapi, pitaku, takupi",log outcome; response-scale mean across shared sequences,8123,28,independence,robust sandwich
Figure 1,A,log_speechrate,fast,Maximally fast,120.06583333333332,0,3.5335695456633274,3.173667540586107,3.9342853573545455,"mean centered height; standardized over kukuku, pipipi, tatata, kutapi, pitaku, takupi",log outcome; response-scale mean across shared sequences,8123,28,independence,robust sandwich
Figure 1,A,log_speechrate,fast,Maximally fast,120.29166666666666,0,3.5282467281363856,3.1665540127168397,3.9312530039317171,"mean centered height; standardized over kukuku, pipipi, tatata, kutapi, pitaku, takupi",log outcome; response-scale mean across shared sequences,8123,28,independence,robust sandwich
Figure 1,A,log_speechrate,fast,Maximally fast,120.51749999999998,0,3.5229319286733465,3.1594296830293791,3.9282562421727736,"mean centered height; standardized over kukuku, pipipi, tatata, kutapi, pitaku, takupi",log outcome; response-scale mean across shared sequences,8123,28,independence,robust sandwich
Figure 1,A,log_speechrate,fast,Maximally fast,120.74333333333333,0,3.5176251351961443,3.1522952401562363,3.9252943170229249,"mean centered height; standardized over kukuku, pipipi, tatata, kutapi, pitaku, takupi",log outcome; response-scale mean across shared sequences,8123,28,independence,robust sandwich
Figure 1,A,log_speechrate,fast,Maximally fast,120.96916666666665,0,3.5123263356449055,3.1451513588970208,3.9223664874402289,"mean centered height; standardized over kukuku, pipipi, tatata, kutapi, pitaku, takupi",log outcome; response-scale mean across shared sequences,8123,28,independence,robust sandwich
Figure 1,A,log_speechrate,fast,Maximally fast,121.19499999999999,0,3.5070355179779216,3.1379987002035166,3.919472026410014,"mean centered height; standardized over kukuku, pipipi, tatata, kutapi, pitaku, takupi",log outcome; response-scale mean across shared sequences,8123,28,independence,robust sandwich
Figure 1,A,log_speechrate,fast,Maximally fast,121.42083333333332,0,3.5017526701716259,3.1308379111892362,3.916610220934861,"mean centered height; standardized over kukuku, pipipi, tatata, kutapi, pitaku, takupi",log outcome; response-scale mean across shared sequences,8123,28,independence,robust sandwich
Figure 1,A,log_speechrate,fast,Maximally fast,121.64666666666665,0,3.4964777802205607,3.1236696251616705,3.9137803720018427,"mean centered height; standardized over kukuku, pipipi, tatata, kutapi, pitaku, takupi",log outcome; response-scale mean across shared sequences,8123,28,independence,robust sandwich
Figure 1,A,log_speechrate,fast,Maximally fast,121.87249999999999,0,3.4912108361373568,3.1164944616755257,3.9109817945288285,"mean centered height; standardized over kukuku, pipipi, tatata, kutapi, pitaku, takupi",log outcome; response-scale mean across shared sequences,8123,28,independence,robust sandwich
Figure 1,A,log_speechrate,fast,Maximally fast,122.09833333333333,0,3.4859518259526983,3.1093130266052666,3.908213817291434,"mean centered height; standardized over kukuku, pipipi, tatata, kutapi, pitaku, takupi",log outcome; response-scale mean across shared sequences,8123,28,independence,robust sandwich
Figure 1,A,log_speechrate,fast,Maximally fast,122.32416666666666,0,3.4807007377153014,3.1021259122354192,3.9054757828322542,"mean centered height; standardized over kukuku, pipipi, tatata, kutapi, pitaku, takupi",log outcome; response-scale mean across shared sequences,8123,28,independence,robust sandwich
Figure 1,A,log_speechrate,fast,Maximally fast,122.54999999999998,0,3.4754575594918844,3.0949336973670678,3.9027670473538754,"mean centered height; standardized over kukuku, pipipi, tatata, kutapi, pitaku, takupi",log outcome; response-scale mean across shared sequences,8123,28,independence,robust sandwich
Figure 1,A,log_speechrate,fast,Maximally fast,122.77583333333332,0,3.4702222793671411,3.0877369474391343,3.9000869805971248,"mean centered height; standardized over kukuku, pipipi, tatata, kutapi, pitaku, takupi",log outcome; response-scale mean across shared sequences,8123,28,independence,robust sandwich
Figure 1,A,log_speechrate,fast,Maximally fast,123.00166666666665,0,3.4649948854437169,3.080536214663038,3.8974349657059313,"mean centered height; standardized over kukuku, pipipi, tatata, kutapi, pitaku, takupi",log outcome; response-scale mean across shared sequences,8123,28,independence,robust sandwich
Figure 1,A,log_speechrate,fast,Maximally fast,123.22749999999999,0,3.4597753658421735,3.0733320381694247,3.8948103990801104,"mean centered height; standardized over kukuku, pipipi, tatata, kutapi, pitaku, takupi",log outcome; response-scale mean across shared sequences,8123,28,independence,robust sandwich
Figure 1,A,log_speechrate,fast,Maximally fast,123.45333333333332,0,3.4545637087009724,3.0661249441657565,3.892212690217316,"mean centered height; standardized over kukuku, pipipi, tatata, kutapi, pitaku, takupi",log outcome; response-scale mean across shared sequences,8123,28,independence,robust sandwich
Figure 1,A,log_speechrate,fast,Maximally fast,123.67916666666665,0,3.4493599021764401,3.0589154461035437,3.8896412615453229,"mean centered height; standardized over kukuku, pipipi, tatata, kutapi, pitaku, takupi",log outcome; response-scale mean across shared sequences,8123,28,independence,robust sandwich
Figure 1,A,log_speechrate,fast,Maximally fast,123.90499999999999,0,3.4441639344427446,3.0517040448541608,3.8870955482457403,"mean centered height; standardized over kukuku, pipipi, tatata, kutapi, pitaku, takupi",log outcome; response-scale mean across shared sequences,8123,28,independence,robust sandwich
Figure 1,A,log_speechrate,fast,Maximally fast,124.13083333333333,0,3.438975793691867,3.0444912288921815,3.8845749980702067,"mean centered height; standardized over kukuku, pipipi, tatata, kutapi, pitaku, takupi",log outcome; response-scale mean across shared sequences,8123,28,independence,robust sandwich
Figure 1,A,log_speechrate,fast,Maximally fast,124.35666666666665,0,3.4337954681335776,3.0372774744852706,3.8820790711500326,"mean centered height; standardized over kukuku, pipipi, tatata, kutapi, pitaku, takupi",log outcome; response-scale mean across shared sequences,8123,28,independence,robust sandwich
Figure 1,A,log_speechrate,fast,Maximally fast,124.58249999999998,0,3.4286229459954054,3.030063245889719,3.8796072398001886,"mean centered height; standardized over kukuku, pipipi, tatata, kutapi, pitaku, takupi",log outcome; response-scale mean across shared sequences,8123,28,independence,robust sandwich
Figure 1,A,log_speechrate,fast,Maximally fast,124.80833333333332,0,3.4234582155226119,3.0228489955507771,3.8771589883185067,"mean centered height; standardized over kukuku, pipipi, tatata, kutapi, pitaku, takupi",log outcome; response-scale mean across shared sequences,8123,28,independence,robust sandwich
Figure 1,A,log_speechrate,fast,Maximally fast,125.03416666666665,0,3.4183012649781688,3.0156351643069939,3.8747338127808848,"mean centered height; standardized over kukuku, pipipi, tatata, kutapi, pitaku, takupi",log outcome; response-scale mean across shared sequences,8123,28,independence,robust sandwich
Figure 1,A,log_speechrate,fast,Maximally fast,125.25999999999999,0,3.4131520826427244,3.0084221815978149,3.8723312208332077,"mean centered height; standardized over kukuku, pipipi, tatata, kutapi, pitaku, takupi",log outcome; response-scale mean across shared sequences,8123,28,independence,robust sandwich
Figure 1,A,log_speechrate,fast,Maximally fast,125.48583333333332,0,3.4080106568145823,3.0012104656737733,3.8699507314807029,"mean centered height; standardized over kukuku, pipipi, tatata, kutapi, pitaku, takupi",log outcome; response-scale mean across shared sequences,8123,28,independence,robust sandwich
Figure 1,A,log_speechrate,fast,Maximally fast,125.71166666666664,0,3.4028769758096722,2.9940004238086328,3.8675918748753357,"mean centered height; standardized over kukuku, pipipi, tatata, kutapi, pitaku, takupi",log outcome; response-scale mean across shared sequences,8123,28,independence,robust sandwich
Figure 1,A,log_speechrate,fast,Maximally fast,125.93749999999999,0,3.3977510279615259,2.9867924525129026,3.8652541921018311,"mean centered height; standardized over kukuku, pipipi, tatata, kutapi, pitaku, takupi",log outcome; response-scale mean across shared sequences,8123,28,independence,robust sandwich
Figure 1,A,log_speechrate,fast,Maximally fast,126.16333333333333,0,3.3926328016212479,2.9795869377481803,3.8629372349628692,"mean centered height; standardized over kukuku, pipipi, tatata, kutapi, pitaku, takupi",log outcome; response-scale mean across shared sequences,8123,28,independence,robust sandwich
Figure 1,A,log_speechrate,fast,Maximally fast,126.38916666666665,0,3.3875222851574893,2.9723842551418436,3.8606405657639344,"mean centered height; standardized over kukuku, pipipi, tatata, kutapi, pitaku, takupi",log outcome; response-scale mean across shared sequences,8123,28,independence,robust sandwich
Figure 1,A,log_speechrate,fast,Maximally fast,126.61499999999998,0,3.3824194669564229,2.9651847702016303,3.8583637570982834,"mean centered height; standardized over kukuku, pipipi, tatata, kutapi, pitaku, takupi",log outcome; response-scale mean across shared sequences,8123,28,independence,robust sandwich
Figure 1,A,log_speechrate,fast,Maximally fast,126.84083333333332,0,3.3773243354217173,2.9579888385296953,3.8561063916324296,"mean centered height; standardized over kukuku, pipipi, tatata, kutapi, pitaku, takupi",log outcome; response-scale mean across shared sequences,8123,28,independence,robust sandwich
Figure 1,A,log_speechrate,fast,Maximally fast,127.06666666666666,0,3.3722368789745065,2.9507968060357692,3.8538680618925238,"mean centered height; standardized over kukuku, pipipi, tatata, kutapi, pitaku, takupi",log outcome; response-scale mean across shared sequences,8123,28,independence,robust sandwich
Figure 1,A,log_speechrate,fast,Maximally fast,127.29249999999999,0,3.3671570860533699,2.943609009149089,3.8516483700519832,"mean centered height; standardized over kukuku, pipipi, tatata, kutapi, pitaku, takupi",log outcome; response-scale mean across shared sequences,8123,28,independence,robust sandwich
Figure 1,A,log_speechrate,fast,Maximally fast,127.51833333333332,0,3.3620849451142991,2.9364257750287615,3.8494469277206589,"mean centered height; standardized over kukuku, pipipi, tatata, kutapi, pitaku, takupi",log outcome; response-scale mean across shared sequences,8123,28,independence,robust sandwich
Figure 1,A,log_speechrate,fast,Maximally fast,127.74416666666664,0,3.3570204446306779,2.9292474217723337,3.84726335573583,"mean centered height; standardized over kukuku, pipipi, tatata, kutapi, pitaku, takupi",log outcome; response-scale mean across shared sequences,8123,28,independence,robust sandwich
Figure 1,A,log_speechrate,fast,Maximally fast,127.96999999999998,0,3.3519635730932507,2.9220742586222634,3.8450972839552691,"mean centered height; standardized over kukuku, pipipi, tatata, kutapi, pitaku, takupi",log outcome; response-scale mean across shared sequences,8123,28,independence,robust sandwich
Figure 1,A,log_speechrate,fast,Maximally fast,128.19583333333333,0,3.3469143190101014,2.9149065861701238,3.8429483510526028,"mean centered height; standardized over kukuku, pipipi, tatata, kutapi, pitaku, takupi",log outcome; response-scale mean across shared sequences,8123,28,independence,robust sandwich
Figure 1,A,log_speechrate,fast,Maximally fast,128.42166666666665,0,3.3418726709066235,2.9077446965582863,3.8408162043151726,"mean centered height; standardized over kukuku, pipipi, tatata, kutapi, pitaku, takupi",log outcome; response-scale mean across shared sequences,8123,28,independence,robust sandwich
Figure 1,A,log_speechrate,fast,Maximally fast,128.64749999999998,0,3.3368386173254962,2.9005888736789642,3.8387004994445451,"mean centered height; standardized over kukuku, pipipi, tatata, kutapi, pitaku, takupi",log outcome; response-scale mean across shared sequences,8123,28,independence,robust sandwich
Figure 1,A,log_speechrate,fast,Maximally fast,128.87333333333333,0,3.3318121468266551,2.8934393933704268,3.8366009003598527,"mean centered height; standardized over kukuku, pipipi, tatata, kutapi, pitaku, takupi",log outcome; response-scale mean across shared sequences,8123,28,independence,robust sandwich
Figure 1,A,log_speechrate,fast,Maximally fast,129.09916666666666,0,3.3267932479872724,2.8862965236102736,3.8345170790040828,"mean centered height; standardized over kukuku, pipipi, tatata, kutapi, pitaku, takupi",log outcome; response-scale mean across shared sequences,8123,28,independence,robust sandwich
Figure 1,A,log_speechrate,fast,Maximally fast,129.32499999999999,0,3.3217819094017247,2.8791605247056236,3.8324487151534394,"mean centered height; standardized over kukuku, pipipi, tatata, kutapi, pitaku, takupi",log outcome; response-scale mean across shared sequences,8123,28,independence,robust sandwich
Figure 1,A,log_speechrate,fast,Maximally fast,129.55083333333332,0,3.3167781196815702,2.8720316494801672,3.8303954962298477,"mean centered height; standardized over kukuku, pipipi, tatata, kutapi, pitaku, takupi",log outcome; response-scale mean across shared sequences,8123,28,independence,robust sandwich
Figure 1,A,log_speechrate,fast,Maximally fast,129.77666666666664,0,3.3117818674555211,2.864910143457962,3.8283571171167226,"mean centered height; standardized over kukuku, pipipi, tatata, kutapi, pitaku, takupi",log outcome; response-scale mean across shared sequences,8123,28,independence,robust sandwich
Figure 1,A,log_speechrate,fast,Maximally fast,130.0025,0,3.3067931413694196,2.8577962450439238,3.8263332799780367,"mean centered height; standardized over kukuku, pipipi, tatata, kutapi, pitaku, takupi",log outcome; response-scale mean across shared sequences,8123,28,independence,robust sandwich
Figure 1,A,log_speechrate,fast,Maximally fast,130.22833333333332,0,3.3018119300862137,2.850690185700957,3.8243236940807588,"mean centered height; standardized over kukuku, pipipi, tatata, kutapi, pitaku, takupi",log outcome; response-scale mean across shared sequences,8123,28,independence,robust sandwich
Figure 1,A,log_speechrate,fast,Maximally fast,130.45416666666665,0,3.2968382222859245,2.843592190123668,3.8223280756206872,"mean centered height; standardized over kukuku, pipipi, tatata, kutapi, pitaku, takupi",log outcome; response-scale mean across shared sequences,8123,28,independence,robust sandwich
Figure 1,A,log_speechrate,fast,Maximally fast,130.67999999999998,0,3.2918720066656282,2.8365024764086613,3.8203461475517364,"mean centered height; standardized over kukuku, pipipi, tatata, kutapi, pitaku, takupi",log outcome; response-scale mean across shared sequences,8123,28,independence,robust sandwich
Figure 1,A,log_speechrate,fast,Maximally fast,130.90583333333331,0,3.2869132719394258,2.8294212562213756,3.8183776394186553,"mean centered height; standardized over kukuku, pipipi, tatata, kutapi, pitaku, takupi",log outcome; response-scale mean across shared sequences,8123,28,independence,robust sandwich
Figure 1,A,log_speechrate,fast,Maximally fast,131.13166666666666,0,3.2819620068384201,2.8223487349594465,3.816422287193237,"mean centered height; standardized over kukuku, pipipi, tatata, kutapi, pitaku, takupi",log outcome; response-scale mean across shared sequences,8123,28,independence,robust sandwich
Figure 1,A,log_speechrate,fast,Maximally fast,131.35749999999999,0,3.2770182001106893,2.8152851119126212,3.8144798331139715,"mean centered height; standardized over kukuku, pipipi, tatata, kutapi, pitaku, takupi",log outcome; response-scale mean across shared sequences,8123,28,independence,robust sandwich
Figure 1,A,log_speechrate,fast,Maximally fast,131.58333333333331,0,3.2720818405212579,2.8082305804191821,3.8125500255291813,"mean centered height; standardized over kukuku, pipipi, tatata, kutapi, pitaku, takupi",log outcome; response-scale mean across shared sequences,8123,28,independence,robust sandwich
Figure 1,A,log_speechrate,fast,Maximally fast,131.80916666666664,0,3.2671529168520776,2.8011853280189589,3.8106326187436013,"mean centered height; standardized over kukuku, pipipi, tatata, kutapi, pitaku, takupi",log outcome; response-scale mean across shared sequences,8123,28,independence,robust sandwich
Figure 1,A,log_speechrate,fast,Maximally fast,132.03499999999997,0,3.2622314179019969,2.7941495366028781,3.8087273728683773,"mean centered height; standardized over kukuku, pipipi, tatata, kutapi, pitaku, takupi",log outcome; response-scale mean across shared sequences,8123,28,independence,robust sandwich
Figure 1,A,log_speechrate,fast,Maximally fast,132.26083333333332,0,3.2573173324867373,2.7871233825591255,3.8068340536744905,"mean centered height; standardized over kukuku, pipipi, tatata, kutapi, pitaku, takupi",log outcome; response-scale mean across shared sequences,8123,28,independence,robust sandwich
Figure 1,A,log_speechrate,fast,Maximally fast,132.48666666666665,0,3.2524106494388678,2.7801070369159269,3.8049524324495474,"mean centered height; standardized over kukuku, pipipi, tatata, kutapi, pitaku, takupi",log outcome; response-scale mean across shared sequences,8123,28,independence,robust sandwich
Figure 1,A,log_speechrate,fast,Maximally fast,132.71249999999998,0,3.2475113576077796,2.77310066548098,3.8030822858579203,"mean centered height; standardized over kukuku, pipipi, tatata, kutapi, pitaku, takupi",log outcome; response-scale mean across shared sequences,8123,28,independence,robust sandwich
Figure 1,A,log_speechrate,fast,Maximally fast,132.93833333333333,0,3.2426194458596633,2.7661044289775965,3.8012233958041906,"mean centered height; standardized over kukuku, pipipi, tatata, kutapi, pitaku, takupi",log outcome; response-scale mean across shared sequences,8123,28,independence,robust sandwich
Figure 1,A,log_speechrate,fast,Maximally fast,133.16416666666666,0,3.2377349030774769,2.7591184831775624,3.7993755492998491,"mean centered height; standardized over kukuku, pipipi, tatata, kutapi, pitaku, takupi",log outcome; response-scale mean across shared sequences,8123,28,independence,robust sandwich
Figure 1,A,log_speechrate,fast,Maximally fast,133.38999999999999,0,3.2328577181609255,2.752142979030789,3.7975385383332378,"mean centered height; standardized over kukuku, pipipi, tatata, kutapi, pitaku, takupi",log outcome; response-scale mean across shared sequences,8123,28,independence,robust sandwich
Figure 1,B,log_articulationrate,normal,Habitual,92.739999999999995,0,3.6849600962432536,3.3532458867661803,4.0494885759780663,"mean centered height; standardized over kukuku, pipipi, tatata, kutapi, pitaku, takupi",log outcome; response-scale mean across shared sequences,8123,28,independence,robust sandwich
Figure 1,B,log_articulationrate,normal,Habitual,92.965833333333322,0,3.6809999935872004,3.3517598956377164,4.0425810245011444,"mean centered height; standardized over kukuku, pipipi, tatata, kutapi, pitaku, takupi",log outcome; response-scale mean across shared sequences,8123,28,independence,robust sandwich
Figure 1,B,log_articulationrate,normal,Habitual,93.191666666666663,0,3.6770441467202577,3.3502628895250046,4.0356993175680751,"mean centered height; standardized over kukuku, pipipi, tatata, kutapi, pitaku, takupi",log outcome; response-scale mean across shared sequences,8123,28,independence,robust sandwich
Figure 1,B,log_articulationrate,normal,Habitual,93.41749999999999,0,3.6730925510688706,3.3487546457900628,4.028843649587408,"mean centered height; standardized over kukuku, pipipi, tatata, kutapi, pitaku, takupi",log outcome; response-scale mean across shared sequences,8123,28,independence,robust sandwich
Figure 1,B,log_articulationrate,normal,Habitual,93.643333333333331,0,3.6691452020643998,3.3472349372230004,4.0220142195938413,"mean centered height; standardized over kukuku, pipipi, tatata, kutapi, pitaku, takupi",log outcome; response-scale mean across shared sequences,8123,28,independence,robust sandwich
Figure 1,B,log_articulationrate,normal,Habitual,93.869166666666658,0,3.6652020951431203,3.3457035319821005,4.0152112313080437,"mean centered height; standardized over kukuku, pipipi, tatata, kutapi, pitaku, takupi",log outcome; response-scale mean across shared sequences,8123,28,independence,robust sandwich
Figure 1,B,log_articulationrate,normal,Habitual,94.094999999999999,0,3.6612632257462039,3.3441601935363749,4.008434893193968,"mean centered height; standardized over kukuku, pipipi, tatata, kutapi, pitaku, takupi",log outcome; response-scale mean across shared sequences,8123,28,independence,robust sandwich
Figure 1,B,log_articulationrate,normal,Habitual,94.320833333333326,0,3.6573285893197292,3.3426046806109069,4.001685418513441,"mean centered height; standardized over kukuku, pipipi, tatata, kutapi, pitaku, takupi",log outcome; response-scale mean across shared sequences,8123,28,independence,robust sandwich
Figure 1,B,log_articulationrate,normal,Habitual,94.546666666666667,0,3.6533981813146639,3.3410367471353051,3.9949630253775696,"mean centered height; standardized over kukuku, pipipi, tatata, kutapi, pitaku, takupi",log outcome; response-scale mean across shared sequences,8123,28,independence,robust sandwich
Figure 1,B,log_articulationrate,normal,Habitual,94.772499999999994,0,3.6494719971868648,3.3394561421956381,3.9882679367947294,"mean centered height; standardized over kukuku, pipipi, tatata, kutapi, pitaku, takupi",log outcome; response-scale mean across shared sequences,8123,28,independence,robust sandwich
Figure 1,B,log_articulationrate,normal,Habitual,94.998333333333335,0,3.6455500323970735,3.337862609990232,3.9816003807146507,"mean centered height; standardized over kukuku, pipipi, tatata, kutapi, pitaku, takupi",log outcome; response-scale mean across shared sequences,8123,28,independence,robust sandwich
Figure 1,B,log_articulationrate,normal,Habitual,95.224166666666662,0,3.6416322824109102,3.3362558897897294,3.9749605900682616,"mean centered height; standardized over kukuku, pipipi, tatata, kutapi, pitaku, takupi",log outcome; response-scale mean across shared sequences,8123,28,independence,robust sandwich
Figure 1,B,log_articulationrate,normal,Habitual,95.449999999999989,0,3.6377187426988673,3.3346357159018312,3.9683488028028413,"mean centered height; standardized over kukuku, pipipi, tatata, kutapi, pitaku, takupi",log outcome; response-scale mean across shared sequences,8123,28,independence,robust sandwich
Figure 1,B,log_articulationrate,normal,Habitual,95.67583333333333,0,3.6338094087363042,3.3330018176411773,3.9617652619120358,"mean centered height; standardized over kukuku, pipipi, tatata, kutapi, pitaku, takupi",log outcome; response-scale mean across shared sequences,8123,28,independence,robust sandwich
Figure 1,B,log_articulationrate,normal,Habitual,95.901666666666657,0,3.6299042760034426,3.3313539193048407,3.9552102154602586,"mean centered height; standardized over kukuku, pipipi, tatata, kutapi, pitaku, takupi",log outcome; response-scale mean across shared sequences,8123,28,independence,robust sandwich
Figure 1,B,log_articulationrate,normal,Habitual,96.127499999999998,0,3.6260033399853633,3.3296917401539257,3.9486839166010022,"mean centered height; standardized over kukuku, pipipi, tatata, kutapi, pitaku, takupi",log outcome; response-scale mean across shared sequences,8123,28,independence,robust sandwich
Figure 1,B,log_articulationrate,normal,Habitual,96.353333333333325,0,3.6221065961719989,3.3280149944017987,3.9421866235884928,"mean centered height; standardized over kukuku, pipipi, tatata, kutapi, pitaku, takupi",log outcome; response-scale mean across shared sequences,8123,28,independence,robust sandwich
Figure 1,B,log_articulationrate,normal,Habitual,96.579166666666666,0,3.6182140400581257,3.3263233912094887,3.9357185997821871,"mean centered height; standardized over kukuku, pipipi, tatata, kutapi, pitaku, takupi",log outcome; response-scale mean across shared sequences,8123,28,independence,robust sandwich
Figure 1,B,log_articulationrate,normal,Habitual,96.804999999999993,0,3.6143256671433668,3.3246166346888422,3.9292801136435296,"mean centered height; standardized over kukuku, pipipi, tatata, kutapi, pitaku, takupi",log outcome; response-scale mean across shared sequences,8123,28,independence,robust sandwich
Figure 1,B,log_articulationrate,normal,Habitual,97.030833333333334,0,3.6104414729321754,3.3228944239140126,3.922871438724342,"mean centered height; standardized over kukuku, pipipi, tatata, kutapi, pitaku, takupi",log outcome; response-scale mean across shared sequences,8123,28,independence,robust sandwich
Figure 1,B,log_articulationrate,normal,Habitual,97.256666666666661,0,3.6065614529338443,3.3211564529419233,3.9164928536462837,"mean centered height; standardized over kukuku, pipipi, tatata, kutapi, pitaku, takupi",log outcome; response-scale mean across shared sequences,8123,28,independence,robust sandwich
Figure 1,B,log_articulationrate,normal,Habitual,97.482499999999987,0,3.6026856026624823,3.3194024108423017,3.9101446420706831,"mean centered height; standardized over kukuku, pipipi, tatata, kutapi, pitaku, takupi",log outcome; response-scale mean across shared sequences,8123,28,independence,robust sandwich
Figure 1,B,log_articulationrate,normal,Habitual,97.708333333333329,0,3.5988139176370262,3.3176319817380189,3.9038270926581302,"mean centered height; standardized over kukuku, pipipi, tatata, kutapi, pitaku, takupi",log outcome; response-scale mean across shared sequences,8123,28,independence,robust sandwich
Figure 1,B,log_articulationrate,normal,Habitual,97.934166666666655,0,3.5949463933812269,3.3158448448563513,3.8975404990170959,"mean centered height; standardized over kukuku, pipipi, tatata, kutapi, pitaku, takupi",log outcome; response-scale mean across shared sequences,8123,28,independence,robust sandwich
Figure 1,B,log_articulationrate,normal,Habitual,98.159999999999997,0,3.5910830254236434,3.3140406745919027,3.8912851596409128,"mean centered height; standardized over kukuku, pipipi, tatata, kutapi, pitaku, takupi",log outcome; response-scale mean across shared sequences,8123,28,independence,robust sandwich
Figure 1,B,log_articulationrate,normal,Habitual,98.385833333333323,0,3.5872238092976452,3.3122191405819037,3.885061377832379,"mean centered height; standardized over kukuku, pipipi, tatata, kutapi, pitaku, takupi",log outcome; response-scale mean across shared sequences,8123,28,independence,robust sandwich
Figure 1,B,log_articulationrate,normal,Habitual,98.611666666666665,0,3.583368740541395,3.3103799077946205,3.8788694616152384,"mean centered height; standardized over kukuku, pipipi, tatata, kutapi, pitaku, takupi",log outcome; response-scale mean across shared sequences,8123,28,independence,robust sandwich
Figure 1,B,log_articulationrate,normal,Habitual,98.837499999999991,0,3.579517814697855,3.3085226366316394,3.8727097236318113,"mean centered height; standardized over kukuku, pipipi, tatata, kutapi, pitaku, takupi",log outcome; response-scale mean across shared sequences,8123,28,independence,robust sandwich
Figure 1,B,log_articulationrate,normal,Habitual,99.063333333333333,0,3.5756710273147774,3.306646983044748,3.866582481026005,"mean centered height; standardized over kukuku, pipipi, tatata, kutapi, pitaku, takupi",log outcome; response-scale mean across shared sequences,8123,28,independence,robust sandwich
Figure 1,B,log_articulationrate,normal,Habitual,99.289166666666659,0,3.571828373944697,3.3047525986682347,3.8604880553109129,"mean centered height; standardized over kukuku, pipipi, tatata, kutapi, pitaku, takupi",log outcome; response-scale mean across shared sequences,8123,28,independence,robust sandwich
Figure 1,B,log_articulationrate,normal,Habitual,99.514999999999986,0,3.5679898501449294,3.3028391309673348,3.8544267722202732,"mean centered height; standardized over kukuku, pipipi, tatata, kutapi, pitaku, takupi",log outcome; response-scale mean across shared sequences,8123,28,independence,robust sandwich
Figure 1,B,log_articulationrate,normal,Habitual,99.740833333333327,0,3.5641554514775637,3.3009062234036062,3.8483989615429914,"mean centered height; standardized over kukuku, pipipi, tatata, kutapi, pitaku, takupi",log outcome; response-scale mean across shared sequences,8123,28,independence,robust sandwich
Figure 1,B,log_articulationrate,normal,Habitual,99.966666666666654,0,3.5603251735094603,3.2989535156180065,3.8424049569399696,"mean centered height; standardized over kukuku, pipipi, tatata, kutapi, pitaku, takupi",log outcome; response-scale mean across shared sequences,8123,28,independence,robust sandwich
Figure 1,B,log_articulationrate,normal,Habitual,100.1925,0,3.556499011812241,3.2969806436324109,3.8364450957424792,"mean centered height; standardized over kukuku, pipipi, tatata, kutapi, pitaku, takupi",log outcome; response-scale mean across shared sequences,8123,28,independence,robust sandwich
Figure 1,B,log_articulationrate,normal,Habitual,100.41833333333332,0,3.5526769619622889,3.2949872400703124,3.8305197187313733,"mean centered height; standardized over kukuku, pipipi, tatata, kutapi, pitaku, takupi",log outcome; response-scale mean across shared sequences,8123,28,independence,robust sandwich
Figure 1,B,log_articulationrate,normal,Habitual,100.64416666666666,0,3.5488590195407395,3.2929729343974223,3.8246291698963795,"mean centered height; standardized over kukuku, pipipi, tatata, kutapi, pitaku, takupi",log outcome; response-scale mean across shared sequences,8123,28,independence,robust sandwich
Figure 1,B,log_articulationrate,normal,Habitual,100.86999999999999,0,3.5450451801334775,3.2909373531828421,3.8187737961748329,"mean centered height; standardized over kukuku, pipipi, tatata, kutapi, pitaku, takupi",log outcome; response-scale mean across shared sequences,8123,28,independence,robust sandwich
Figure 1,B,log_articulationrate,normal,Habitual,101.09583333333333,0,3.5412354393311314,3.288880120381469,3.812953947169174,"mean centered height; standardized over kukuku, pipipi, tatata, kutapi, pitaku, takupi",log outcome; response-scale mean across shared sequences,8123,28,independence,robust sandwich
Figure 1,B,log_articulationrate,normal,Habitual,101.32166666666666,0,3.5374297927290694,3.2868008576382217,3.8071699748426253,"mean centered height; standardized over kukuku, pipipi, tatata, kutapi, pitaku, takupi",log outcome; response-scale mean across shared sequences,8123,28,independence,robust sandwich
Figure 1,B,log_articulationrate,normal,Habitual,101.54749999999999,0,3.5336282359273903,3.2846991846146447,3.8014222331924792,"mean centered height; standardized over kukuku, pipipi, tatata, kutapi, pitaku, takupi",log outcome; response-scale mean across shared sequences,8123,28,independence,robust sandwich
Figure 1,B,log_articulationrate,normal,Habitual,101.77333333333333,0,3.5298307645309261,3.2825747193383759,3.7957110779005565,"mean centered height; standardized over kukuku, pipipi, tatata, kutapi, pitaku, takupi",log outcome; response-scale mean across shared sequences,8123,28,independence,robust sandwich
Figure 1,B,log_articulationrate,normal,Habitual,101.99916666666665,0,3.5260373741492264,3.2804270785758858,3.7900368659603361,"mean centered height; standardized over kukuku, pipipi, tatata, kutapi, pitaku, takupi",log outcome; response-scale mean across shared sequences,8123,28,independence,robust sandwich
Figure 1,B,log_articulationrate,normal,Habitual,102.22499999999999,0,3.5222480603965622,3.2782558782288493,3.7843999552805148,"mean centered height; standardized over kukuku, pipipi, tatata, kutapi, pitaku, takupi",log outcome; response-scale mean across shared sequences,8123,28,independence,robust sandwich
Figure 1,B,log_articulationrate,normal,Habitual,102.45083333333332,0,3.5184628188919191,3.2760607337543575,3.7788007042646923,"mean centered height; standardized over kukuku, pipipi, tatata, kutapi, pitaku, takupi",log outcome; response-scale mean across shared sequences,8123,28,independence,robust sandwich
Figure 1,B,log_articulationrate,normal,Habitual,102.67666666666666,0,3.5146816452589884,3.2738412606091427,3.773239471367035,"mean centered height; standardized over kukuku, pipipi, tatata, kutapi, pitaku, takupi",log outcome; response-scale mean across shared sequences,8123,28,independence,robust sandwich
Figure 1,B,log_articulationrate,normal,Habitual,102.90249999999999,0,3.5109045351261656,3.2715970747178518,3.7677166146239234,"mean centered height; standardized over kukuku, pipipi, tatata, kutapi, pitaku, takupi",log outcome; response-scale mean across shared sequences,8123,28,independence,robust sandwich
Figure 1,B,log_articulationrate,normal,Habitual,103.12833333333333,0,3.5071314841265422,3.269327792965258,3.7622324911616327,"mean centered height; standardized over kukuku, pipipi, tatata, kutapi, pitaku, takupi",log outcome; response-scale mean across shared sequences,8123,28,independence,robust sandwich
Figure 1,B,log_articulationrate,normal,Habitual,103.35416666666666,0,3.5033624878979062,3.2670330337122295,3.7567874566802746,"mean centered height; standardized over kukuku, pipipi, tatata, kutapi, pitaku, takupi",log outcome; response-scale mean across shared sequences,8123,28,independence,robust sandwich
Figure 1,B,log_articulationrate,normal,Habitual,103.57999999999998,0,3.4995975420827303,3.264712417335065,3.7513818649143609,"mean centered height; standardized over kukuku, pipipi, tatata, kutapi, pitaku, takupi",log outcome; response-scale mean across shared sequences,8123,28,independence,robust sandwich
Figure 1,B,log_articulationrate,normal,Habitual,103.80583333333333,0,3.4958366423281717,3.2623655667877025,3.7460160670705038,"mean centered height; standardized over kukuku, pipipi, tatata, kutapi, pitaku, takupi",log outcome; response-scale mean across shared sequences,8123,28,independence,robust sandwich
Figure 1,B,log_articulationrate,normal,Habitual,104.03166666666667,0,3.4920797842860658,3.2599921081861463,3.7406904112428911,"mean centered height; standardized over kukuku, pipipi, tatata, kutapi, pitaku, takupi",log outcome; response-scale mean across shared sequences,8123,28,independence,robust sandwich
Figure 1,B,log_articulationrate,normal,Habitual,104.25749999999999,0,3.4883269636129204,3.2575916714142483,3.7354052418074066,"mean centered height; standardized over kukuku, pipipi, tatata, kutapi, pitaku, takupi",log outcome; response-scale mean across shared sequences,8123,28,independence,robust sandwich
Figure 1,B,log_articulationrate,normal,Habitual,104.48333333333332,0,3.4845781759699093,3.2551638907498628,3.7301608987953814,"mean centered height; standardized over kukuku, pipipi, tatata, kutapi, pitaku, takupi",log outcome; response-scale mean across shared sequences,8123,28,independence,robust sandwich
Figure 1,B,log_articulationrate,normal,Habitual,104.70916666666666,0,3.4808334170228719,3.2527084055101594,3.7249577172481891,"mean centered height; standardized over kukuku, pipipi, tatata, kutapi, pitaku, takupi",log outcome; response-scale mean across shared sequences,8123,28,independence,robust sandwich
Figure 1,B,log_articulationrate,normal,Habitual,104.93499999999999,0,3.4770926824423039,3.2502248607147286,3.7197960265540435,"mean centered height; standardized over kukuku, pipipi, tatata, kutapi, pitaku, takupi",log outcome; response-scale mean across shared sequences,8123,28,independence,robust sandwich
Figure 1,B,log_articulationrate,normal,Habitual,105.16083333333333,0,3.473355967903355,3.247712907764905,3.7146761497685792,"mean centered height; standardized over kukuku, pipipi, tatata, kutapi, pitaku, takupi",log outcome; response-scale mean across shared sequences,8123,28,independence,robust sandwich
Figure 1,B,log_articulationrate,normal,Habitual,105.38666666666666,0,3.4696232690858193,3.245172205137532,3.7095984029209874,"mean centered height; standardized over kukuku, pipipi, tatata, kutapi, pitaku, takupi",log outcome; response-scale mean across shared sequences,8123,28,independence,robust sandwich
Figure 1,B,log_articulationrate,normal,Habitual,105.6125,0,3.4658945816741387,3.2426024190912393,3.7045630943076624,"mean centered height; standardized over kukuku, pipipi, tatata, kutapi, pitaku, takupi",log outcome; response-scale mean across shared sequences,8123,28,independence,robust sandwich
Figure 1,B,log_articulationrate,normal,Habitual,105.83833333333332,0,3.4621699013573886,3.2400032243830479,3.6995705237754781,"mean centered height; standardized over kukuku, pipipi, tatata, kutapi, pitaku, takupi",log outcome; response-scale mean across shared sequences,8123,28,independence,robust sandwich
Figure 1,B,log_articulationrate,normal,Habitual,106.06416666666667,0,3.4584492238292786,3.2373743049929713,3.694620981997109,"mean centered height; standardized over kukuku, pipipi, tatata, kutapi, pitaku, takupi",log outcome; response-scale mean across shared sequences,8123,28,independence,robust sandwich
Figure 1,B,log_articulationrate,normal,Habitual,106.28999999999999,0,3.4547325447881483,3.2347153548541261,3.6897147497408249,"mean centered height; standardized over kukuku, pipipi, tatata, kutapi, pitaku, takupi",log outcome; response-scale mean across shared sequences,8123,28,independence,robust sandwich
Figure 1,B,log_articulationrate,normal,Habitual,106.51583333333332,0,3.4510198599369573,3.2320260785855854,3.6848520971375347,"mean centered height; standardized over kukuku, pipipi, tatata, kutapi, pitaku, takupi",log outcome; response-scale mean across shared sequences,8123,28,independence,robust sandwich
Figure 1,B,log_articulationrate,normal,Habitual,106.74166666666666,0,3.4473111649832826,3.229306192225176,3.6800332829478997,"mean centered height; standardized over kukuku, pipipi, tatata, kutapi, pitaku, takupi",log outcome; response-scale mean across shared sequences,8123,28,independence,robust sandwich
Figure 1,B,log_articulationrate,normal,Habitual,106.96749999999999,0,3.4436064556393187,3.2265554239591809,3.6752585538325508,"mean centered height; standardized over kukuku, pipipi, tatata, kutapi, pitaku, takupi",log outcome; response-scale mean across shared sequences,8123,28,independence,robust sandwich
Figure 1,B,log_articulationrate,normal,Habitual,107.19333333333333,0,3.4399057276218596,3.2237735148457771,3.6705281436285251,"mean centered height; standardized over kukuku, pipipi, tatata, kutapi, pitaku, takupi",log outcome; response-scale mean across shared sequences,8123,28,independence,robust sandwich
Figure 1,B,log_articulationrate,normal,Habitual,107.41916666666665,0,3.4362089766523147,3.2209602195290006,3.6658422726352566,"mean centered height; standardized over kukuku, pipipi, tatata, kutapi, pitaku, takupi",log outcome; response-scale mean across shared sequences,8123,28,independence,robust sandwich
Figure 1,B,log_articulationrate,normal,Habitual,107.645,0,3.4325161984566788,3.2181153069397985,3.6612011469133785,"mean centered height; standardized over kukuku, pipipi, tatata, kutapi, pitaku, takupi",log outcome; response-scale mean across shared sequences,8123,28,independence,robust sandwich
Figure 1,B,log_articulationrate,normal,Habitual,107.87083333333332,0,3.4288273887655478,3.2152385609808154,3.6566049575998836,"mean centered height; standardized over kukuku, pipipi, tatata, kutapi, pitaku, takupi",log outcome; response-scale mean across shared sequences,8123,28,independence,robust sandwich
Figure 1,B,log_articulationrate,normal,Habitual,108.09666666666666,0,3.4251425433141036,3.21232978119136,3.6520538802430482,"mean centered height; standardized over kukuku, pipipi, tatata, kutapi, pitaku, takupi",log outcome; response-scale mean across shared sequences,8123,28,independence,robust sandwich
Figure 1,B,log_articulationrate,normal,Habitual,108.32249999999999,0,3.42146165784211,3.2093887833890995,3.6475480741606434,"mean centered height; standardized over kukuku, pipipi, tatata, kutapi, pitaku, takupi",log outcome; response-scale mean across shared sequences,8123,28,independence,robust sandwich
Figure 1,B,log_articulationrate,normal,Habitual,108.54833333333332,0,3.4177847280939102,3.2064154002849627,3.6430876818249502,"mean centered height; standardized over kukuku, pipipi, tatata, kutapi, pitaku, takupi",log outcome; response-scale mean across shared sequences,8123,28,independence,robust sandwich
Figure 1,B,log_articulationrate,normal,Habitual,108.77416666666666,0,3.4141117498184226,3.2034094820677916,3.6386728282780121,"mean centered height; standardized over kukuku, pipipi, tatata, kutapi, pitaku, takupi",log outcome; response-scale mean across shared sequences,8123,28,independence,robust sandwich
Figure 1,B,log_articulationrate,normal,Habitual,108.99999999999999,0,3.4104427187691306,3.2003708969553615,3.6343036205805141,"mean centered height; standardized over kukuku, pipipi, tatata, kutapi, pitaku, takupi",log outcome; response-scale mean across shared sequences,8123,28,independence,robust sandwich
Figure 1,B,log_articulationrate,normal,Habitual,109.22583333333333,0,3.4067776307040845,3.1972995317084947,3.6299801472975957,"mean centered height; standardized over kukuku, pipipi, tatata, kutapi, pitaku, takupi",log outcome; response-scale mean across shared sequences,8123,28,independence,robust sandwich
Figure 1,B,log_articulationrate,normal,Habitual,109.45166666666665,0,3.4031164813858914,3.1941952921050851,3.6257024780247162,"mean centered height; standardized over kukuku, pipipi, tatata, kutapi, pitaku, takupi",log outcome; response-scale mean across shared sequences,8123,28,independence,robust sandwich
Figure 1,B,log_articulationrate,normal,Habitual,109.67749999999999,0,3.3994592665817103,3.1910581033710748,3.6214706629565949,"mean centered height; standardized over kukuku, pipipi, tatata, kutapi, pitaku, takupi",log outcome; response-scale mean across shared sequences,8123,28,independence,robust sandwich
Figure 1,B,log_articulationrate,normal,Habitual,109.90333333333332,0,3.3958059820632545,3.187887910565586,3.6172847325019966,"mean centered height; standardized over kukuku, pipipi, tatata, kutapi, pitaku, takupi",log outcome; response-scale mean across shared sequences,8123,28,independence,robust sandwich
Figure 1,B,log_articulationrate,normal,Habitual,110.12916666666666,0,3.3921566236067764,3.1846846789176273,3.6131446969469185,"mean centered height; standardized over kukuku, pipipi, tatata, kutapi, pitaku, takupi",log outcome; response-scale mean across shared sequences,8123,28,independence,robust sandwich
Figure 1,B,log_articulationrate,normal,Habitual,110.35499999999999,0,3.3885111869930697,3.1814483941120835,3.6090505461685218,"mean centered height; standardized over kukuku, pipipi, tatata, kutapi, pitaku, takupi",log outcome; response-scale mean across shared sequences,8123,28,independence,robust sandwich
Figure 1,B,log_articulationrate,normal,Habitual,110.58083333333332,0,3.3848696680074628,3.1781790625229536,3.6050022494017999,"mean centered height; standardized over kukuku, pipipi, tatata, kutapi, pitaku, takupi",log outcome; response-scale mean across shared sequences,8123,28,independence,robust sandwich
Figure 1,B,log_articulationrate,normal,Habitual,110.80666666666666,0,3.3812320624398104,3.1748767113921068,3.6009997550607236,"mean centered height; standardized over kukuku, pipipi, tatata, kutapi, pitaku, takupi",log outcome; response-scale mean across shared sequences,8123,28,independence,robust sandwich
Figure 1,B,log_articulationrate,normal,Habitual,111.0325,0,3.3775983660844964,3.1715413889521562,3.5970429906152979,"mean centered height; standardized over kukuku, pipipi, tatata, kutapi, pitaku, takupi",log outcome; response-scale mean across shared sequences,8123,28,independence,robust sandwich
Figure 1,B,log_articulationrate,normal,Habitual,111.25833333333333,0,3.3739685747404198,3.1681731644923983,3.5931318625255071,"mean centered height; standardized over kukuku, pipipi, tatata, kutapi, pitaku, takupi",log outcome; response-scale mean across shared sequences,8123,28,independence,robust sandwich
Figure 1,B,log_articulationrate,normal,Habitual,111.48416666666665,0,3.3703426842109976,3.1647721283671055,3.5892662562329516,"mean centered height; standardized over kukuku, pipipi, tatata, kutapi, pitaku, takupi",log outcome; response-scale mean across shared sequences,8123,28,independence,robust sandwich
Figure 1,B,log_articulationrate,normal,Habitual,111.70999999999999,0,3.3667206903041542,3.1613383919458231,3.5854460362104534,"mean centered height; standardized over kukuku, pipipi, tatata, kutapi, pitaku, takupi",log outcome; response-scale mean across shared sequences,8123,28,independence,robust sandwich
Figure 1,B,log_articulationrate,normal,Habitual,111.93583333333332,0,3.3631025888323212,3.157872087505726,3.5816710460696113,"mean centered height; standardized over kukuku, pipipi, tatata, kutapi, pitaku, takupi",log outcome; response-scale mean across shared sequences,8123,28,independence,robust sandwich
Figure 1,B,log_articulationrate,normal,Habitual,112.16166666666666,0,3.3594883756124307,3.1543733680663952,3.5779411087259376,"mean centered height; standardized over kukuku, pipipi, tatata, kutapi, pitaku, takupi",log outcome; response-scale mean across shared sequences,8123,28,independence,robust sandwich
Figure 1,B,log_articulationrate,normal,Habitual,112.38749999999999,0,3.3558780464659068,3.1508424071678101,3.5742560266207675,"mean centered height; standardized over kukuku, pipipi, tatata, kutapi, pitaku, takupi",log outcome; response-scale mean across shared sequences,8123,28,independence,robust sandwich
Figure 1,B,log_articulationrate,normal,Habitual,112.61333333333332,0,3.3522715972186696,3.1472793985926817,3.5706155819988536,"mean centered height; standardized over kukuku, pipipi, tatata, kutapi, pitaku, takupi",log outcome; response-scale mean across shared sequences,8123,28,independence,robust sandwich
Figure 1,B,log_articulationrate,normal,Habitual,112.83916666666666,0,3.3486690237011185,3.1436845560345716,3.5670195372401365,"mean centered height; standardized over kukuku, pipipi, tatata, kutapi, pitaku, takupi",log outcome; response-scale mean across shared sequences,8123,28,independence,robust sandwich
Figure 1,B,log_articulationrate,normal,Habitual,113.065,0,3.345070321748139,3.1400581127136555,3.5634676352439145,"mean centered height; standardized over kukuku, pipipi, tatata, kutapi, pitaku, takupi",log outcome; response-scale mean across shared sequences,8123,28,independence,robust sandwich
Figure 1,B,log_articulationrate,normal,Habitual,113.29083333333332,0,3.3414754871990913,3.1364003209421907,3.5599595998632738,"mean centered height; standardized over kukuku, pipipi, tatata, kutapi, pitaku, takupi",log outcome; response-scale mean across shared sequences,8123,28,independence,robust sandwich
Figure 1,B,log_articulationrate,normal,Habitual,113.51666666666665,0,3.3378845158978057,3.1327114516421619,3.5564951363873583,"mean centered height; standardized over kukuku, pipipi, tatata, kutapi, pitaku, takupi",log outcome; response-scale mean across shared sequences,8123,28,independence,robust sandwich
Figure 1,B,log_articulationrate,normal,Habitual,113.74249999999999,0,3.3342974036925797,3.1289917938177565,3.5530739320688043,"mean centered height; standardized over kukuku, pipipi, tatata, kutapi, pitaku, takupi",log outcome; response-scale mean across shared sequences,8123,28,independence,robust sandwich
Figure 1,B,log_articulationrate,normal,Habitual,113.96833333333332,0,3.3307141464361734,3.125241653985571,3.5496956566934541,"mean centered height; standardized over kukuku, pipipi, tatata, kutapi, pitaku, takupi",log outcome; response-scale mean across shared sequences,8123,28,independence,robust sandwich
Figure 1,B,log_articulationrate,normal,Habitual,114.19416666666666,0,3.3271347399858016,3.1214613555657236,3.546359963189142,"mean centered height; standardized over kukuku, pipipi, tatata, kutapi, pitaku, takupi",log outcome; response-scale mean across shared sequences,8123,28,independence,robust sandwich
Figure 1,B,log_articulationrate,normal,Habitual,114.41999999999999,0,3.3235591802031341,3.1176512382371473,3.5430664882703273,"mean centered height; standardized over kukuku, pipipi, tatata, kutapi, pitaku, takupi",log outcome; response-scale mean across shared sequences,8123,28,independence,robust sandwich
Figure 1,B,log_articulationrate,normal,Habitual,114.64583333333331,0,3.3199874629542845,3.1138116572605044,3.5398148531150837,"mean centered height; standardized over kukuku, pipipi, tatata, kutapi, pitaku, takupi",log outcome; response-scale mean across shared sequences,8123,28,independence,robust sandwich
Figure 1,B,log_articulationrate,normal,Habitual,114.87166666666666,0,3.3164195841098141,3.1099429827723291,3.5366046640708761,"mean centered height; standardized over kukuku, pipipi, tatata, kutapi, pitaku, takupi",log outcome; response-scale mean across shared sequences,8123,28,independence,robust sandwich
Figure 1,B,log_articulationrate,normal,Habitual,115.0975,0,3.312855539544715,3.1060455990539926,3.5334355133854967,"mean centered height; standardized over kukuku, pipipi, tatata, kutapi, pitaku, takupi",log outcome; response-scale mean across shared sequences,8123,28,independence,robust sandwich
Figure 1,B,log_articulationrate,normal,Habitual,115.32333333333332,0,3.3092953251384198,3.1021199037792013,3.5303069799594975,"mean centered height; standardized over kukuku, pipipi, tatata, kutapi, pitaku, takupi",log outcome; response-scale mean across shared sequences,8123,28,independence,robust sandwich
Figure 1,B,log_articulationrate,normal,Habitual,115.54916666666665,0,3.3057389367747838,3.098166307243742,3.5272186301163422,"mean centered height; standardized over kukuku, pipipi, tatata, kutapi, pitaku, takupi",log outcome; response-scale mean across shared sequences,8123,28,independence,robust sandwich
Figure 1,B,log_articulationrate,normal,Habitual,115.77499999999999,0,3.3021863703420866,3.0941852315811031,3.524170018386704,"mean centered height; standardized over kukuku, pipipi, tatata, kutapi, pitaku, takupi",log outcome; response-scale mean across shared sequences,8123,28,independence,robust sandwich
Figure 1,B,log_articulationrate,normal,Habitual,116.00083333333332,0,3.2986376217330302,3.0901771099676911,3.5211606883031723,"mean centered height; standardized over kukuku, pipipi, tatata, kutapi, pitaku, takupi",log outcome; response-scale mean across shared sequences,8123,28,independence,robust sandwich
Figure 1,B,log_articulationrate,normal,Habitual,116.22666666666666,0,3.2950926868447268,3.0861423858211117,3.5181901732018672,"mean centered height; standardized over kukuku, pipipi, tatata, kutapi, pitaku, takupi",log outcome; response-scale mean across shared sequences,8123,28,independence,robust sandwich
Figure 1,B,log_articulationrate,normal,Habitual,116.45249999999999,0,3.291551561578697,3.0820815119950518,3.515257997027482,"mean centered height; standardized over kukuku, pipipi, tatata, kutapi, pitaku, takupi",log outcome; response-scale mean across shared sequences,8123,28,independence,robust sandwich
Figure 1,B,log_articulationrate,normal,Habitual,116.67833333333331,0,3.2880142418408713,3.0779949499740558,3.5123636751384297,"mean centered height; standardized over kukuku, pipipi, tatata, kutapi, pitaku, takupi",log outcome; response-scale mean across shared sequences,8123,28,independence,robust sandwich
Figure 1,B,log_articulationrate,normal,Habitual,116.90416666666665,0,3.2844807235415741,3.0738831690714052,3.5095067151088544,"mean centered height; standardized over kukuku, pipipi, tatata, kutapi, pitaku, takupi",log outcome; response-scale mean across shared sequences,8123,28,independence,robust sandwich
Figure 1,B,log_articulationrate,normal,Habitual,117.13,0,3.2809510025955291,3.0697466456331384,3.5066866175245508,"mean centered height; standardized over kukuku, pipipi, tatata, kutapi, pitaku, takupi",log outcome; response-scale mean across shared sequences,8123,28,independence,robust sandwich
Figure 1,B,log_articulationrate,normal,Habitual,117.35583333333332,0,3.277425074921847,3.0655858622510586,3.5039028767698532,"mean centered height; standardized over kukuku, pipipi, tatata, kutapi, pitaku, takupi",log outcome; response-scale mean across shared sequences,8123,28,independence,robust sandwich
Figure 1,B,log_articulationrate,normal,Habitual,117.58166666666665,0,3.273902936444026,3.0614013069873982,3.5011549818028929,"mean centered height; standardized over kukuku, pipipi, tatata, kutapi, pitaku, takupi",log outcome; response-scale mean across shared sequences,8123,28,independence,robust sandwich
Figure 1,B,log_articulationrate,normal,Habitual,117.80749999999999,0,3.2703845830899456,3.0571934726136192,3.4984424169167156,"mean centered height; standardized over kukuku, pipipi, tatata, kutapi, pitaku, takupi",log outcome; response-scale mean across shared sequences,8123,28,independence,robust sandwich
Figure 1,B,log_articulationrate,normal,Habitual,118.03333333333332,0,3.2668700107918602,3.0529628558656019,3.4957646624840018,"mean centered height; standardized over kukuku, pipipi, tatata, kutapi, pitaku, takupi",log outcome; response-scale mean across shared sequences,8123,28,independence,robust sandwich
Figure 1,B,log_articulationrate,normal,Habitual,118.25916666666666,0,3.2633592154863948,3.0487099567172611,3.4931211956833645,"mean centered height; standardized over kukuku, pipipi, tatata, kutapi, pitaku, takupi",log outcome; response-scale mean across shared sequences,8123,28,independence,robust sandwich
Figure 1,B,log_articulationrate,normal,Habitual,118.48499999999999,0,3.2598521931145448,3.0444352776744812,3.4905114912053437,"mean centered height; standardized over kukuku, pipipi, tatata, kutapi, pitaku, takupi",log outcome; response-scale mean across shared sequences,8123,28,independence,robust sandwich
Figure 1,B,log_articulationrate,normal,Habitual,118.71083333333333,0,3.2563489396216618,3.0401393230909139,3.4879350219364991,"mean centered height; standardized over kukuku, pipipi, tatata, kutapi, pitaku, takupi",log outcome; response-scale mean across shared sequences,8123,28,independence,robust sandwich
Figure 1,B,log_articulationrate,normal,Habitual,118.93666666666665,0,3.2528494509574633,3.0358225985071483,3.485391259620191,"mean centered height; standardized over kukuku, pipipi, tatata, kutapi, pitaku, takupi",log outcome; response-scale mean across shared sequences,8123,28,independence,robust sandwich
Figure 1,B,log_articulationrate,normal,Habitual,119.16249999999999,0,3.2493537230760103,3.0314856100143746,3.4828796754927911,"mean centered height; standardized over kukuku, pipipi, tatata, kutapi, pitaku, takupi",log outcome; response-scale mean across shared sequences,8123,28,independence,robust sandwich
Figure 1,B,log_articulationrate,normal,Habitual,119.38833333333332,0,3.2458617519357187,3.0271288636436355,3.4803997408943816,"mean centered height; standardized over kukuku, pipipi, tatata, kutapi, pitaku, takupi",log outcome; response-scale mean across shared sequences,8123,28,independence,robust sandwich
Figure 1,B,log_articulationrate,normal,Habitual,119.61416666666665,0,3.2423735334993449,3.0227528647813919,3.4779509278530898,"mean centered height; standardized over kukuku, pipipi, tatata, kutapi, pitaku, takupi",log outcome; response-scale mean across shared sequences,8123,28,independence,robust sandwich
Figure 1,B,log_articulationrate,normal,Habitual,119.83999999999999,0,3.2388890637339816,3.018358117612109,3.4755327096424136,"mean centered height; standardized over kukuku, pipipi, tatata, kutapi, pitaku, takupi",log outcome; response-scale mean across shared sequences,8123,28,independence,robust sandwich
Figure 1,B,log_articulationrate,normal,Habitual,120.06583333333332,0,3.235408338611061,3.0139451245882727,3.4731445613111402,"mean centered height; standardized over kukuku, pipipi, tatata, kutapi, pitaku, takupi",log outcome; response-scale mean across shared sequences,8123,28,independence,robust sandwich
Figure 1,B,log_articulationrate,normal,Habitual,120.29166666666666,0,3.2319313541063415,3.009514385928115,3.4707859601855202,"mean centered height; standardized over kukuku, pipipi, tatata, kutapi, pitaku, takupi",log outcome; response-scale mean across shared sequences,8123,28,independence,robust sandwich
Figure 1,B,log_articulationrate,normal,Habitual,120.51749999999998,0,3.2284581061999056,3.0050663991412132,3.4684563863435915,"mean centered height; standardized over kukuku, pipipi, tatata, kutapi, pitaku, takupi",log outcome; response-scale mean across shared sequences,8123,28,independence,robust sandwich
Figure 1,B,log_articulationrate,normal,Habitual,120.74333333333333,0,3.2249885908761571,3.0006016585819153,3.46615532306167,"mean centered height; standardized over kukuku, pipipi, tatata, kutapi, pitaku, takupi",log outcome; response-scale mean across shared sequences,8123,28,independence,robust sandwich
Figure 1,B,log_articulationrate,normal,Habitual,120.96916666666665,0,3.2215228041238144,2.9961206550304467,3.4638822572331622,"mean centered height; standardized over kukuku, pipipi, tatata, kutapi, pitaku, takupi",log outcome; response-scale mean across shared sequences,8123,28,independence,robust sandwich
Figure 1,B,log_articulationrate,normal,Habitual,121.19499999999999,0,3.2180607419359091,2.9916238753014568,3.4616366797599381,"mean centered height; standardized over kukuku, pipipi, tatata, kutapi, pitaku, takupi",log outcome; response-scale mean across shared sequences,8123,28,independence,robust sandwich
Figure 1,B,log_articulationrate,normal,Habitual,121.42083333333332,0,3.2146024003097753,2.9871118018795744,3.4594180859166821,"mean centered height; standardized over kukuku, pipipi, tatata, kutapi, pitaku, takupi",log outcome; response-scale mean across shared sequences,8123,28,independence,robust sandwich
Figure 1,B,log_articulationrate,normal,Habitual,121.64666666666665,0,3.2111477752470505,2.9825849125815358,3.4572259756886958,"mean centered height; standardized over kukuku, pipipi, tatata, kutapi, pitaku, takupi",log outcome; response-scale mean across shared sequences,8123,28,independence,robust sandwich
Figure 1,B,log_articulationrate,normal,Habitual,121.87249999999999,0,3.2076968627536711,2.9780436802443013,3.4550598540836939,"mean centered height; standardized over kukuku, pipipi, tatata, kutapi, pitaku, takupi",log outcome; response-scale mean across shared sequences,8123,28,independence,robust sandwich
Figure 1,B,log_articulationrate,normal,Habitual,122.09833333333333,0,3.2042496588398603,2.9734885724384998,3.4529192314182726,"mean centered height; standardized over kukuku, pipipi, tatata, kutapi, pitaku, takupi",log outcome; response-scale mean across shared sequences,8123,28,independence,robust sandwich
Figure 1,B,log_articulationrate,normal,Habitual,122.32416666666666,0,3.2008061595201358,2.9689200512065357,3.4508036235797337,"mean centered height; standardized over kukuku, pipipi, tatata, kutapi, pitaku, takupi",log outcome; response-scale mean across shared sequences,8123,28,independence,robust sandwich
Figure 1,B,log_articulationrate,normal,Habitual,122.54999999999998,0,3.1973663608132923,2.9643385728245257,3.4487125522640478,"mean centered height; standardized over kukuku, pipipi, tatata, kutapi, pitaku, takupi",log outcome; response-scale mean across shared sequences,8123,28,independence,robust sandwich
Figure 1,B,log_articulationrate,normal,Habitual,122.77583333333332,0,3.193930258742407,2.9597445875873221,3.4466455451907709,"mean centered height; standardized over kukuku, pipipi, tatata, kutapi, pitaku, takupi",log outcome; response-scale mean across shared sequences,8123,28,independence,robust sandwich
Figure 1,B,log_articulationrate,normal,Habitual,123.00166666666665,0,3.1904978493348302,2.955138539615719,3.4446021362957393,"mean centered height; standardized over kukuku, pipipi, tatata, kutapi, pitaku, takupi",log outcome; response-scale mean across shared sequences,8123,28,independence,robust sandwich
Figure 1,B,log_articulationrate,normal,Habitual,123.22749999999999,0,3.1870691286221775,2.9505208666849736,3.4425818659024685,"mean centered height; standardized over kukuku, pipipi, tatata, kutapi, pitaku, takupi",log outcome; response-scale mean across shared sequences,8123,28,independence,robust sandwich
Figure 1,B,log_articulationrate,normal,Habitual,123.45333333333332,0,3.1836440926403373,2.9458920000737669,3.4405842808731326,"mean centered height; standardized over kukuku, pipipi, tatata, kutapi, pitaku, takupi",log outcome; response-scale mean across shared sequences,8123,28,independence,robust sandwich
Figure 1,B,log_articulationrate,normal,Habitual,123.67916666666665,0,3.1802227374294514,2.9412523644326352,3.4386089347400213,"mean centered height; standardized over kukuku, pipipi, tatata, kutapi, pitaku, takupi",log outcome; response-scale mean across shared sequences,8123,28,independence,robust sandwich
Figure 1,B,log_articulationrate,normal,Habitual,123.90499999999999,0,3.1768050590339172,2.9366023776709862,3.4366553878184583,"mean centered height; standardized over kukuku, pipipi, tatata, kutapi, pitaku, takupi",log outcome; response-scale mean across shared sequences,8123,28,independence,robust sandwich
Figure 1,B,log_articulationrate,normal,Habitual,124.13083333333333,0,3.173391053502387,2.9319424508617691,3.4347232073020573,"mean centered height; standardized over kukuku, pipipi, tatata, kutapi, pitaku, takupi",log outcome; response-scale mean across shared sequences,8123,28,independence,robust sandwich
Figure 1,B,log_articulationrate,normal,Habitual,124.35666666666665,0,3.1699807168877565,2.9272729881628399,3.4328119673412627,"mean centered height; standardized over kukuku, pipipi, tatata, kutapi, pitaku, takupi",log outcome; response-scale mean across shared sequences,8123,28,independence,robust sandwich
Figure 1,B,log_articulationrate,normal,Habitual,124.58249999999998,0,3.1665740452471653,2.9225943867541448,3.4309212491060963,"mean centered height; standardized over kukuku, pipipi, tatata, kutapi, pitaku, takupi",log outcome; response-scale mean across shared sequences,8123,28,independence,robust sandwich
Figure 1,B,log_articulationrate,normal,Habitual,124.80833333333332,0,3.1631710346419877,2.9179070367897917,3.4290506408339962,"mean centered height; standardized over kukuku, pipipi, tatata, kutapi, pitaku, takupi",log outcome; response-scale mean across shared sequences,8123,28,independence,robust sandwich
Figure 1,B,log_articulationrate,normal,Habitual,125.03416666666665,0,3.1597716811378329,2.9132113213641184,3.427199737863678,"mean centered height; standardized over kukuku, pipipi, tatata, kutapi, pitaku, takupi",log outcome; response-scale mean across shared sequences,8123,28,independence,robust sandwich
Figure 1,B,log_articulationrate,normal,Habitual,125.25999999999999,0,3.1563759808045373,2.9085076164908998,3.4253681426558424,"mean centered height; standardized over kukuku, pipipi, tatata, kutapi, pitaku, takupi",log outcome; response-scale mean across shared sequences,8123,28,independence,robust sandwich
Figure 1,B,log_articulationrate,normal,Habitual,125.48583333333332,0,3.1529839297161608,2.9037962910948405,3.423555464801602,"mean centered height; standardized over kukuku, pipipi, tatata, kutapi, pitaku, takupi",log outcome; response-scale mean across shared sequences,8123,28,independence,robust sandwich
Figure 1,B,log_articulationrate,normal,Habitual,125.71166666666664,0,3.1495955239509832,2.8990777070145097,3.4217613210194711,"mean centered height; standardized over kukuku, pipipi, tatata, kutapi, pitaku, takupi",log outcome; response-scale mean across shared sequences,8123,28,independence,robust sandwich
Figure 1,B,log_articulationrate,normal,Habitual,125.93749999999999,0,3.1462107595914972,2.8943522190159428,3.4199853351416811,"mean centered height; standardized over kukuku, pipipi, tatata, kutapi, pitaku, takupi",log outcome; response-scale mean across shared sequences,8123,28,independence,robust sandwich
Figure 1,B,log_articulationrate,normal,Habitual,126.16333333333333,0,3.1428296327244074,2.889620174816117,3.4182271380906277,"mean centered height; standardized over kukuku, pipipi, tatata, kutapi, pitaku, takupi",log outcome; response-scale mean across shared sequences,8123,28,independence,robust sandwich
Figure 1,B,log_articulationrate,normal,Habitual,126.38916666666665,0,3.1394521394406243,2.8848819151155718,3.416486367846173,"mean centered height; standardized over kukuku, pipipi, tatata, kutapi, pitaku, takupi",log outcome; response-scale mean across shared sequences,8123,28,independence,robust sandwich
Figure 1,B,log_articulationrate,normal,Habitual,126.61499999999998,0,3.1360782758352559,2.88013777363944,3.4147626694045292,"mean centered height; standardized over kukuku, pipipi, tatata, kutapi, pitaku, takupi",log outcome; response-scale mean across shared sequences,8123,28,independence,robust sandwich
Figure 1,B,log_articulationrate,normal,Habitual,126.84083333333332,0,3.13270803800761,2.8753880771862264,3.4130556947294068,"mean centered height; standardized over kukuku, pipipi, tatata, kutapi, pitaku, takupi",log outcome; response-scale mean across shared sequences,8123,28,independence,robust sandwich
Figure 1,B,log_articulationrate,normal,Habitual,127.06666666666666,0,3.1293414220611844,2.8706331456836618,3.4113651026960796,"mean centered height; standardized over kukuku, pipipi, tatata, kutapi, pitaku, takupi",log outcome; response-scale mean across shared sequences,8123,28,independence,robust sandwich
Figure 1,B,log_articulationrate,normal,Habitual,127.29249999999999,0,3.1259784241036663,2.8658732922510133,3.4096905590290008,"mean centered height; standardized over kukuku, pipipi, tatata, kutapi, pitaku, takupi",log outcome; response-scale mean across shared sequences,8123,28,independence,robust sandwich
Figure 1,B,log_articulationrate,normal,Habitual,127.51833333333332,0,3.1226190402469256,2.8611088232672595,3.4080317362335446,"mean centered height; standardized over kukuku, pipipi, tatata, kutapi, pitaku, takupi",log outcome; response-scale mean across shared sequences,8123,28,independence,robust sandwich
Figure 1,B,log_articulationrate,normal,Habitual,127.74416666666664,0,3.1192632666070073,2.8563400384445607,3.40638831352245,"mean centered height; standardized over kukuku, pipipi, tatata, kutapi, pitaku, takupi",log outcome; response-scale mean across shared sequences,8123,28,independence,robust sandwich
Figure 1,B,log_articulationrate,normal,Habitual,127.96999999999998,0,3.1159110993041339,2.8515672309065048,3.4047599767375174,"mean centered height; standardized over kukuku, pipipi, tatata, kutapi, pitaku, takupi",log outcome; response-scale mean across shared sequences,8123,28,independence,robust sandwich
Figure 1,B,log_articulationrate,normal,Habitual,128.19583333333333,0,3.1125625344626968,2.846790687270599,3.4031464182670201,"mean centered height; standardized over kukuku, pipipi, tatata, kutapi, pitaku, takupi",log outcome; response-scale mean across shared sequences,8123,28,independence,robust sandwich
Figure 1,B,log_articulationrate,normal,Habitual,128.42166666666665,0,3.1092175682112515,2.8420106877345495,3.4015473369593576,"mean centered height; standardized over kukuku, pipipi, tatata, kutapi, pitaku, takupi",log outcome; response-scale mean across shared sequences,8123,28,independence,robust sandwich
Figure 1,B,log_articulationrate,normal,Habitual,128.64749999999998,0,3.1058761966825146,2.8372275061658887,3.3999624380333446,"mean centered height; standardized over kukuku, pipipi, tatata, kutapi, pitaku, takupi",log outcome; response-scale mean across shared sequences,8123,28,independence,robust sandwich
Figure 1,B,log_articulationrate,normal,Habitual,128.87333333333333,0,3.102538416013358,2.8324414101944932,3.3983914329856209,"mean centered height; standardized over kukuku, pipipi, tatata, kutapi, pitaku, takupi",log outcome; response-scale mean across shared sequences,8123,28,independence,robust sandwich
Figure 1,B,log_articulationrate,normal,Habitual,129.09916666666666,0,3.0992042223448064,2.8276526613076509,3.396834039495503,"mean centered height; standardized over kukuku, pipipi, tatata, kutapi, pitaku, takupi",log outcome; response-scale mean across shared sequences,8123,28,independence,robust sandwich
Figure 1,B,log_articulationrate,normal,Habitual,129.32499999999999,0,3.0958736118220291,2.8228615149472525,3.3952899813277129,"mean centered height; standardized over kukuku, pipipi, tatata, kutapi, pitaku, takupi",log outcome; response-scale mean across shared sequences,8123,28,independence,robust sandwich
Figure 1,B,log_articulationrate,normal,Habitual,129.55083333333332,0,3.0925465805943433,2.8180682206088066,3.3937589882333019,"mean centered height; standardized over kukuku, pipipi, tatata, kutapi, pitaku, takupi",log outcome; response-scale mean across shared sequences,8123,28,independence,robust sandwich
Figure 1,B,log_articulationrate,normal,Habitual,129.77666666666664,0,3.0892231248151987,2.8132730219419297,3.3922407958490592,"mean centered height; standardized over kukuku, pipipi, tatata, kutapi, pitaku, takupi",log outcome; response-scale mean across shared sequences,8123,28,independence,robust sandwich
Figure 1,B,log_articulationrate,normal,Habitual,130.0025,0,3.0859032406421796,2.8084761568520249,3.3907351455957722,"mean centered height; standardized over kukuku, pipipi, tatata, kutapi, pitaku, takupi",log outcome; response-scale mean across shared sequences,8123,28,independence,robust sandwich
Figure 1,B,log_articulationrate,normal,Habitual,130.22833333333332,0,3.0825869242370039,2.8036778576028696,3.3892417845755665,"mean centered height; standardized over kukuku, pipipi, tatata, kutapi, pitaku, takupi",log outcome; response-scale mean across shared sequences,8123,28,independence,robust sandwich
Figure 1,B,log_articulationrate,normal,Habitual,130.45416666666665,0,3.0792741717655114,2.7988783509198574,3.3877604654685762,"mean centered height; standardized over kukuku, pipipi, tatata, kutapi, pitaku, takupi",log outcome; response-scale mean across shared sequences,8123,28,independence,robust sandwich
Figure 1,B,log_articulationrate,normal,Habitual,130.67999999999998,0,3.0759649793976593,2.7940778580936372,3.3862909464292237,"mean centered height; standardized over kukuku, pipipi, tatata, kutapi, pitaku, takupi",log outcome; response-scale mean across shared sequences,8123,28,independence,robust sandwich
Figure 1,B,log_articulationrate,normal,Habitual,130.90583333333331,0,3.072659343307528,2.7892765950839813,3.3848329909823036,"mean centered height; standardized over kukuku, pipipi, tatata, kutapi, pitaku, takupi",log outcome; response-scale mean across shared sequences,8123,28,independence,robust sandwich
Figure 1,B,log_articulationrate,normal,Habitual,131.13166666666666,0,3.0693572596733021,2.7844747726236054,3.3833863679190497,"mean centered height; standardized over kukuku, pipipi, tatata, kutapi, pitaku, takupi",log outcome; response-scale mean across shared sequences,8123,28,independence,robust sandwich
Figure 1,B,log_articulationrate,normal,Habitual,131.35749999999999,0,3.0660587246772795,2.7796725963218356,3.3819508511934235,"mean centered height; standardized over kukuku, pipipi, tatata, kutapi, pitaku, takupi",log outcome; response-scale mean across shared sequences,8123,28,independence,robust sandwich
Figure 1,B,log_articulationrate,normal,Habitual,131.58333333333331,0,3.0627637345058569,2.7748702667678913,3.3805262198187349,"mean centered height; standardized over kukuku, pipipi, tatata, kutapi, pitaku, takupi",log outcome; response-scale mean across shared sequences,8123,28,independence,robust sandwich
Figure 1,B,log_articulationrate,normal,Habitual,131.80916666666664,0,3.0594722853495289,2.7700679796336609,3.3791122577647967,"mean centered height; standardized over kukuku, pipipi, tatata, kutapi, pitaku, takupi",log outcome; response-scale mean across shared sequences,8123,28,independence,robust sandwich
Figure 1,B,log_articulationrate,normal,Habitual,132.03499999999997,0,3.0561843734028886,2.7652659257758376,3.3777087538557264,"mean centered height; standardized over kukuku, pipipi, tatata, kutapi, pitaku, takupi",log outcome; response-scale mean across shared sequences,8123,28,independence,robust sandwich
Figure 1,B,log_articulationrate,normal,Habitual,132.26083333333332,0,3.0528999948646138,2.7604642913372492,3.3763155016685191,"mean centered height; standardized over kukuku, pipipi, tatata, kutapi, pitaku, takupi",log outcome; response-scale mean across shared sequences,8123,28,independence,robust sandwich
Figure 1,B,log_articulationrate,normal,Habitual,132.48666666666665,0,3.04961914593747,2.7556632578473157,3.3749322994325324,"mean centered height; standardized over kukuku, pipipi, tatata, kutapi, pitaku, takupi",log outcome; response-scale mean across shared sequences,8123,28,independence,robust sandwich
Figure 1,B,log_articulationrate,normal,Habitual,132.71249999999998,0,3.0463418228283032,2.7508630023214966,3.3735589499299539,"mean centered height; standardized over kukuku, pipipi, tatata, kutapi, pitaku, takupi",log outcome; response-scale mean across shared sequences,8123,28,independence,robust sandwich
Figure 1,B,log_articulationrate,normal,Habitual,132.93833333333333,0,3.0430680217480339,2.7460636973596468,3.3721952603973753,"mean centered height; standardized over kukuku, pipipi, tatata, kutapi, pitaku, takupi",log outcome; response-scale mean across shared sequences,8123,28,independence,robust sandwich
Figure 1,B,log_articulationrate,normal,Habitual,133.16416666666666,0,3.0397977389116586,2.7412655112432103,3.3708410424285269,"mean centered height; standardized over kukuku, pipipi, tatata, kutapi, pitaku, takupi",log outcome; response-scale mean across shared sequences,8123,28,independence,robust sandwich
Figure 1,B,log_articulationrate,normal,Habitual,133.38999999999999,0,3.0365309705382368,2.7364686080311542,3.3694961118782594,"mean centered height; standardized over kukuku, pipipi, tatata, kutapi, pitaku, takupi",log outcome; response-scale mean across shared sequences,8123,28,independence,robust sandwich
Figure 1,B,log_articulationrate,fast,Maximally fast,92.739999999999995,0,5.3080259858142957,4.8685720888509394,5.7871464881050185,"mean centered height; standardized over kukuku, pipipi, tatata, kutapi, pitaku, takupi",log outcome; response-scale mean across shared sequences,8123,28,independence,robust sandwich
Figure 1,B,log_articulationrate,fast,Maximally fast,92.965833333333322,0,5.3023216288454771,4.8665728125695091,5.7770870258238824,"mean centered height; standardized over kukuku, pipipi, tatata, kutapi, pitaku, takupi",log outcome; response-scale mean across shared sequences,8123,28,independence,robust sandwich
Figure 1,B,log_articulationrate,fast,Maximally fast,93.191666666666663,0,5.2966234021572038,4.8645582284858451,5.7670641703905723,"mean centered height; standardized over kukuku, pipipi, tatata, kutapi, pitaku, takupi",log outcome; response-scale mean across shared sequences,8123,28,independence,robust sandwich
Figure 1,B,log_articulationrate,fast,Maximally fast,93.41749999999999,0,5.2909312991614676,4.8625279775501937,5.7570782403086929,"mean centered height; standardized over kukuku, pipipi, tatata, kutapi, pitaku, takupi",log outcome; response-scale mean across shared sequences,8123,28,independence,robust sandwich
Figure 1,B,log_articulationrate,fast,Maximally fast,93.643333333333331,0,5.2852453132773425,4.8604816915782569,5.7471295632943056,"mean centered height; standardized over kukuku, pipipi, tatata, kutapi, pitaku, takupi",log outcome; response-scale mean across shared sequences,8123,28,independence,robust sandwich
Figure 1,B,log_articulationrate,fast,Maximally fast,93.869166666666658,0,5.279565437930974,4.8584189930525064,5.7372184764744585,"mean centered height; standardized over kukuku, pipipi, tatata, kutapi, pitaku, takupi",log outcome; response-scale mean across shared sequences,8123,28,independence,robust sandwich
Figure 1,B,log_articulationrate,fast,Maximally fast,94.094999999999999,0,5.2738916665555751,4.8563394949241108,5.7273453265851186,"mean centered height; standardized over kukuku, pipipi, tatata, kutapi, pitaku, takupi",log outcome; response-scale mean across shared sequences,8123,28,independence,robust sandwich
Figure 1,B,log_articulationrate,fast,Maximally fast,94.320833333333326,0,5.2682239925914116,4.8542428004159861,5.7175104701679507,"mean centered height; standardized over kukuku, pipipi, tatata, kutapi, pitaku, takupi",log outcome; response-scale mean across shared sequences,8123,28,independence,robust sandwich
Figure 1,B,log_articulationrate,fast,Maximally fast,94.546666666666667,0,5.2625624094857999,4.8521285028276484,5.7077142737653341,"mean centered height; standardized over kukuku, pipipi, tatata, kutapi, pitaku, takupi",log outcome; response-scale mean across shared sequences,8123,28,independence,robust sandwich
Figure 1,B,log_articulationrate,fast,Maximally fast,94.772499999999994,0,5.2569069106930995,4.8499961853425289,5.6979571141128957,"mean centered height; standardized over kukuku, pipipi, tatata, kutapi, pitaku, takupi",log outcome; response-scale mean across shared sequences,8123,28,independence,robust sandwich
Figure 1,B,log_articulationrate,fast,Maximally fast,94.998333333333335,0,5.251257489674706,4.8478454208385129,5.6882393783288228,"mean centered height; standardized over kukuku, pipipi, tatata, kutapi, pitaku, takupi",log outcome; response-scale mean across shared sequences,8123,28,independence,robust sandwich
Figure 1,B,log_articulationrate,fast,Maximally fast,95.224166666666662,0,5.2456141398990388,4.845675771702509,5.6785614640991406,"mean centered height; standardized over kukuku, pipipi, tatata, kutapi, pitaku, takupi",log outcome; response-scale mean across shared sequences,8123,28,independence,robust sandwich
Figure 1,B,log_articulationrate,fast,Maximally fast,95.449999999999989,0,5.2399768548415375,4.8434867896499636,5.6689237798580532,"mean centered height; standardized over kukuku, pipipi, tatata, kutapi, pitaku, takupi",log outcome; response-scale mean across shared sequences,8123,28,independence,robust sandwich
Figure 1,B,log_articulationrate,fast,Maximally fast,95.67583333333333,0,5.2343456279846521,4.8412780155502784,5.659326744962371,"mean centered height; standardized over kukuku, pipipi, tatata, kutapi, pitaku, takupi",log outcome; response-scale mean across shared sequences,8123,28,independence,robust sandwich
Figure 1,B,log_articulationrate,fast,Maximally fast,95.901666666666657,0,5.2287204528178401,4.8390489792591804,5.6497707898590157,"mean centered height; standardized over kukuku, pipipi, tatata, kutapi, pitaku, takupi",log outcome; response-scale mean across shared sequences,8123,28,independence,robust sandwich
Figure 1,B,log_articulationrate,fast,Maximally fast,96.127499999999998,0,5.2231013228375529,4.8367991994591684,5.6402563562443992,"mean centered height; standardized over kukuku, pipipi, tatata, kutapi, pitaku, takupi",log outcome; response-scale mean across shared sequences,8123,28,independence,robust sandwich
Figure 1,B,log_articulationrate,fast,Maximally fast,96.353333333333325,0,5.2174882315472333,4.8345281835092848,5.6307838972145268,"mean centered height; standardized over kukuku, pipipi, tatata, kutapi, pitaku, takupi",log outcome; response-scale mean across shared sequences,8123,28,independence,robust sandwich
Figure 1,B,log_articulationrate,fast,Maximally fast,96.579166666666666,0,5.2118811724573009,4.8322354273054984,5.6213538774044451,"mean centered height; standardized over kukuku, pipipi, tatata, kutapi, pitaku, takupi",log outcome; response-scale mean across shared sequences,8123,28,independence,robust sandwich
Figure 1,B,log_articulationrate,fast,Maximally fast,96.804999999999993,0,5.2062801390851572,4.8299204151531248,5.611966773115709,"mean centered height; standardized over kukuku, pipipi, tatata, kutapi, pitaku, takupi",log outcome; response-scale mean across shared sequences,8123,28,independence,robust sandwich
Figure 1,B,log_articulationrate,fast,Maximally fast,97.030833333333334,0,5.2006851249551618,4.8275826196527856,5.6026230724302346,"mean centered height; standardized over kukuku, pipipi, tatata, kutapi, pitaku, takupi",log outcome; response-scale mean across shared sequences,8123,28,independence,robust sandwich
Figure 1,B,log_articulationrate,fast,Maximally fast,97.256666666666661,0,5.195096123598641,4.8252215016015274,5.5933232753090749,"mean centered height; standardized over kukuku, pipipi, tatata, kutapi, pitaku, takupi",log outcome; response-scale mean across shared sequences,8123,28,independence,robust sandwich
Figure 1,B,log_articulationrate,fast,Maximally fast,97.482499999999987,0,5.1895131285538669,4.8228365099107897,5.5840678936742769,"mean centered height; standardized over kukuku, pipipi, tatata, kutapi, pitaku, takupi",log outcome; response-scale mean across shared sequences,8123,28,independence,robust sandwich
Figure 1,B,log_articulationrate,fast,Maximally fast,97.708333333333329,0,5.1839361333660614,4.8204270815430874,5.5748574514720755,"mean centered height; standardized over kukuku, pipipi, tatata, kutapi, pitaku, takupi",log outcome; response-scale mean across shared sequences,8123,28,independence,robust sandwich
Figure 1,B,log_articulationrate,fast,Maximally fast,97.934166666666655,0,5.1783651315873778,4.8179926414692842,5.5656924847154556,"mean centered height; standardized over kukuku, pipipi, tatata, kutapi, pitaku, takupi",log outcome; response-scale mean across shared sequences,8123,28,independence,robust sandwich
Figure 1,B,log_articulationrate,fast,Maximally fast,98.159999999999997,0,5.1728001167768998,4.8155326026485321,5.5565735415040791,"mean centered height; standardized over kukuku, pipipi, tatata, kutapi, pitaku, takupi",log outcome; response-scale mean across shared sequences,8123,28,independence,robust sandwich
Figure 1,B,log_articulationrate,fast,Maximally fast,98.385833333333323,0,5.1672410825006372,4.8130463660330207,5.5475011820193991,"mean centered height; standardized over kukuku, pipipi, tatata, kutapi, pitaku, takupi",log outcome; response-scale mean across shared sequences,8123,28,independence,robust sandwich
Figure 1,B,log_articulationrate,fast,Maximally fast,98.611666666666665,0,5.161688022331508,4.810533320599756,5.538475978492718,"mean centered height; standardized over kukuku, pipipi, tatata, kutapi, pitaku, takupi",log outcome; response-scale mean across shared sequences,8123,28,independence,robust sandwich
Figure 1,B,log_articulationrate,fast,Maximally fast,98.837499999999991,0,5.156140929849343,4.8079928434117729,5.5294985151438478,"mean centered height; standardized over kukuku, pipipi, tatata, kutapi, pitaku, takupi",log outcome; response-scale mean across shared sequences,8123,28,independence,robust sandwich
Figure 1,B,log_articulationrate,fast,Maximally fast,99.063333333333333,0,5.1505997986408678,4.8054242997111905,5.5205693880879032,"mean centered height; standardized over kukuku, pipipi, tatata, kutapi, pitaku, takupi",log outcome; response-scale mean across shared sequences,8123,28,independence,robust sandwich
Figure 1,B,log_articulationrate,fast,Maximally fast,99.289166666666659,0,5.1450646222997021,4.8028270430467028,5.5116892052076691,"mean centered height; standardized over kukuku, pipipi, tatata, kutapi, pitaku, takupi",log outcome; response-scale mean across shared sequences,8123,28,independence,robust sandwich
Figure 1,B,log_articulationrate,fast,Maximally fast,99.514999999999986,0,5.1395353944263524,4.8002004154381259,5.5028585859889132,"mean centered height; standardized over kukuku, pipipi, tatata, kutapi, pitaku, takupi",log outcome; response-scale mean across shared sequences,8123,28,independence,robust sandwich
Figure 1,B,log_articulationrate,fast,Maximally fast,99.740833333333327,0,5.1340121086281965,4.7975437475807086,5.4940781613159269,"mean centered height; standardized over kukuku, pipipi, tatata, kutapi, pitaku, takupi",log outcome; response-scale mean across shared sequences,8123,28,independence,robust sandwich
Figure 1,B,log_articulationrate,fast,Maximally fast,99.966666666666654,0,5.1284947585194915,4.7948563590920381,5.4853485732244929,"mean centered height; standardized over kukuku, pipipi, tatata, kutapi, pitaku, takupi",log outcome; response-scale mean across shared sequences,8123,28,independence,robust sandwich
Figure 1,B,log_articulationrate,fast,Maximally fast,100.1925,0,5.1229833377213465,4.7921375588043231,5.4766704746094295,"mean centered height; standardized over kukuku, pipipi, tatata, kutapi, pitaku, takupi",log outcome; response-scale mean across shared sequences,8123,28,independence,robust sandwich
Figure 1,B,log_articulationrate,fast,Maximally fast,100.41833333333332,0,5.117477839861734,4.7893866451049947,5.4680445288838877,"mean centered height; standardized over kukuku, pipipi, tatata, kutapi, pitaku, takupi",log outcome; response-scale mean across shared sequences,8123,28,independence,robust sandwich
Figure 1,B,log_articulationrate,fast,Maximally fast,100.64416666666666,0,5.1119782585754718,4.7866029063284978,5.4594714095873842,"mean centered height; standardized over kukuku, pipipi, tatata, kutapi, pitaku, takupi",log outcome; response-scale mean across shared sequences,8123,28,independence,robust sandwich
Figure 1,B,log_articulationrate,fast,Maximally fast,100.86999999999999,0,5.1064845875042124,4.7837856212021768,5.4509517999397845,"mean centered height; standardized over kukuku, pipipi, tatata, kutapi, pitaku, takupi",log outcome; response-scale mean across shared sequences,8123,28,independence,robust sandwich
Figure 1,B,log_articulationrate,fast,Maximally fast,101.09583333333333,0,5.1009968202964533,4.7809340593491632,5.4424863923382993,"mean centered height; standardized over kukuku, pipipi, tatata, kutapi, pitaku, takupi",log outcome; response-scale mean across shared sequences,8123,28,independence,robust sandwich
Figure 1,B,log_articulationrate,fast,Maximally fast,101.32166666666666,0,5.0955149506075061,4.7780474818510612,5.434075887794612,"mean centered height; standardized over kukuku, pipipi, tatata, kutapi, pitaku, takupi",log outcome; response-scale mean across shared sequences,8123,28,independence,robust sandwich
Figure 1,B,log_articulationrate,fast,Maximally fast,101.54749999999999,0,5.0900389720995092,4.7751251418732199,5.4257209953095087,"mean centered height; standardized over kukuku, pipipi, tatata, kutapi, pitaku, takupi",log outcome; response-scale mean across shared sequences,8123,28,independence,robust sandwich
Figure 1,B,log_articulationrate,fast,Maximally fast,101.77333333333333,0,5.0845688784414058,4.7721662853551878,5.4174224311822563,"mean centered height; standardized over kukuku, pipipi, tatata, kutapi, pitaku, takupi",log outcome; response-scale mean across shared sequences,8123,28,independence,robust sandwich
Figure 1,B,log_articulationrate,fast,Maximally fast,101.99916666666665,0,5.0791046633089456,4.769170151768888,5.4091809182522956,"mean centered height; standardized over kukuku, pipipi, tatata, kutapi, pitaku, takupi",log outcome; response-scale mean across shared sequences,8123,28,independence,robust sandwich
Figure 1,B,log_articulationrate,fast,Maximally fast,102.22499999999999,0,5.073646320384678,4.7661359749467822,5.4009971850709544,"mean centered height; standardized over kukuku, pipipi, tatata, kutapi, pitaku, takupi",log outcome; response-scale mean across shared sequences,8123,28,independence,robust sandwich
Figure 1,B,log_articulationrate,fast,Maximally fast,102.45083333333332,0,5.0681938433579363,4.7630629839820786,5.3928719650010697,"mean centered height; standardized over kukuku, pipipi, tatata, kutapi, pitaku, takupi",log outcome; response-scale mean across shared sequences,8123,28,independence,robust sandwich
Figure 1,B,log_articulationrate,fast,Maximally fast,102.67666666666666,0,5.0627472259248369,4.7599504042028267,5.38480599524277,"mean centered height; standardized over kukuku, pipipi, tatata, kutapi, pitaku, takupi",log outcome; response-scale mean across shared sequences,8123,28,independence,robust sandwich
Figure 1,B,log_articulationrate,fast,Maximally fast,102.90249999999999,0,5.0573064617882739,4.7567974582213237,5.3768000157839415,"mean centered height; standardized over kukuku, pipipi, tatata, kutapi, pitaku, takupi",log outcome; response-scale mean across shared sequences,8123,28,independence,robust sandwich
Figure 1,B,log_articulationrate,fast,Maximally fast,103.12833333333333,0,5.0518715446579021,4.753603367059938,5.3688547682742369,"mean centered height; standardized over kukuku, pipipi, tatata, kutapi, pitaku, takupi",log outcome; response-scale mean across shared sequences,8123,28,independence,robust sandwich
Figure 1,B,log_articulationrate,fast,Maximally fast,103.35416666666666,0,5.046442468250147,4.750367351354039,5.360970994822047,"mean centered height; standardized over kukuku, pipipi, tatata, kutapi, pitaku, takupi",log outcome; response-scale mean across shared sequences,8123,28,independence,robust sandwich
Figure 1,B,log_articulationrate,fast,Maximally fast,103.57999999999998,0,5.0410192262881752,4.7470886326321962,5.3531494367141184,"mean centered height; standardized over kukuku, pipipi, tatata, kutapi, pitaku, takupi",log outcome; response-scale mean across shared sequences,8123,28,independence,robust sandwich
Figure 1,B,log_articulationrate,fast,Maximally fast,103.80583333333333,0,5.0356018125019064,4.7437664346733444,5.3453908330582864,"mean centered height; standardized over kukuku, pipipi, tatata, kutapi, pitaku, takupi",log outcome; response-scale mean across shared sequences,8123,28,independence,robust sandwich
Figure 1,B,log_articulationrate,fast,Maximally fast,104.03166666666667,0,5.030190220627996,4.7403999849399669,5.3376959193501401,"mean centered height; standardized over kukuku, pipipi, tatata, kutapi, pitaku, takupi",log outcome; response-scale mean across shared sequences,8123,28,independence,robust sandwich
Figure 1,B,log_articulationrate,fast,Maximally fast,104.25749999999999,0,5.024784444409832,4.7369885160857716,5.3300654259652109,"mean centered height; standardized over kukuku, pipipi, tatata, kutapi, pitaku, takupi",log outcome; response-scale mean across shared sequences,8123,28,independence,robust sandwich
Figure 1,B,log_articulationrate,fast,Maximally fast,104.48333333333332,0,5.019384477597522,4.7335312675356072,5.3225000765789128,"mean centered height; standardized over kukuku, pipipi, tatata, kutapi, pitaku, takupi",log outcome; response-scale mean across shared sequences,8123,28,independence,robust sandwich
Figure 1,B,log_articulationrate,fast,Maximally fast,104.70916666666666,0,5.0139903139478941,4.7300274871346701,5.3150005865172103,"mean centered height; standardized over kukuku, pipipi, tatata, kutapi, pitaku, takupi",log outcome; response-scale mean across shared sequences,8123,28,independence,robust sandwich
Figure 1,B,log_articulationrate,fast,Maximally fast,104.93499999999999,0,5.0086019472244843,4.7264764328633007,5.3075676610416815,"mean centered height; standardized over kukuku, pipipi, tatata, kutapi, pitaku, takupi",log outcome; response-scale mean across shared sequences,8123,28,independence,robust sandwich
Figure 1,B,log_articulationrate,fast,Maximally fast,105.16083333333333,0,5.0032193711975319,4.7228773746128008,5.3002019935735598,"mean centered height; standardized over kukuku, pipipi, tatata, kutapi, pitaku, takupi",log outcome; response-scale mean across shared sequences,8123,28,independence,robust sandwich
Figure 1,B,log_articulationrate,fast,Maximally fast,105.38666666666666,0,4.9978425796439714,4.7192295960169703,5.2929042638620718,"mean centered height; standardized over kukuku, pipipi, tatata, kutapi, pitaku, takupi",log outcome; response-scale mean across shared sequences,8123,28,independence,robust sandwich
Figure 1,B,log_articulationrate,fast,Maximally fast,105.6125,0,4.9924715663474188,4.715532396333149,5.2856751361032384,"mean centered height; standardized over kukuku, pipipi, tatata, kutapi, pitaku, takupi",log outcome; response-scale mean across shared sequences,8123,28,independence,robust sandwich
Figure 1,B,log_articulationrate,fast,Maximally fast,105.83833333333332,0,4.9871063250981811,4.711785092365731,5.2785152570162612,"mean centered height; standardized over kukuku, pipipi, tatata, kutapi, pitaku, takupi",log outcome; response-scale mean across shared sequences,8123,28,independence,robust sandwich
Figure 1,B,log_articulationrate,fast,Maximally fast,106.06416666666667,0,4.9817468496932298,4.7079870204242464,5.2714252538852655,"mean centered height; standardized over kukuku, pipipi, tatata, kutapi, pitaku, takupi",log outcome; response-scale mean across shared sequences,8123,28,independence,robust sandwich
Figure 1,B,log_articulationrate,fast,Maximally fast,106.28999999999999,0,4.9763931339362086,4.7041375383073323,5.2644057325752289,"mean centered height; standardized over kukuku, pipipi, tatata, kutapi, pitaku, takupi",log outcome; response-scale mean across shared sequences,8123,28,independence,robust sandwich
Figure 1,B,log_articulationrate,fast,Maximally fast,106.51583333333332,0,4.9710451716374173,4.7002360273030108,5.2574572755315403,"mean centered height; standardized over kukuku, pipipi, tatata, kutapi, pitaku, takupi",log outcome; response-scale mean across shared sequences,8123,28,independence,robust sandwich
Figure 1,B,log_articulationrate,fast,Maximally fast,106.74166666666666,0,4.9657029566138045,4.6962818941950628,5.2505804397735094,"mean centered height; standardized over kukuku, pipipi, tatata, kutapi, pitaku, takupi",log outcome; response-scale mean across shared sequences,8123,28,independence,robust sandwich
Figure 1,B,log_articulationrate,fast,Maximally fast,106.96749999999999,0,4.9603664826889711,4.6922745732644859,5.2437757548927753,"mean centered height; standardized over kukuku, pipipi, tatata, kutapi, pitaku, takupi",log outcome; response-scale mean across shared sequences,8123,28,independence,robust sandwich
Figure 1,B,log_articulationrate,fast,Maximally fast,107.19333333333333,0,4.9550357436931485,4.6882135282744377,5.2370437210682166,"mean centered height; standardized over kukuku, pipipi, tatata, kutapi, pitaku, takupi",log outcome; response-scale mean across shared sequences,8123,28,independence,robust sandwich
Figure 1,B,log_articulationrate,fast,Maximally fast,107.41916666666665,0,4.9497107334632036,4.6840982544265515,5.2303848071095178,"mean centered height; standardized over kukuku, pipipi, tatata, kutapi, pitaku, takupi",log outcome; response-scale mean across shared sequences,8123,28,independence,robust sandwich
Figure 1,B,log_articulationrate,fast,Maximally fast,107.645,0,4.9443914458426219,4.6799282802760542,5.2237994485418993,"mean centered height; standardized over kukuku, pipipi, tatata, kutapi, pitaku, takupi",log outcome; response-scale mean across shared sequences,8123,28,independence,robust sandwich
Figure 1,B,log_articulationrate,fast,Maximally fast,107.87083333333332,0,4.9390778746815096,4.6757031695928237,5.2172880457449509,"mean centered height; standardized over kukuku, pipipi, tatata, kutapi, pitaku, takupi",log outcome; response-scale mean across shared sequences,8123,28,independence,robust sandwich
Figure 1,B,log_articulationrate,fast,Maximally fast,108.09666666666666,0,4.9337700138365799,4.6714225231553073,5.2108509621585606,"mean centered height; standardized over kukuku, pipipi, tatata, kutapi, pitaku, takupi",log outcome; response-scale mean across shared sequences,8123,28,independence,robust sandwich
Figure 1,B,log_articulationrate,fast,Maximally fast,108.32249999999999,0,4.9284678571711487,4.6670859804642495,5.2044885225690631,"mean centered height; standardized over kukuku, pipipi, tatata, kutapi, pitaku, takupi",log outcome; response-scale mean across shared sequences,8123,28,independence,robust sandwich
Figure 1,B,log_articulationrate,fast,Maximally fast,108.54833333333332,0,4.9231713985551231,4.6626932213632237,5.1982010114885702,"mean centered height; standardized over kukuku, pipipi, tatata, kutapi, pitaku, takupi",log outcome; response-scale mean across shared sequences,8123,28,independence,robust sandwich
Figure 1,B,log_articulationrate,fast,Maximally fast,108.77416666666666,0,4.9178806318650041,4.6582439675532852,5.1919886716401953,"mean centered height; standardized over kukuku, pipipi, tatata, kutapi, pitaku, takupi",log outcome; response-scale mean across shared sequences,8123,28,independence,robust sandwich
Figure 1,B,log_articulationrate,fast,Maximally fast,108.99999999999999,0,4.9125955509838697,4.6537379839894468,5.1858517025614388,"mean centered height; standardized over kukuku, pipipi, tatata, kutapi, pitaku, takupi",log outcome; response-scale mean across shared sequences,8123,28,independence,robust sandwich
Figure 1,B,log_articulationrate,fast,Maximally fast,109.22583333333333,0,4.907316149801372,4.6491750801473533,5.1797902593373832,"mean centered height; standardized over kukuku, pipipi, tatata, kutapi, pitaku, takupi",log outcome; response-scale mean across shared sequences,8123,28,independence,robust sandwich
Figure 1,B,log_articulationrate,fast,Maximally fast,109.45166666666665,0,4.9020424222137295,4.6445551111492023,5.173804451474644,"mean centered height; standardized over kukuku, pipipi, tatata, kutapi, pitaku, takupi",log outcome; response-scale mean across shared sequences,8123,28,independence,robust sandwich
Figure 1,B,log_articulationrate,fast,Maximally fast,109.67749999999999,0,4.896774362123721,4.6398779787389381,5.1678943419260372,"mean centered height; standardized over kukuku, pipipi, tatata, kutapi, pitaku, takupi",log outcome; response-scale mean across shared sequences,8123,28,independence,robust sandwich
Figure 1,B,log_articulationrate,fast,Maximally fast,109.90333333333332,0,4.8915119634406778,4.6351436320977983,5.1620599462749155,"mean centered height; standardized over kukuku, pipipi, tatata, kutapi, pitaku, takupi",log outcome; response-scale mean across shared sequences,8123,28,independence,robust sandwich
Figure 1,B,log_articulationrate,fast,Maximally fast,110.12916666666666,0,4.8862552200804759,4.6303520684924795,5.1563012320868573,"mean centered height; standardized over kukuku, pipipi, tatata, kutapi, pitaku, takupi",log outcome; response-scale mean across shared sequences,8123,28,independence,robust sandwich
Figure 1,B,log_articulationrate,fast,Maximally fast,110.35499999999999,0,4.8810041259655295,4.6255033337495082,5.150618118435176,"mean centered height; standardized over kukuku, pipipi, tatata, kutapi, pitaku, takupi",log outcome; response-scale mean across shared sequences,8123,28,independence,robust sandwich
Figure 1,B,log_articulationrate,fast,Maximally fast,110.58083333333332,0,4.8757586750247865,4.6205975225508675,5.1450104756051598,"mean centered height; standardized over kukuku, pipipi, tatata, kutapi, pitaku, takupi",log outcome; response-scale mean across shared sequences,8123,28,independence,robust sandwich
Figure 1,B,log_articulationrate,fast,Maximally fast,110.80666666666666,0,4.870518861193716,4.6156347785473715,5.139478124980565,"mean centered height; standardized over kukuku, pipipi, tatata, kutapi, pitaku, takupi",log outcome; response-scale mean across shared sequences,8123,28,independence,robust sandwich
Figure 1,B,log_articulationrate,fast,Maximally fast,111.0325,0,4.865284678414306,4.6106152942879097,5.134020839114247,"mean centered height; standardized over kukuku, pipipi, tatata, kutapi, pitaku, takupi",log outcome; response-scale mean across shared sequences,8123,28,independence,robust sandwich
Figure 1,B,log_articulationrate,fast,Maximally fast,111.25833333333333,0,4.860056120635055,4.6055393109642564,5.1286383419832182,"mean centered height; standardized over kukuku, pipipi, tatata, kutapi, pitaku, takupi",log outcome; response-scale mean across shared sequences,8123,28,independence,robust sandwich
Figure 1,B,log_articulationrate,fast,Maximally fast,111.48416666666665,0,4.8548331818109647,4.6004071179727415,5.1233303094268514,"mean centered height; standardized over kukuku, pipipi, tatata, kutapi, pitaku, takupi",log outcome; response-scale mean across shared sequences,8123,28,independence,robust sandwich
Figure 1,B,log_articulationrate,fast,Maximally fast,111.70999999999999,0,4.8496158559035321,4.5952190522957146,5.118096369765281,"mean centered height; standardized over kukuku, pipipi, tatata, kutapi, pitaku, takupi",log outcome; response-scale mean across shared sequences,8123,28,independence,robust sandwich
Figure 1,B,log_articulationrate,fast,Maximally fast,111.93583333333332,0,4.8444041368807467,4.589975497707278,5.1129361045935502,"mean centered height; standardized over kukuku, pipipi, tatata, kutapi, pitaku, takupi",log outcome; response-scale mean across shared sequences,8123,28,independence,robust sandwich
Figure 1,B,log_articulationrate,fast,Maximally fast,112.16166666666666,0,4.8391980187170747,4.5846768838092231,5.1078490497455356,"mean centered height; standardized over kukuku, pipipi, tatata, kutapi, pitaku, takupi",log outcome; response-scale mean across shared sequences,8123,28,independence,robust sandwich
Figure 1,B,log_articulationrate,fast,Maximally fast,112.38749999999999,0,4.8339974953934641,4.5793236849046002,5.1028346964202624,"mean centered height; standardized over kukuku, pipipi, tatata, kutapi, pitaku, takupi",log outcome; response-scale mean across shared sequences,8123,28,independence,robust sandwich
Figure 1,B,log_articulationrate,fast,Maximally fast,112.61333333333332,0,4.8288025608973291,4.5739164187175669,5.0978924924619218,"mean centered height; standardized over kukuku, pipipi, tatata, kutapi, pitaku, takupi",log outcome; response-scale mean across shared sequences,8123,28,independence,robust sandwich
Figure 1,B,log_articulationrate,fast,Maximally fast,112.83916666666666,0,4.8236132092225406,4.5684556449693803,5.0930218437837382,"mean centered height; standardized over kukuku, pipipi, tatata, kutapi, pitaku, takupi",log outcome; response-scale mean across shared sequences,8123,28,independence,robust sandwich
Figure 1,B,log_articulationrate,fast,Maximally fast,113.065,0,4.8184294343694321,4.5629419638214666,5.0882221159247996,"mean centered height; standardized over kukuku, pipipi, tatata, kutapi, pitaku, takupi",log outcome; response-scale mean across shared sequences,8123,28,independence,robust sandwich
Figure 1,B,log_articulationrate,fast,Maximally fast,113.29083333333332,0,4.8132512303447799,4.5573760141972688,5.0834926357280645,"mean centered height; standardized over kukuku, pipipi, tatata, kutapi, pitaku, takupi",log outcome; response-scale mean across shared sequences,8123,28,independence,robust sandwich
Figure 1,B,log_articulationrate,fast,Maximally fast,113.51666666666665,0,4.8080785911618014,4.5517584719954822,5.0788326931269996,"mean centered height; standardized over kukuku, pipipi, tatata, kutapi, pitaku, takupi",log outcome; response-scale mean across shared sequences,8123,28,independence,robust sandwich
Figure 1,B,log_articulationrate,fast,Maximally fast,113.74249999999999,0,4.8029115108401506,4.5460900482076418,5.0742415430278758,"mean centered height; standardized over kukuku, pipipi, tatata, kutapi, pitaku, takupi",log outcome; response-scale mean across shared sequences,8123,28,independence,robust sandwich
Figure 1,B,log_articulationrate,fast,Maximally fast,113.96833333333332,0,4.797749983405903,4.5403714869535472,5.0697184072742028,"mean centered height; standardized over kukuku, pipipi, tatata, kutapi, pitaku, takupi",log outcome; response-scale mean across shared sequences,8123,28,independence,robust sandwich
Figure 1,B,log_articulationrate,fast,Maximally fast,114.19416666666666,0,4.7925940028915592,4.5346035634481971,5.0652624766796839,"mean centered height; standardized over kukuku, pipipi, tatata, kutapi, pitaku, takupi",log outcome; response-scale mean across shared sequences,8123,28,independence,robust sandwich
Figure 1,B,log_articulationrate,fast,Maximally fast,114.41999999999999,0,4.7874435633360326,4.528787081913924,5.0608729131159516,"mean centered height; standardized over kukuku, pipipi, tatata, kutapi, pitaku, takupi",log outcome; response-scale mean across shared sequences,8123,28,independence,robust sandwich
Figure 1,B,log_articulationrate,fast,Maximally fast,114.64583333333331,0,4.7822986587846366,4.5229228734513285,5.0565488516414883,"mean centered height; standardized over kukuku, pipipi, tatata, kutapi, pitaku, takupi",log outcome; response-scale mean across shared sequences,8123,28,independence,robust sandwich
Figure 1,B,log_articulationrate,fast,Maximally fast,114.87166666666666,0,4.7771592832890928,4.5170117938824443,5.0522894026583725,"mean centered height; standardized over kukuku, pipipi, tatata, kutapi, pitaku, takupi",log outcome; response-scale mean across shared sequences,8123,28,independence,robust sandwich
Figure 1,B,log_articulationrate,fast,Maximally fast,115.0975,0,4.7720254309075072,4.5110547215790247,5.0480936540838313,"mean centered height; standardized over kukuku, pipipi, tatata, kutapi, pitaku, takupi",log outcome; response-scale mean across shared sequences,8123,28,independence,robust sandwich
Figure 1,B,log_articulationrate,fast,Maximally fast,115.32333333333332,0,4.7668970957043797,4.5050525552884855,5.0439606735242046,"mean centered height; standardized over kukuku, pipipi, tatata, kutapi, pitaku, takupi",log outcome; response-scale mean across shared sequences,8123,28,independence,robust sandwich
Figure 1,B,log_articulationrate,fast,Maximally fast,115.54916666666665,0,4.7617742717505811,4.4990062119693475,5.0398895104393482,"mean centered height; standardized over kukuku, pipipi, tatata, kutapi, pitaku, takupi",log outcome; response-scale mean across shared sequences,8123,28,independence,robust sandwich
Figure 1,B,log_articulationrate,fast,Maximally fast,115.77499999999999,0,4.7566569531233558,4.4929166246473473,5.03587919828641,"mean centered height; standardized over kukuku, pipipi, tatata, kutapi, pitaku, takupi",log outcome; response-scale mean across shared sequences,8123,28,independence,robust sandwich
Figure 1,B,log_articulationrate,fast,Maximally fast,116.00083333333332,0,4.7515451339063182,4.486784740302582,5.0319287566325821,"mean centered height; standardized over kukuku, pipipi, tatata, kutapi, pitaku, takupi",log outcome; response-scale mean across shared sequences,8123,28,independence,robust sandwich
Figure 1,B,log_articulationrate,fast,Maximally fast,116.22666666666666,0,4.746438808189434,4.4806115177972492,5.0280371932271963,"mean centered height; standardized over kukuku, pipipi, tatata, kutapi, pitaku, takupi",log outcome; response-scale mean across shared sequences,8123,28,independence,robust sandwich
Figure 1,B,log_articulationrate,fast,Maximally fast,116.45249999999999,0,4.7413379700690248,4.4743979258526609,5.0242035060246284,"mean centered height; standardized over kukuku, pipipi, tatata, kutapi, pitaku, takupi",log outcome; response-scale mean across shared sequences,8123,28,independence,robust sandwich
Figure 1,B,log_articulationrate,fast,Maximally fast,116.67833333333331,0,4.7362426136477564,4.4681449410832528,5.0204266851501336,"mean centered height; standardized over kukuku, pipipi, tatata, kutapi, pitaku, takupi",log outcome; response-scale mean across shared sequences,8123,28,independence,robust sandwich
Figure 1,B,log_articulationrate,fast,Maximally fast,116.90416666666665,0,4.7311527330346275,4.4618535460944893,5.0167057148018275,"mean centered height; standardized over kukuku, pipipi, tatata, kutapi, pitaku, takupi",log outcome; response-scale mean across shared sequences,8123,28,independence,robust sandwich
Figure 1,B,log_articulationrate,fast,Maximally fast,117.13,0,4.7260683223449753,4.4555247276505447,5.0130395750829022,"mean centered height; standardized over kukuku, pipipi, tatata, kutapi, pitaku, takupi",log outcome; response-scale mean across shared sequences,8123,28,independence,robust sandwich
Figure 1,B,log_articulationrate,fast,Maximally fast,117.35583333333332,0,4.720989375700456,4.4491594749167804,5.0094272437589948,"mean centered height; standardized over kukuku, pipipi, tatata, kutapi, pitaku, takupi",log outcome; response-scale mean across shared sequences,8123,28,independence,robust sandwich
Figure 1,B,log_articulationrate,fast,Maximally fast,117.58166666666665,0,4.7159158872290412,4.4427587777811617,5.0058676979366608,"mean centered height; standardized over kukuku, pipipi, tatata, kutapi, pitaku, takupi",log outcome; response-scale mean across shared sequences,8123,28,independence,robust sandwich
Figure 1,B,log_articulationrate,fast,Maximally fast,117.80749999999999,0,4.7108478510650196,4.4363236252579012,5.0023599156596239,"mean centered height; standardized over kukuku, pipipi, tatata, kutapi, pitaku, takupi",log outcome; response-scale mean across shared sequences,8123,28,independence,robust sandwich
Figure 1,B,log_articulationrate,fast,Maximally fast,118.03333333333332,0,4.7057852613489795,4.4298550039757592,4.998902877420333,"mean centered height; standardized over kukuku, pipipi, tatata, kutapi, pitaku, takupi",log outcome; response-scale mean across shared sequences,8123,28,independence,robust sandwich
Figure 1,B,log_articulationrate,fast,Maximally fast,118.25916666666666,0,4.7007281122278037,4.4233538967527046,4.9954955675851798,"mean centered height; standardized over kukuku, pipipi, tatata, kutapi, pitaku, takupi",log outcome; response-scale mean across shared sequences,8123,28,independence,robust sandwich
Figure 1,B,log_articulationrate,fast,Maximally fast,118.48499999999999,0,4.6956763978546707,4.416821281257973,4.9921369757323406,"mean centered height; standardized over kukuku, pipipi, tatata, kutapi, pitaku, takupi",log outcome; response-scale mean across shared sequences,8123,28,independence,robust sandwich
Figure 1,B,log_articulationrate,fast,Maximally fast,118.71083333333333,0,4.6906301123890373,4.410258128761738,4.9888260979019527,"mean centered height; standardized over kukuku, pipipi, tatata, kutapi, pitaku, takupi",log outcome; response-scale mean across shared sequences,8123,28,independence,robust sandwich
Figure 1,B,log_articulationrate,fast,Maximally fast,118.93666666666665,0,4.6855892499966414,4.4036654029722113,4.985561937758928,"mean centered height; standardized over kukuku, pipipi, tatata, kutapi, pitaku, takupi",log outcome; response-scale mean across shared sequences,8123,28,independence,robust sandwich
Figure 1,B,log_articulationrate,fast,Maximally fast,119.16249999999999,0,4.6805538048494855,4.3970440589592457,4.982343507669194,"mean centered height; standardized over kukuku, pipipi, tatata, kutapi, pitaku, takupi",log outcome; response-scale mean across shared sequences,8123,28,independence,robust sandwich
Figure 1,B,log_articulationrate,fast,Maximally fast,119.38833333333332,0,4.6755237711258433,4.3903950421632185,4.979169829690723,"mean centered height; standardized over kukuku, pipipi, tatata, kutapi, pitaku, takupi",log outcome; response-scale mean across shared sequences,8123,28,independence,robust sandwich
Figure 1,B,log_articulationrate,fast,Maximally fast,119.61416666666665,0,4.6704991430102378,4.3837192874873221,4.9760399364810945,"mean centered height; standardized over kukuku, pipipi, tatata, kutapi, pitaku, takupi",log outcome; response-scale mean across shared sequences,8123,28,independence,robust sandwich
Figure 1,B,log_articulationrate,fast,Maximally fast,119.83999999999999,0,4.6654799146934396,4.3770177184712491,4.9729528721236962,"mean centered height; standardized over kukuku, pipipi, tatata, kutapi, pitaku, takupi",log outcome; response-scale mean across shared sequences,8123,28,independence,robust sandwich
Figure 1,B,log_articulationrate,fast,Maximally fast,120.06583333333332,0,4.6604660803724736,4.3702912465437667,4.9699076928750516,"mean centered height; standardized over kukuku, pipipi, tatata, kutapi, pitaku, takupi",log outcome; response-scale mean across shared sequences,8123,28,independence,robust sandwich
Figure 1,B,log_articulationrate,fast,Maximally fast,120.29166666666666,0,4.6554576342505891,4.3635407703514391,4.9669034678359445,"mean centered height; standardized over kukuku, pipipi, tatata, kutapi, pitaku, takupi",log outcome; response-scale mean across shared sequences,8123,28,independence,robust sandwich
Figure 1,B,log_articulationrate,fast,Maximally fast,120.51749999999998,0,4.6504545705372715,4.3567671751606536,4.9639392795492965,"mean centered height; standardized over kukuku, pipipi, tatata, kutapi, pitaku, takupi",log outcome; response-scale mean across shared sequences,8123,28,independence,robust sandwich
Figure 1,B,log_articulationrate,fast,Maximally fast,120.74333333333333,0,4.6454568834482286,4.349971332329754,4.9610142245279087,"mean centered height; standardized over kukuku, pipipi, tatata, kutapi, pitaku, takupi",log outcome; response-scale mean across shared sequences,8123,28,independence,robust sandwich
Figure 1,B,log_articulationrate,fast,Maximally fast,120.96916666666665,0,4.6404645672053801,4.3431540988480837,4.9581274137152915,"mean centered height; standardized over kukuku, pipipi, tatata, kutapi, pitaku, takupi",log outcome; response-scale mean across shared sequences,8123,28,independence,robust sandwich
Figure 1,B,log_articulationrate,fast,Maximally fast,121.19499999999999,0,4.6354776160368596,4.3363163169386425,4.9552779728829019,"mean centered height; standardized over kukuku, pipipi, tatata, kutapi, pitaku, takupi",log outcome; response-scale mean across shared sequences,8123,28,independence,robust sandwich
Figure 1,B,log_articulationrate,fast,Maximally fast,121.42083333333332,0,4.6304960241770035,4.3294588137209074,4.9524650429671997,"mean centered height; standardized over kukuku, pipipi, tatata, kutapi, pitaku, takupi",log outcome; response-scale mean across shared sequences,8123,28,independence,robust sandwich
Figure 1,B,log_articulationrate,fast,Maximally fast,121.64666666666665,0,4.6255197858663415,4.3225824009304477,4.9496877803499091,"mean centered height; standardized over kukuku, pipipi, tatata, kutapi, pitaku, takupi",log outcome; response-scale mean across shared sequences,8123,28,independence,robust sandwich
Figure 1,B,log_articulationrate,fast,Maximally fast,121.87249999999999,0,4.6205488953515959,4.3156878746919425,4.9469453570848874,"mean centered height; standardized over kukuku, pipipi, tatata, kutapi, pitaku, takupi",log outcome; response-scale mean across shared sequences,8123,28,independence,robust sandwich
Figure 1,B,log_articulationrate,fast,Maximally fast,122.09833333333333,0,4.6155833468856677,4.3087760153421897,4.9442369610749966,"mean centered height; standardized over kukuku, pipipi, tatata, kutapi, pitaku, takupi",log outcome; response-scale mean across shared sequences,8123,28,independence,robust sandwich
Figure 1,B,log_articulationrate,fast,Maximally fast,122.32416666666666,0,4.6106231347276392,4.3018475872998048,4.9415617962022926,"mean centered height; standardized over kukuku, pipipi, tatata, kutapi, pitaku, takupi",log outcome; response-scale mean across shared sequences,8123,28,independence,robust sandwich
Figure 1,B,log_articulationrate,fast,Maximally fast,122.54999999999998,0,4.6056682531427589,4.2949033389783287,4.9389190824147926,"mean centered height; standardized over kukuku, pipipi, tatata, kutapi, pitaku, takupi",log outcome; response-scale mean across shared sequences,8123,28,independence,robust sandwich
Figure 1,B,log_articulationrate,fast,Maximally fast,122.77583333333332,0,4.6007186964024394,4.2879440027396161,4.9363080557729706,"mean centered height; standardized over kukuku, pipipi, tatata, kutapi, pitaku, takupi",log outcome; response-scale mean across shared sequences,8123,28,independence,robust sandwich
Figure 1,B,log_articulationrate,fast,Maximally fast,123.00166666666665,0,4.5957744587842511,4.2809702948843666,4.9337279684591175,"mean centered height; standardized over kukuku, pipipi, tatata, kutapi, pitaku, takupi",log outcome; response-scale mean across shared sequences,8123,28,independence,robust sandwich
Figure 1,B,log_articulationrate,fast,Maximally fast,123.22749999999999,0,4.590835534571907,4.2739829156768625,4.9311780887524677,"mean centered height; standardized over kukuku, pipipi, tatata, kutapi, pitaku, takupi",log outcome; response-scale mean across shared sequences,8123,28,independence,robust sandwich
Figure 1,B,log_articulationrate,fast,Maximally fast,123.45333333333332,0,4.5859019180552743,4.2669825494010825,4.9286577009729982,"mean centered height; standardized over kukuku, pipipi, tatata, kutapi, pitaku, takupi",log outcome; response-scale mean across shared sequences,8123,28,independence,robust sandwich
Figure 1,B,log_articulationrate,fast,Maximally fast,123.67916666666665,0,4.5809736035303485,4.2599698644453996,4.9261661053965877,"mean centered height; standardized over kukuku, pipipi, tatata, kutapi, pitaku, takupi",log outcome; response-scale mean across shared sequences,8123,28,independence,robust sandwich
Figure 1,B,log_articulationrate,fast,Maximally fast,123.90499999999999,0,4.5760505852992566,4.2529455134133087,4.9237026181441834,"mean centered height; standardized over kukuku, pipipi, tatata, kutapi, pitaku, takupi",log outcome; response-scale mean across shared sequences,8123,28,independence,robust sandwich
Figure 1,B,log_articulationrate,fast,Maximally fast,124.13083333333333,0,4.5711328576702526,4.2459101332576932,4.9212665710474264,"mean centered height; standardized over kukuku, pipipi, tatata, kutapi, pitaku, takupi",log outcome; response-scale mean across shared sequences,8123,28,independence,robust sandwich
Figure 1,B,log_articulationrate,fast,Maximally fast,124.35666666666665,0,4.5662204149577006,4.2388643454362631,4.9188573114930758,"mean centered height; standardized over kukuku, pipipi, tatata, kutapi, pitaku, takupi",log outcome; response-scale mean across shared sequences,8123,28,independence,robust sandwich
Figure 1,B,log_articulationrate,fast,Maximally fast,124.58249999999998,0,4.5613132514820833,4.2318087560859947,4.9164742022484873,"mean centered height; standardized over kukuku, pipipi, tatata, kutapi, pitaku, takupi",log outcome; response-scale mean across shared sequences,8123,28,independence,robust sandwich
Figure 1,B,log_articulationrate,fast,Maximally fast,124.80833333333332,0,4.5564113615699782,4.2247439562144313,4.9141166212701579,"mean centered height; standardized over kukuku, pipipi, tatata, kutapi, pitaku, takupi",log outcome; response-scale mean across shared sequences,8123,28,independence,robust sandwich
Figure 1,B,log_articulationrate,fast,Maximally fast,125.03416666666665,0,4.5515147395540652,4.2176705219059389,4.9117839614973882,"mean centered height; standardized over kukuku, pipipi, tatata, kutapi, pitaku, takupi",log outcome; response-scale mean across shared sequences,8123,28,independence,robust sandwich
Figure 1,B,log_articulationrate,fast,Maximally fast,125.25999999999999,0,4.5466233797731155,4.2105890145410436,4.9094756306328184,"mean centered height; standardized over kukuku, pipipi, tatata, kutapi, pitaku, takupi",log outcome; response-scale mean across shared sequences,8123,28,independence,robust sandwich
Figure 1,B,log_articulationrate,fast,Maximally fast,125.48583333333332,0,4.5417372765719799,4.2034999810271687,4.9071910509115675,"mean centered height; standardized over kukuku, pipipi, tatata, kutapi, pitaku, takupi",log outcome; response-scale mean across shared sequences,8123,28,independence,robust sandwich
Figure 1,B,log_articulationrate,fast,Maximally fast,125.71166666666664,0,4.5368564243015888,4.1964039540391633,4.9049296588606026,"mean centered height; standardized over kukuku, pipipi, tatata, kutapi, pitaku, takupi",log outcome; response-scale mean across shared sequences,8123,28,independence,robust sandwich
Figure 1,B,log_articulationrate,fast,Maximally fast,125.93749999999999,0,4.5319808173189458,4.1893014522681575,4.9026909050497718,"mean centered height; standardized over kukuku, pipipi, tatata, kutapi, pitaku, takupi",log outcome; response-scale mean across shared sequences,8123,28,independence,robust sandwich
Figure 1,B,log_articulationrate,fast,Maximally fast,126.16333333333333,0,4.5271104499871129,4.1821929806773523,4.9004742538358848,"mean centered height; standardized over kukuku, pipipi, tatata, kutapi, pitaku, takupi",log outcome; response-scale mean across shared sequences,8123,28,independence,robust sandwich
Figure 1,B,log_articulationrate,fast,Maximally fast,126.38916666666665,0,4.5222453166752183,4.1750790307635173,4.8982791831011223,"mean centered height; standardized over kukuku, pipipi, tatata, kutapi, pitaku, takupi",log outcome; response-scale mean across shared sequences,8123,28,independence,robust sandwich
Figure 1,B,log_articulationrate,fast,Maximally fast,126.61499999999998,0,4.5173854117584336,4.1679600808229935,4.8961051839868981,"mean centered height; standardized over kukuku, pipipi, tatata, kutapi, pitaku, takupi",log outcome; response-scale mean across shared sequences,8123,28,independence,robust sandwich
Figure 1,B,log_articulationrate,fast,Maximally fast,126.84083333333332,0,4.5125307296179793,4.1608365962211691,4.893951760624291,"mean centered height; standardized over kukuku, pipipi, tatata, kutapi, pitaku, takupi",log outcome; response-scale mean across shared sequences,8123,28,independence,robust sandwich
Figure 1,B,log_articulationrate,fast,Maximally fast,127.06666666666666,0,4.5076812646411133,4.1537090296644159,4.8918184298619787,"mean centered height; standardized over kukuku, pipipi, tatata, kutapi, pitaku, takupi",log outcome; response-scale mean across shared sequences,8123,28,independence,robust sandwich
Figure 1,B,log_articulationrate,fast,Maximally fast,127.29249999999999,0,4.5028370112211249,4.1465778214736302,4.8897047209925928,"mean centered height; standardized over kukuku, pipipi, tatata, kutapi, pitaku, takupi",log outcome; response-scale mean across shared sequences,8123,28,independence,robust sandwich
Figure 1,B,log_articulationrate,fast,Maximally fast,127.51833333333332,0,4.4979979637573306,4.1394433998585258,4.8876101754783177,"mean centered height; standardized over kukuku, pipipi, tatata, kutapi, pitaku, takupi",log outcome; response-scale mean across shared sequences,8123,28,independence,robust sandwich
Figure 1,B,log_articulationrate,fast,Maximally fast,127.74416666666664,0,4.4931641166550635,4.1323061811919741,4.8855343466764234,"mean centered height; standardized over kukuku, pipipi, tatata, kutapi, pitaku, takupi",log outcome; response-scale mean across shared sequences,8123,28,independence,robust sandwich
Figure 1,B,log_articulationrate,fast,Maximally fast,127.96999999999998,0,4.4883354643256697,4.1251665702837199,4.8834767995654493,"mean centered height; standardized over kukuku, pipipi, tatata, kutapi, pitaku, takupi",log outcome; response-scale mean across shared sequences,8123,28,independence,robust sandwich
Figure 1,B,log_articulationrate,fast,Maximally fast,128.19583333333333,0,4.4835120011865026,4.1180249606528418,4.8814371104726364,"mean centered height; standardized over kukuku, pipipi, tatata, kutapi, pitaku, takupi",log outcome; response-scale mean across shared sequences,8123,28,independence,robust sandwich
Figure 1,B,log_articulationrate,fast,Maximally fast,128.42166666666665,0,4.4786937216609131,4.1108817347984692,4.8794148668030788,"mean centered height; standardized over kukuku, pipipi, tatata, kutapi, pitaku, takupi",log outcome; response-scale mean across shared sequences,8123,28,independence,robust sandwich
Figure 1,B,log_articulationrate,fast,Maximally fast,128.64749999999998,0,4.4738806201782459,4.1037372644682302,4.8774096667711841,"mean centered height; standardized over kukuku, pipipi, tatata, kutapi, pitaku, takupi",log outcome; response-scale mean across shared sequences,8123,28,independence,robust sandwich
Figure 1,B,log_articulationrate,fast,Maximally fast,128.87333333333333,0,4.4690726911738325,4.0965919109240296,4.8754211191347796,"mean centered height; standardized over kukuku, pipipi, tatata, kutapi, pitaku, takupi",log outcome; response-scale mean across shared sequences,8123,28,independence,robust sandwich
Figure 1,B,log_articulationrate,fast,Maximally fast,129.09916666666666,0,4.464269929088986,4.0894460252047651,4.8734488429322811,"mean centered height; standardized over kukuku, pipipi, tatata, kutapi, pitaku, takupi",log outcome; response-scale mean across shared sequences,8123,28,independence,robust sandwich
Figure 1,B,log_articulationrate,fast,Maximally fast,129.32499999999999,0,4.4594723283709916,4.0822999483856508,4.8714924672232573,"mean centered height; standardized over kukuku, pipipi, tatata, kutapi, pitaku, takupi",log outcome; response-scale mean across shared sequences,8123,28,independence,robust sandwich
Figure 1,B,log_articulationrate,fast,Maximally fast,129.55083333333332,0,4.4546798834730987,4.0751540118338641,4.8695516308326727,"mean centered height; standardized over kukuku, pipipi, tatata, kutapi, pitaku, takupi",log outcome; response-scale mean across shared sequences,8123,28,independence,robust sandwich
Figure 1,B,log_articulationrate,fast,Maximally fast,129.77666666666664,0,4.4498925888545253,4.0680085374602681,4.8676259820990673,"mean centered height; standardized over kukuku, pipipi, tatata, kutapi, pitaku, takupi",log outcome; response-scale mean across shared sequences,8123,28,independence,robust sandwich
Figure 1,B,log_articulationrate,fast,Maximally fast,130.0025,0,4.4451104389804348,4.0608638379669681,4.8657151786268678,"mean centered height; standardized over kukuku, pipipi, tatata, kutapi, pitaku, takupi",log outcome; response-scale mean across shared sequences,8123,28,independence,robust sandwich
Figure 1,B,log_articulationrate,fast,Maximally fast,130.22833333333332,0,4.4403334283219467,4.0537202170905626,4.8638188870430508,"mean centered height; standardized over kukuku, pipipi, tatata, kutapi, pitaku, takupi",log outcome; response-scale mean across shared sequences,8123,28,independence,robust sandwich
Figure 1,B,log_articulationrate,fast,Maximally fast,130.45416666666665,0,4.4355615513561215,4.0465779698408877,4.861936782758276,"mean centered height; standardized over kukuku, pipipi, tatata, kutapi, pitaku, takupi",log outcome; response-scale mean across shared sequences,8123,28,independence,robust sandwich
Figure 1,B,log_articulationrate,fast,Maximally fast,130.67999999999998,0,4.430794802565944,4.0394373827351604,4.8600685497326159,"mean centered height; standardized over kukuku, pipipi, tatata, kutapi, pitaku, takupi",log outcome; response-scale mean across shared sequences,8123,28,independence,robust sandwich
Figure 1,B,log_articulationrate,fast,Maximally fast,130.90583333333331,0,4.4260331764403444,4.0322987340274379,4.8582138802460326,"mean centered height; standardized over kukuku, pipipi, tatata, kutapi, pitaku, takupi",log outcome; response-scale mean across shared sequences,8123,28,independence,robust sandwich
Figure 1,B,log_articulationrate,fast,Maximally fast,131.13166666666666,0,4.4212766674741628,4.0251622939332474,4.8563724746735923,"mean centered height; standardized over kukuku, pipipi, tatata, kutapi, pitaku, takupi",log outcome; response-scale mean across shared sequences,8123,28,independence,robust sandwich
Figure 1,B,log_articulationrate,fast,Maximally fast,131.35749999999999,0,4.4165252701681625,4.0180283248494195,4.8545440412655534,"mean centered height; standardized over kukuku, pipipi, tatata, kutapi, pitaku, takupi",log outcome; response-scale mean across shared sequences,8123,28,independence,robust sandwich
Figure 1,B,log_articulationrate,fast,Maximally fast,131.58333333333331,0,4.4117789790290152,4.0108970815690022,4.8527282959323301,"mean centered height; standardized over kukuku, pipipi, tatata, kutapi, pitaku, takupi",log outcome; response-scale mean across shared sequences,8123,28,independence,robust sandwich
Figure 1,B,log_articulationrate,fast,Maximally fast,131.80916666666664,0,4.4070377885692897,4.0037688114912982,4.8509249620343384,"mean centered height; standardized over kukuku, pipipi, tatata, kutapi, pitaku, takupi",log outcome; response-scale mean across shared sequences,8123,28,independence,robust sandwich
Figure 1,B,log_articulationrate,fast,Maximally fast,132.03499999999997,0,4.4023016933074643,3.9966437548269966,4.8491337701767936,"mean centered height; standardized over kukuku, pipipi, tatata, kutapi, pitaku, takupi",log outcome; response-scale mean across shared sequences,8123,28,independence,robust sandwich
Figure 1,B,log_articulationrate,fast,Maximally fast,132.26083333333332,0,4.3975706877678959,3.98952214479838,4.8473544580093382,"mean centered height; standardized over kukuku, pipipi, tatata, kutapi, pitaku, takupi",log outcome; response-scale mean across shared sequences,8123,28,independence,robust sandwich
Figure 1,B,log_articulationrate,fast,Maximally fast,132.48666666666665,0,4.3928447664808337,3.9824042078346769,4.8455867700306374,"mean centered height; standardized over kukuku, pipipi, tatata, kutapi, pitaku, takupi",log outcome; response-scale mean across shared sequences,8123,28,independence,robust sandwich
Figure 1,B,log_articulationrate,fast,Maximally fast,132.71249999999998,0,4.3881239239824028,3.9752901637625588,4.843830457397738,"mean centered height; standardized over kukuku, pipipi, tatata, kutapi, pitaku, takupi",log outcome; response-scale mean across shared sequences,8123,28,independence,robust sandwich
Figure 1,B,log_articulationrate,fast,Maximally fast,132.93833333333333,0,4.3834081548145987,3.9681802259918122,4.8420852777402992,"mean centered height; standardized over kukuku, pipipi, tatata, kutapi, pitaku, takupi",log outcome; response-scale mean across shared sequences,8123,28,independence,robust sandwich
Figure 1,B,log_articulationrate,fast,Maximally fast,133.16416666666666,0,4.3786974535252847,3.9610746016962746,4.8403509949795565,"mean centered height; standardized over kukuku, pipipi, tatata, kutapi, pitaku, takupi",log outcome; response-scale mean across shared sequences,8123,28,independence,robust sandwich
Figure 1,B,log_articulationrate,fast,Maximally fast,133.38999999999999,0,4.3739918146681811,3.9539734919900438,4.8386273791519949,"mean centered height; standardized over kukuku, pipipi, tatata, kutapi, pitaku, takupi",log outcome; response-scale mean across shared sequences,8123,28,independence,robust sandwich
Figure 2,A,ema_cycle_rate_hz,normal,Habitual,92.739999999999995,0,3.1100228845016984,2.7526173199152963,3.4674284490881004,"mean centered height; standardized over kukuku, pipipi, tatata, kutapi, pitaku, takupi",identity outcome; arithmetic mean across shared sequences,3323,22,independence,robust sandwich
Figure 2,A,ema_cycle_rate_hz,normal,Habitual,92.965833333333322,0,3.1042701855490376,2.7503933580290743,3.4581470130690009,"mean centered height; standardized over kukuku, pipipi, tatata, kutapi, pitaku, takupi",identity outcome; arithmetic mean across shared sequences,3323,22,independence,robust sandwich
Figure 2,A,ema_cycle_rate_hz,normal,Habitual,93.191666666666663,0,3.0985174865963772,2.7481546837413116,3.4488802894514428,"mean centered height; standardized over kukuku, pipipi, tatata, kutapi, pitaku, takupi",identity outcome; arithmetic mean across shared sequences,3323,22,independence,robust sandwich
Figure 2,A,ema_cycle_rate_hz,normal,Habitual,93.41749999999999,0,3.0927647876437168,2.7459008499045585,3.439628725382875,"mean centered height; standardized over kukuku, pipipi, tatata, kutapi, pitaku, takupi",identity outcome; arithmetic mean across shared sequences,3323,22,independence,robust sandwich
Figure 2,A,ema_cycle_rate_hz,normal,Habitual,93.643333333333331,0,3.0870120886910564,2.7436313931154794,3.4303927842666333,"mean centered height; standardized over kukuku, pipipi, tatata, kutapi, pitaku, takupi",identity outcome; arithmetic mean across shared sequences,3323,22,independence,robust sandwich
Figure 2,A,ema_cycle_rate_hz,normal,Habitual,93.869166666666658,0,3.0812593897383955,2.7413458330881593,3.4211729463886318,"mean centered height; standardized over kukuku, pipipi, tatata, kutapi, pitaku, takupi",identity outcome; arithmetic mean across shared sequences,3323,22,independence,robust sandwich
Figure 2,A,ema_cycle_rate_hz,normal,Habitual,94.094999999999999,0,3.0755066907857351,2.7390436720067712,3.411969709564699,"mean centered height; standardized over kukuku, pipipi, tatata, kutapi, pitaku, takupi",identity outcome; arithmetic mean across shared sequences,3323,22,independence,robust sandwich
Figure 2,A,ema_cycle_rate_hz,normal,Habitual,94.320833333333326,0,3.0697539918330747,2.7367243938576267,3.4027835898085228,"mean centered height; standardized over kukuku, pipipi, tatata, kutapi, pitaku, takupi",identity outcome; arithmetic mean across shared sequences,3323,22,independence,robust sandwich
Figure 2,A,ema_cycle_rate_hz,normal,Habitual,94.546666666666667,0,3.0640012928804139,2.7343874637407413,3.3936151220200865,"mean centered height; standardized over kukuku, pipipi, tatata, kutapi, pitaku, takupi",identity outcome; arithmetic mean across shared sequences,3323,22,independence,robust sandwich
Figure 2,A,ema_cycle_rate_hz,normal,Habitual,94.772499999999994,0,3.0582485939277535,2.7320323271611491,3.3844648606943579,"mean centered height; standardized over kukuku, pipipi, tatata, kutapi, pitaku, takupi",identity outcome; arithmetic mean across shared sequences,3323,22,independence,robust sandwich
Figure 2,A,ema_cycle_rate_hz,normal,Habitual,94.998333333333335,0,3.0524958949750931,2.7296584093003995,3.3753333806497867,"mean centered height; standardized over kukuku, pipipi, tatata, kutapi, pitaku, takupi",identity outcome; arithmetic mean across shared sequences,3323,22,independence,robust sandwich
Figure 2,A,ema_cycle_rate_hz,normal,Habitual,95.224166666666662,0,3.0467431960224327,2.7272651142688162,3.3662212777760492,"mean centered height; standardized over kukuku, pipipi, tatata, kutapi, pitaku, takupi",identity outcome; arithmetic mean across shared sequences,3323,22,independence,robust sandwich
Figure 2,A,ema_cycle_rate_hz,normal,Habitual,95.449999999999989,0,3.0409904970697719,2.7248518243393125,3.3571291698002312,"mean centered height; standardized over kukuku, pipipi, tatata, kutapi, pitaku, takupi",identity outcome; arithmetic mean across shared sequences,3323,22,independence,robust sandwich
Figure 2,A,ema_cycle_rate_hz,normal,Habitual,95.67583333333333,0,3.0352377981171115,2.7224178991637742,3.3480576970704488,"mean centered height; standardized over kukuku, pipipi, tatata, kutapi, pitaku, takupi",identity outcome; arithmetic mean across shared sequences,3323,22,independence,robust sandwich
Figure 2,A,ema_cycle_rate_hz,normal,Habitual,95.901666666666657,0,3.029485099164452,2.719962674973293,3.3390075233556109,"mean centered height; standardized over kukuku, pipipi, tatata, kutapi, pitaku, takupi",identity outcome; arithmetic mean across shared sequences,3323,22,independence,robust sandwich
Figure 2,A,ema_cycle_rate_hz,normal,Habitual,96.127499999999998,0,3.0237324002117902,2.7174854637638313,3.3299793366597492,"mean centered height; standardized over kukuku, pipipi, tatata, kutapi, pitaku, takupi",identity outcome; arithmetic mean across shared sequences,3323,22,independence,robust sandwich
Figure 2,A,ema_cycle_rate_hz,normal,Habitual,96.353333333333325,0,3.0179797012591298,2.714985552469185,3.3209738500490746,"mean centered height; standardized over kukuku, pipipi, tatata, kutapi, pitaku, takupi",identity outcome; arithmetic mean across shared sequences,3323,22,independence,robust sandwich
Figure 2,A,ema_cycle_rate_hz,normal,Habitual,96.579166666666666,0,3.0122270023064694,2.7124622021235245,3.3119918024894144,"mean centered height; standardized over kukuku, pipipi, tatata, kutapi, pitaku, takupi",identity outcome; arithmetic mean across shared sequences,3323,22,independence,robust sandwich
Figure 2,A,ema_cycle_rate_hz,normal,Habitual,96.804999999999993,0,3.0064743033538099,2.7099146470161806,3.3030339596914393,"mean centered height; standardized over kukuku, pipipi, tatata, kutapi, pitaku, takupi",identity outcome; arithmetic mean across shared sequences,3323,22,independence,robust sandwich
Figure 2,A,ema_cycle_rate_hz,normal,Habitual,97.030833333333334,0,3.0007216044011482,2.7073420938417736,3.2941011149605228,"mean centered height; standardized over kukuku, pipipi, tatata, kutapi, pitaku, takupi",identity outcome; arithmetic mean across shared sequences,3323,22,independence,robust sandwich
Figure 2,A,ema_cycle_rate_hz,normal,Habitual,97.256666666666661,0,2.9949689054484878,2.7047437208493244,3.2851940900476513,"mean centered height; standardized over kukuku, pipipi, tatata, kutapi, pitaku, takupi",identity outcome; arithmetic mean across shared sequences,3323,22,independence,robust sandwich
Figure 2,A,ema_cycle_rate_hz,normal,Habitual,97.482499999999987,0,2.9892162064958279,2.7021186769944863,3.2763137359971695,"mean centered height; standardized over kukuku, pipipi, tatata, kutapi, pitaku, takupi",identity outcome; arithmetic mean across shared sequences,3323,22,independence,robust sandwich
Figure 2,A,ema_cycle_rate_hz,normal,Habitual,97.708333333333329,0,2.9834635075431675,2.6994660810996827,3.2674609339866523,"mean centered height; standardized over kukuku, pipipi, tatata, kutapi, pitaku, takupi",identity outcome; arithmetic mean across shared sequences,3323,22,independence,robust sandwich
Figure 2,A,ema_cycle_rate_hz,normal,Habitual,97.934166666666655,0,2.9777108085905066,2.6967850210275541,3.2586365961534591,"mean centered height; standardized over kukuku, pipipi, tatata, kutapi, pitaku, takupi",identity outcome; arithmetic mean across shared sequences,3323,22,independence,robust sandwich
Figure 2,A,ema_cycle_rate_hz,normal,Habitual,98.159999999999997,0,2.9719581096378458,2.6940745528738619,3.2498416664018297,"mean centered height; standardized over kukuku, pipipi, tatata, kutapi, pitaku, takupi",identity outcome; arithmetic mean across shared sequences,3323,22,independence,robust sandwich
Figure 2,A,ema_cycle_rate_hz,normal,Habitual,98.385833333333323,0,2.9662054106851854,2.6913337001867532,3.2410771211836176,"mean centered height; standardized over kukuku, pipipi, tatata, kutapi, pitaku, takupi",identity outcome; arithmetic mean across shared sequences,3323,22,independence,robust sandwich
Figure 2,A,ema_cycle_rate_hz,normal,Habitual,98.611666666666665,0,2.9604527117325254,2.6885614532201192,3.2323439702449317,"mean centered height; standardized over kukuku, pipipi, tatata, kutapi, pitaku, takupi",identity outcome; arithmetic mean across shared sequences,3323,22,independence,robust sandwich
Figure 2,A,ema_cycle_rate_hz,normal,Habitual,98.837499999999991,0,2.9547000127798646,2.6857567682296803,3.2236432573300489,"mean centered height; standardized over kukuku, pipipi, tatata, kutapi, pitaku, takupi",identity outcome; arithmetic mean across shared sequences,3323,22,independence,robust sandwich
Figure 2,A,ema_cycle_rate_hz,normal,Habitual,99.063333333333333,0,2.9489473138272038,2.6829185668213684,3.2149760608330391,"mean centered height; standardized over kukuku, pipipi, tatata, kutapi, pitaku, takupi",identity outcome; arithmetic mean across shared sequences,3323,22,independence,robust sandwich
Figure 2,A,ema_cycle_rate_hz,normal,Habitual,99.289166666666659,0,2.9431946148745434,2.6800457353625773,3.2063434943865095,"mean centered height; standardized over kukuku, pipipi, tatata, kutapi, pitaku, takupi",identity outcome; arithmetic mean across shared sequences,3323,22,independence,robust sandwich
Figure 2,A,ema_cycle_rate_hz,normal,Habitual,99.514999999999986,0,2.9374419159218834,2.6771371244678908,3.1977467073758761,"mean centered height; standardized over kukuku, pipipi, tatata, kutapi, pitaku, takupi",identity outcome; arithmetic mean across shared sequences,3323,22,independence,robust sandwich
Figure 2,A,ema_cycle_rate_hz,normal,Habitual,99.740833333333327,0,2.9316892169692226,2.6741915485720047,3.1891868853664405,"mean centered height; standardized over kukuku, pipipi, tatata, kutapi, pitaku, takupi",identity outcome; arithmetic mean across shared sequences,3323,22,independence,robust sandwich
Figure 2,A,ema_cycle_rate_hz,normal,Habitual,99.966666666666654,0,2.9259365180165613,2.6712077856036385,3.1806652504294841,"mean centered height; standardized over kukuku, pipipi, tatata, kutapi, pitaku, takupi",identity outcome; arithmetic mean across shared sequences,3323,22,independence,robust sandwich
Figure 2,A,ema_cycle_rate_hz,normal,Habitual,100.1925,0,2.9201838190639013,2.6681845767753956,3.1721830613524071,"mean centered height; standardized over kukuku, pipipi, tatata, kutapi, pitaku, takupi",identity outcome; arithmetic mean across shared sequences,3323,22,independence,robust sandwich
Figure 2,A,ema_cycle_rate_hz,normal,Habitual,100.41833333333332,0,2.9144311201112414,2.6651206265056566,3.1637416137168262,"mean centered height; standardized over kukuku, pipipi, tatata, kutapi, pitaku, takupi",identity outcome; arithmetic mean across shared sequences,3323,22,independence,robust sandwich
Figure 2,A,ema_cycle_rate_hz,normal,Habitual,100.64416666666666,0,2.9086784211585806,2.6620146024896587,3.1553422398275024,"mean centered height; standardized over kukuku, pipipi, tatata, kutapi, pitaku, takupi",identity outcome; arithmetic mean across shared sequences,3323,22,independence,robust sandwich
Figure 2,A,ema_cycle_rate_hz,normal,Habitual,100.86999999999999,0,2.9029257222059193,2.6588651359380759,3.1469863084737626,"mean centered height; standardized over kukuku, pipipi, tatata, kutapi, pitaku, takupi",identity outcome; arithmetic mean across shared sequences,3323,22,independence,robust sandwich
Figure 2,A,ema_cycle_rate_hz,normal,Habitual,101.09583333333333,0,2.8971730232532593,2.6556708220022829,3.1386752245042358,"mean centered height; standardized over kukuku, pipipi, tatata, kutapi, pitaku, takupi",identity outcome; arithmetic mean across shared sequences,3323,22,independence,robust sandwich
Figure 2,A,ema_cycle_rate_hz,normal,Habitual,101.32166666666666,0,2.8914203243005994,2.6524302204064769,3.1304104281947218,"mean centered height; standardized over kukuku, pipipi, tatata, kutapi, pitaku, takupi",identity outcome; arithmetic mean across shared sequences,3323,22,independence,robust sandwich
Figure 2,A,ema_cycle_rate_hz,normal,Habitual,101.54749999999999,0,2.8856676253479385,2.6491418563074904,3.1221933943883866,"mean centered height; standardized over kukuku, pipipi, tatata, kutapi, pitaku, takupi",identity outcome; arithmetic mean across shared sequences,3323,22,independence,robust sandwich
Figure 2,A,ema_cycle_rate_hz,normal,Habitual,101.77333333333333,0,2.8799149263952772,2.6458042214037696,3.1140256313867849,"mean centered height; standardized over kukuku, pipipi, tatata, kutapi, pitaku, takupi",identity outcome; arithmetic mean across shared sequences,3323,22,independence,robust sandwich
Figure 2,A,ema_cycle_rate_hz,normal,Habitual,101.99916666666665,0,2.8741622274426177,2.6424157753151678,3.1059086795700677,"mean centered height; standardized over kukuku, pipipi, tatata, kutapi, pitaku, takupi",identity outcome; arithmetic mean across shared sequences,3323,22,independence,robust sandwich
Figure 2,A,ema_cycle_rate_hz,normal,Habitual,102.22499999999999,0,2.8684095284899569,2.6389749472553596,3.0978441097245542,"mean centered height; standardized over kukuku, pipipi, tatata, kutapi, pitaku, takupi",identity outcome; arithmetic mean across shared sequences,3323,22,independence,robust sandwich
Figure 2,A,ema_cycle_rate_hz,normal,Habitual,102.45083333333332,0,2.8626568295372965,2.6354801380182855,3.0898335210563075,"mean centered height; standardized over kukuku, pipipi, tatata, kutapi, pitaku, takupi",identity outcome; arithmetic mean across shared sequences,3323,22,independence,robust sandwich
Figure 2,A,ema_cycle_rate_hz,normal,Habitual,102.67666666666666,0,2.8569041305846352,2.6319297222992786,3.0818785388699919,"mean centered height; standardized over kukuku, pipipi, tatata, kutapi, pitaku, takupi",identity outcome; arithmetic mean across shared sequences,3323,22,independence,robust sandwich
Figure 2,A,ema_cycle_rate_hz,normal,Habitual,102.90249999999999,0,2.8511514316319757,2.6283220513703887,3.0739808118935628,"mean centered height; standardized over kukuku, pipipi, tatata, kutapi, pitaku, takupi",identity outcome; arithmetic mean across shared sequences,3323,22,independence,robust sandwich
Figure 2,A,ema_cycle_rate_hz,normal,Habitual,103.12833333333333,0,2.8453987326793149,2.6246554561276274,3.0661420092310023,"mean centered height; standardized over kukuku, pipipi, tatata, kutapi, pitaku, takupi",identity outcome; arithmetic mean across shared sequences,3323,22,independence,robust sandwich
Figure 2,A,ema_cycle_rate_hz,normal,Habitual,103.35416666666666,0,2.8396460337266545,2.6209282505256075,3.0583638169277014,"mean centered height; standardized over kukuku, pipipi, tatata, kutapi, pitaku, takupi",identity outcome; arithmetic mean across shared sequences,3323,22,independence,robust sandwich
Figure 2,A,ema_cycle_rate_hz,normal,Habitual,103.57999999999998,0,2.8338933347739941,2.6171387354119977,3.0506479341359904,"mean centered height; standardized over kukuku, pipipi, tatata, kutapi, pitaku, takupi",identity outcome; arithmetic mean across shared sequences,3323,22,independence,robust sandwich
Figure 2,A,ema_cycle_rate_hz,normal,Habitual,103.80583333333333,0,2.8281406358213332,2.6132852027707023,3.0429960688719642,"mean centered height; standardized over kukuku, pipipi, tatata, kutapi, pitaku, takupi",identity outcome; arithmetic mean across shared sequences,3323,22,independence,robust sandwich
Figure 2,A,ema_cycle_rate_hz,normal,Habitual,104.03166666666667,0,2.8223879368686728,2.6093659403782565,3.0354099333590892,"mean centered height; standardized over kukuku, pipipi, tatata, kutapi, pitaku, takupi",identity outcome; arithmetic mean across shared sequences,3323,22,independence,robust sandwich
Figure 2,A,ema_cycle_rate_hz,normal,Habitual,104.25749999999999,0,2.8166352379160124,2.6053792368728597,3.0278912389591652,"mean centered height; standardized over kukuku, pipipi, tatata, kutapi, pitaku, takupi",identity outcome; arithmetic mean across shared sequences,3323,22,independence,robust sandwich
Figure 2,A,ema_cycle_rate_hz,normal,Habitual,104.48333333333332,0,2.8108825389633521,2.6013233872297143,3.0204416906969898,"mean centered height; standardized over kukuku, pipipi, tatata, kutapi, pitaku, takupi",identity outcome; arithmetic mean across shared sequences,3323,22,independence,robust sandwich
Figure 2,A,ema_cycle_rate_hz,normal,Habitual,104.70916666666666,0,2.8051298400106912,2.5971966986298778,3.0130629813915046,"mean centered height; standardized over kukuku, pipipi, tatata, kutapi, pitaku, takupi",identity outcome; arithmetic mean across shared sequences,3323,22,independence,robust sandwich
Figure 2,A,ema_cycle_rate_hz,normal,Habitual,104.93499999999999,0,2.7993771410580308,2.5929974967026372,3.0057567854134244,"mean centered height; standardized over kukuku, pipipi, tatata, kutapi, pitaku, takupi",identity outcome; arithmetic mean across shared sequences,3323,22,independence,robust sandwich
Figure 2,A,ema_cycle_rate_hz,normal,Habitual,105.16083333333333,0,2.7936244421053704,2.5887241321138577,2.9985247520968832,"mean centered height; standardized over kukuku, pipipi, tatata, kutapi, pitaku, takupi",identity outcome; arithmetic mean across shared sequences,3323,22,independence,robust sandwich
Figure 2,A,ema_cycle_rate_hz,normal,Habitual,105.38666666666666,0,2.7878717431527096,2.5843749874646336,2.9913684988407856,"mean centered height; standardized over kukuku, pipipi, tatata, kutapi, pitaku, takupi",identity outcome; arithmetic mean across shared sequences,3323,22,independence,robust sandwich
Figure 2,A,ema_cycle_rate_hz,normal,Habitual,105.6125,0,2.7821190442000492,2.5799484844562515,2.9842896039438469,"mean centered height; standardized over kukuku, pipipi, tatata, kutapi, pitaku, takupi",identity outcome; arithmetic mean across shared sequences,3323,22,independence,robust sandwich
Figure 2,A,ema_cycle_rate_hz,normal,Habitual,105.83833333333332,0,2.7763663452473888,2.5754430912690038,2.9772895992257737,"mean centered height; standardized over kukuku, pipipi, tatata, kutapi, pitaku, takupi",identity outcome; arithmetic mean across shared sequences,3323,22,independence,robust sandwich
Figure 2,A,ema_cycle_rate_hz,normal,Habitual,106.06416666666667,0,2.7706136462947284,2.5708573300942139,2.9703699624952429,"mean centered height; standardized over kukuku, pipipi, tatata, kutapi, pitaku, takupi",identity outcome; arithmetic mean across shared sequences,3323,22,independence,robust sandwich
Figure 2,A,ema_cycle_rate_hz,normal,Habitual,106.28999999999999,0,2.7648609473420676,2.5661897847508883,2.9635321099332468,"mean centered height; standardized over kukuku, pipipi, tatata, kutapi, pitaku, takupi",identity outcome; arithmetic mean across shared sequences,3323,22,independence,robust sandwich
Figure 2,A,ema_cycle_rate_hz,normal,Habitual,106.51583333333332,0,2.7591082483894072,2.5614391083112036,2.9567773884676107,"mean centered height; standardized over kukuku, pipipi, tatata, kutapi, pitaku, takupi",identity outcome; arithmetic mean across shared sequences,3323,22,independence,robust sandwich
Figure 2,A,ema_cycle_rate_hz,normal,Habitual,106.74166666666666,0,2.7533555494367468,2.5566040306528359,2.9501070682206576,"mean centered height; standardized over kukuku, pipipi, tatata, kutapi, pitaku, takupi",identity outcome; arithmetic mean across shared sequences,3323,22,independence,robust sandwich
Figure 2,A,ema_cycle_rate_hz,normal,Habitual,106.96749999999999,0,2.7476028504840868,2.551683365851011,2.9435223351171627,"mean centered height; standardized over kukuku, pipipi, tatata, kutapi, pitaku, takupi",identity outcome; arithmetic mean across shared sequences,3323,22,independence,robust sandwich
Figure 2,A,ema_cycle_rate_hz,normal,Habitual,107.19333333333333,0,2.7418501515314255,2.5466760193197056,2.9370242837431455,"mean centered height; standardized over kukuku, pipipi, tatata, kutapi, pitaku, takupi",identity outcome; arithmetic mean across shared sequences,3323,22,independence,robust sandwich
Figure 2,A,ema_cycle_rate_hz,normal,Habitual,107.41916666666665,0,2.7360974525787651,2.5415809946095229,2.9306139105480074,"mean centered height; standardized over kukuku, pipipi, tatata, kutapi, pitaku, takupi",identity outcome; arithmetic mean across shared sequences,3323,22,independence,robust sandwich
Figure 2,A,ema_cycle_rate_hz,normal,Habitual,107.645,0,2.7303447536261043,2.5363973997699687,2.9242921074822399,"mean centered height; standardized over kukuku, pipipi, tatata, kutapi, pitaku, takupi",identity outcome; arithmetic mean across shared sequences,3323,22,independence,robust sandwich
Figure 2,A,ema_cycle_rate_hz,normal,Habitual,107.87083333333332,0,2.7245920546734448,2.5311244531860422,2.9180596561608474,"mean centered height; standardized over kukuku, pipipi, tatata, kutapi, pitaku, takupi",identity outcome; arithmetic mean across shared sequences,3323,22,independence,robust sandwich
Figure 2,A,ema_cycle_rate_hz,normal,Habitual,108.09666666666666,0,2.7188393557207835,2.5257614888033828,2.9119172226381842,"mean centered height; standardized over kukuku, pipipi, tatata, kutapi, pitaku, takupi",identity outcome; arithmetic mean across shared sequences,3323,22,independence,robust sandwich
Figure 2,A,ema_cycle_rate_hz,normal,Habitual,108.32249999999999,0,2.7130866567681231,2.5203079606628411,2.9058653528734051,"mean centered height; standardized over kukuku, pipipi, tatata, kutapi, pitaku, takupi",identity outcome; arithmetic mean across shared sequences,3323,22,independence,robust sandwich
Figure 2,A,ema_cycle_rate_hz,normal,Habitual,108.54833333333332,0,2.7073339578154627,2.5147634466738902,2.8999044689570352,"mean centered height; standardized over kukuku, pipipi, tatata, kutapi, pitaku, takupi",identity outcome; arithmetic mean across shared sequences,3323,22,independence,robust sandwich
Figure 2,A,ema_cycle_rate_hz,normal,Habitual,108.77416666666666,0,2.7015812588628028,2.5091276515669292,2.8940348661586763,"mean centered height; standardized over kukuku, pipipi, tatata, kutapi, pitaku, takupi",identity outcome; arithmetic mean across shared sequences,3323,22,independence,robust sandwich
Figure 2,A,ema_cycle_rate_hz,normal,Habitual,108.99999999999999,0,2.6958285599101419,2.5034004089767175,2.8882567108435664,"mean centered height; standardized over kukuku, pipipi, tatata, kutapi, pitaku, takupi",identity outcome; arithmetic mean across shared sequences,3323,22,independence,robust sandwich
Figure 2,A,ema_cycle_rate_hz,normal,Habitual,109.22583333333333,0,2.6900758609574806,2.4975816826228785,2.8825700392920828,"mean centered height; standardized over kukuku, pipipi, tatata, kutapi, pitaku, takupi",identity outcome; arithmetic mean across shared sequences,3323,22,independence,robust sandwich
Figure 2,A,ema_cycle_rate_hz,normal,Habitual,109.45166666666665,0,2.6843231620048207,2.4916715665679687,2.8769747574416726,"mean centered height; standardized over kukuku, pipipi, tatata, kutapi, pitaku, takupi",identity outcome; arithmetic mean across shared sequences,3323,22,independence,robust sandwich
Figure 2,A,ema_cycle_rate_hz,normal,Habitual,109.67749999999999,0,2.6785704630521607,2.4856702845488492,2.8714706415554723,"mean centered height; standardized over kukuku, pipipi, tatata, kutapi, pitaku, takupi",identity outcome; arithmetic mean across shared sequences,3323,22,independence,robust sandwich
Figure 2,A,ema_cycle_rate_hz,normal,Habitual,109.90333333333332,0,2.6728177640994999,2.4795781883924297,2.8660573398065701,"mean centered height; standardized over kukuku, pipipi, tatata, kutapi, pitaku, takupi",identity outcome; arithmetic mean across shared sequences,3323,22,independence,robust sandwich
Figure 2,A,ema_cycle_rate_hz,normal,Habitual,110.12916666666666,0,2.6670650651468386,2.4733957555418256,2.8607343747518517,"mean centered height; standardized over kukuku, pipipi, tatata, kutapi, pitaku, takupi",identity outcome; arithmetic mean across shared sequences,3323,22,independence,robust sandwich
Figure 2,A,ema_cycle_rate_hz,normal,Habitual,110.35499999999999,0,2.6613123661941787,2.467123585733229,2.8555011466551283,"mean centered height; standardized over kukuku, pipipi, tatata, kutapi, pitaku, takupi",identity outcome; arithmetic mean across shared sequences,3323,22,independence,robust sandwich
Figure 2,A,ema_cycle_rate_hz,normal,Habitual,110.58083333333332,0,2.6555596672415187,2.4607623968768331,2.8503569376062043,"mean centered height; standardized over kukuku, pipipi, tatata, kutapi, pitaku, takupi",identity outcome; arithmetic mean across shared sequences,3323,22,independence,robust sandwich
Figure 2,A,ema_cycle_rate_hz,normal,Habitual,110.80666666666666,0,2.6498069682888574,2.4543130202067007,2.8453009163710141,"mean centered height; standardized over kukuku, pipipi, tatata, kutapi, pitaku, takupi",identity outcome; arithmetic mean across shared sequences,3323,22,independence,robust sandwich
Figure 2,A,ema_cycle_rate_hz,normal,Habitual,111.0325,0,2.6440542693361966,2.4477763947742379,2.8403321438981552,"mean centered height; standardized over kukuku, pipipi, tatata, kutapi, pitaku, takupi",identity outcome; arithmetic mean across shared sequences,3323,22,independence,robust sandwich
Figure 2,A,ema_cycle_rate_hz,normal,Habitual,111.25833333333333,0,2.6383015703835366,2.4411535613675572,2.835449579399516,"mean centered height; standardized over kukuku, pipipi, tatata, kutapi, pitaku, takupi",identity outcome; arithmetic mean across shared sequences,3323,22,independence,robust sandwich
Figure 2,A,ema_cycle_rate_hz,normal,Habitual,111.48416666666665,0,2.6325488714308762,2.4344456559446956,2.8306520869170568,"mean centered height; standardized over kukuku, pipipi, tatata, kutapi, pitaku, takupi",identity outcome; arithmetic mean across shared sequences,3323,22,independence,robust sandwich
Figure 2,A,ema_cycle_rate_hz,normal,Habitual,111.70999999999999,0,2.6267961724782154,2.4276539026720343,2.8259384422843965,"mean centered height; standardized over kukuku, pipipi, tatata, kutapi, pitaku, takupi",identity outcome; arithmetic mean across shared sequences,3323,22,independence,robust sandwich
Figure 2,A,ema_cycle_rate_hz,normal,Habitual,111.93583333333332,0,2.6210434735255546,2.4207796066604961,2.821307340390613,"mean centered height; standardized over kukuku, pipipi, tatata, kutapi, pitaku, takupi",identity outcome; arithmetic mean across shared sequences,3323,22,independence,robust sandwich
Figure 2,A,ema_cycle_rate_hz,normal,Habitual,112.16166666666666,0,2.6152907745728946,2.4138241464914003,2.8167574026543889,"mean centered height; standardized over kukuku, pipipi, tatata, kutapi, pitaku, takupi",identity outcome; arithmetic mean across shared sequences,3323,22,independence,robust sandwich
Figure 2,A,ema_cycle_rate_hz,normal,Habitual,112.38749999999999,0,2.6095380756202342,2.4067889666211952,2.8122871846192732,"mean centered height; standardized over kukuku, pipipi, tatata, kutapi, pitaku, takupi",identity outcome; arithmetic mean across shared sequences,3323,22,independence,robust sandwich
Figure 2,A,ema_cycle_rate_hz,normal,Habitual,112.61333333333332,0,2.6037853766675738,2.3996755697501322,2.8078951835850154,"mean centered height; standardized over kukuku, pipipi, tatata, kutapi, pitaku, takupi",identity outcome; arithmetic mean across shared sequences,3323,22,independence,robust sandwich
Figure 2,A,ema_cycle_rate_hz,normal,Habitual,112.83916666666666,0,2.5980326777149125,2.3924855092341959,2.8035798461956292,"mean centered height; standardized over kukuku, pipipi, tatata, kutapi, pitaku, takupi",identity outcome; arithmetic mean across shared sequences,3323,22,independence,robust sandwich
Figure 2,A,ema_cycle_rate_hz,normal,Habitual,113.065,0,2.5922799787622521,2.3852203816130291,2.7993395759114752,"mean centered height; standardized over kukuku, pipipi, tatata, kutapi, pitaku, takupi",identity outcome; arithmetic mean across shared sequences,3323,22,independence,robust sandwich
Figure 2,A,ema_cycle_rate_hz,normal,Habitual,113.29083333333332,0,2.5865272798095922,2.3778818193189486,2.7951727403002358,"mean centered height; standardized over kukuku, pipipi, tatata, kutapi, pitaku, takupi",identity outcome; arithmetic mean across shared sequences,3323,22,independence,robust sandwich
Figure 2,A,ema_cycle_rate_hz,normal,Habitual,113.51666666666665,0,2.5807745808569318,2.3704714836241538,2.7910776780897097,"mean centered height; standardized over kukuku, pipipi, tatata, kutapi, pitaku, takupi",identity outcome; arithmetic mean across shared sequences,3323,22,independence,robust sandwich
Figure 2,A,ema_cycle_rate_hz,normal,Habitual,113.74249999999999,0,2.5750218819042705,2.3629910578747411,2.7870527059337999,"mean centered height; standardized over kukuku, pipipi, tatata, kutapi, pitaku, takupi",identity outcome; arithmetic mean across shared sequences,3323,22,independence,robust sandwich
Figure 2,A,ema_cycle_rate_hz,normal,Habitual,113.96833333333332,0,2.5692691829516106,2.3554422410519087,2.7830961248513124,"mean centered height; standardized over kukuku, pipipi, tatata, kutapi, pitaku, takupi",identity outcome; arithmetic mean across shared sequences,3323,22,independence,robust sandwich
Figure 2,A,ema_cycle_rate_hz,normal,Habitual,114.19416666666666,0,2.5635164839989502,2.3478267416923009,2.7792062263055994,"mean centered height; standardized over kukuku, pipipi, tatata, kutapi, pitaku, takupi",identity outcome; arithmetic mean across shared sequences,3323,22,independence,robust sandwich
Figure 2,A,ema_cycle_rate_hz,normal,Habitual,114.41999999999999,0,2.5577637850462898,2.3401462721916642,2.7753812979009154,"mean centered height; standardized over kukuku, pipipi, tatata, kutapi, pitaku, takupi",identity outcome; arithmetic mean across shared sequences,3323,22,independence,robust sandwich
Figure 2,A,ema_cycle_rate_hz,normal,Habitual,114.64583333333331,0,2.5520110860936289,2.3324025435085267,2.7716196286787311,"mean centered height; standardized over kukuku, pipipi, tatata, kutapi, pitaku, takupi",identity outcome; arithmetic mean across shared sequences,3323,22,independence,robust sandwich
Figure 2,A,ema_cycle_rate_hz,normal,Habitual,114.87166666666666,0,2.5462583871409685,2.3245972602777623,2.7679195140041748,"mean centered height; standardized over kukuku, pipipi, tatata, kutapi, pitaku, takupi",identity outcome; arithmetic mean across shared sequences,3323,22,independence,robust sandwich
Figure 2,A,ema_cycle_rate_hz,normal,Habitual,115.0975,0,2.5405056881883081,2.3167321163377141,2.7642792600389021,"mean centered height; standardized over kukuku, pipipi, tatata, kutapi, pitaku, takupi",identity outcome; arithmetic mean across shared sequences,3323,22,independence,robust sandwich
Figure 2,A,ema_cycle_rate_hz,normal,Habitual,115.32333333333332,0,2.5347529892356477,2.3088087906691093,2.7606971878021862,"mean centered height; standardized over kukuku, pipipi, tatata, kutapi, pitaku, takupi",identity outcome; arithmetic mean across shared sequences,3323,22,independence,robust sandwich
Figure 2,A,ema_cycle_rate_hz,normal,Habitual,115.54916666666665,0,2.5290002902829869,2.3008289437392722,2.7571716368267016,"mean centered height; standardized over kukuku, pipipi, tatata, kutapi, pitaku, takupi",identity outcome; arithmetic mean across shared sequences,3323,22,independence,robust sandwich
Figure 2,A,ema_cycle_rate_hz,normal,Habitual,115.77499999999999,0,2.5232475913303265,2.2927942142410287,2.7537009684196243,"mean centered height; standardized over kukuku, pipipi, tatata, kutapi, pitaku, takupi",identity outcome; arithmetic mean across shared sequences,3323,22,independence,robust sandwich
Figure 2,A,ema_cycle_rate_hz,normal,Habitual,116.00083333333332,0,2.5174948923776661,2.2847062162124661,2.7502835685428662,"mean centered height; standardized over kukuku, pipipi, tatata, kutapi, pitaku, takupi",identity outcome; arithmetic mean across shared sequences,3323,22,independence,robust sandwich
Figure 2,A,ema_cycle_rate_hz,normal,Habitual,116.22666666666666,0,2.5117421934250053,2.2765665365210097,2.7469178503290008,"mean centered height; standardized over kukuku, pipipi, tatata, kutapi, pitaku, takupi",identity outcome; arithmetic mean across shared sequences,3323,22,independence,robust sandwich
Figure 2,A,ema_cycle_rate_hz,normal,Habitual,116.45249999999999,0,2.5059894944723449,2.2683767326932291,2.7436022562514606,"mean centered height; standardized over kukuku, pipipi, tatata, kutapi, pitaku, takupi",identity outcome; arithmetic mean across shared sequences,3323,22,independence,robust sandwich
Figure 2,A,ema_cycle_rate_hz,normal,Habitual,116.67833333333331,0,2.5002367955196845,2.2601383310702721,2.7403352599690969,"mean centered height; standardized over kukuku, pipipi, tatata, kutapi, pitaku, takupi",identity outcome; arithmetic mean across shared sequences,3323,22,independence,robust sandwich
Figure 2,A,ema_cycle_rate_hz,normal,Habitual,116.90416666666665,0,2.4944840965670236,2.2518528252679015,2.7371153678661457,"mean centered height; standardized over kukuku, pipipi, tatata, kutapi, pitaku, takupi",identity outcome; arithmetic mean across shared sequences,3323,22,independence,robust sandwich
Figure 2,A,ema_cycle_rate_hz,normal,Habitual,117.13,0,2.4887313976143632,2.2435216749195157,2.7339411203092108,"mean centered height; standardized over kukuku, pipipi, tatata, kutapi, pitaku, takupi",identity outcome; arithmetic mean across shared sequences,3323,22,independence,robust sandwich
Figure 2,A,ema_cycle_rate_hz,normal,Habitual,117.35583333333332,0,2.4829786986617028,2.2351463046803373,2.7308110926430684,"mean centered height; standardized over kukuku, pipipi, tatata, kutapi, pitaku, takupi",identity outcome; arithmetic mean across shared sequences,3323,22,independence,robust sandwich
Figure 2,A,ema_cycle_rate_hz,normal,Habitual,117.58166666666665,0,2.4772259997090424,2.2267281034712121,2.7277238959468728,"mean centered height; standardized over kukuku, pipipi, tatata, kutapi, pitaku, takupi",identity outcome; arithmetic mean across shared sequences,3323,22,independence,robust sandwich
Figure 2,A,ema_cycle_rate_hz,normal,Habitual,117.80749999999999,0,2.4714733007563816,2.218268423940752,2.7246781775720113,"mean centered height; standardized over kukuku, pipipi, tatata, kutapi, pitaku, takupi",identity outcome; arithmetic mean across shared sequences,3323,22,independence,robust sandwich
Figure 2,A,ema_cycle_rate_hz,normal,Habitual,118.03333333333332,0,2.4657206018037221,2.2097685821253252,2.721672621482119,"mean centered height; standardized over kukuku, pipipi, tatata, kutapi, pitaku, takupi",identity outcome; arithmetic mean across shared sequences,3323,22,independence,robust sandwich
Figure 2,A,ema_cycle_rate_hz,normal,Habitual,118.25916666666666,0,2.4599679028510608,2.2012298572870614,2.7187059484150602,"mean centered height; standardized over kukuku, pipipi, tatata, kutapi, pitaku, takupi",identity outcome; arithmetic mean across shared sequences,3323,22,independence,robust sandwich
Figure 2,A,ema_cycle_rate_hz,normal,Habitual,118.48499999999999,0,2.4542152038984,2.1926534919111518,2.7157769158856482,"mean centered height; standardized over kukuku, pipipi, tatata, kutapi, pitaku, takupi",identity outcome; arithmetic mean across shared sequences,3323,22,independence,robust sandwich
Figure 2,A,ema_cycle_rate_hz,normal,Habitual,118.71083333333333,0,2.4484625049457396,2.1840406918445585,2.7128843180469207,"mean centered height; standardized over kukuku, pipipi, tatata, kutapi, pitaku, takupi",identity outcome; arithmetic mean across shared sequences,3323,22,independence,robust sandwich
Figure 2,A,ema_cycle_rate_hz,normal,Habitual,118.93666666666665,0,2.4427098059930801,2.1753926265594981,2.7100269854266621,"mean centered height; standardized over kukuku, pipipi, tatata, kutapi, pitaku, takupi",identity outcome; arithmetic mean across shared sequences,3323,22,independence,robust sandwich
Figure 2,A,ema_cycle_rate_hz,normal,Habitual,119.16249999999999,0,2.4369571070404188,2.1667104295260957,2.7072037845547419,"mean centered height; standardized over kukuku, pipipi, tatata, kutapi, pitaku, takupi",identity outcome; arithmetic mean across shared sequences,3323,22,independence,robust sandwich
Figure 2,A,ema_cycle_rate_hz,normal,Habitual,119.38833333333332,0,2.431204408087758,2.1579951986797861,2.7044136174957298,"mean centered height; standardized over kukuku, pipipi, tatata, kutapi, pitaku, takupi",identity outcome; arithmetic mean across shared sequences,3323,22,independence,robust sandwich
Figure 2,A,ema_cycle_rate_hz,normal,Habitual,119.61416666666665,0,2.425451709135098,2.1492479969701055,2.7016554213000905,"mean centered height; standardized over kukuku, pipipi, tatata, kutapi, pitaku, takupi",identity outcome; arithmetic mean across shared sequences,3323,22,independence,robust sandwich
Figure 2,A,ema_cycle_rate_hz,normal,Habitual,119.83999999999999,0,2.419699010182438,2.1404698529787014,2.6989281673861747,"mean centered height; standardized over kukuku, pipipi, tatata, kutapi, pitaku, takupi",identity outcome; arithmetic mean across shared sequences,3323,22,independence,robust sandwich
Figure 2,A,ema_cycle_rate_hz,normal,Habitual,120.06583333333332,0,2.4139463112297768,2.1316617615953857,2.6962308608641679,"mean centered height; standardized over kukuku, pipipi, tatata, kutapi, pitaku, takupi",identity outcome; arithmetic mean across shared sequences,3323,22,independence,robust sandwich
Figure 2,A,ema_cycle_rate_hz,normal,Habitual,120.29166666666666,0,2.4081936122771159,2.1228246847421315,2.6935625398121004,"mean centered height; standardized over kukuku, pipipi, tatata, kutapi, pitaku, takupi",identity outcome; arithmetic mean across shared sequences,3323,22,independence,robust sandwich
Figure 2,A,ema_cycle_rate_hz,normal,Habitual,120.51749999999998,0,2.402440913324456,2.1139595521358396,2.6909222745130723,"mean centered height; standardized over kukuku, pipipi, tatata, kutapi, pitaku, takupi",identity outcome; arithmetic mean across shared sequences,3323,22,independence,robust sandwich
Figure 2,A,ema_cycle_rate_hz,normal,Habitual,120.74333333333333,0,2.3966882143717956,2.1050672620816675,2.6883091666619237,"mean centered height; standardized over kukuku, pipipi, tatata, kutapi, pitaku, takupi",identity outcome; arithmetic mean across shared sequences,3323,22,independence,robust sandwich
Figure 2,A,ema_cycle_rate_hz,normal,Habitual,120.96916666666665,0,2.3909355154191347,2.0961486822895661,2.6857223485487034,"mean centered height; standardized over kukuku, pipipi, tatata, kutapi, pitaku, takupi",identity outcome; arithmetic mean across shared sequences,3323,22,independence,robust sandwich
Figure 2,A,ema_cycle_rate_hz,normal,Habitual,121.19499999999999,0,2.3851828164664739,2.0872046507074482,2.6831609822254996,"mean centered height; standardized over kukuku, pipipi, tatata, kutapi, pitaku, takupi",identity outcome; arithmetic mean across shared sequences,3323,22,independence,robust sandwich
Figure 2,A,ema_cycle_rate_hz,normal,Habitual,121.42083333333332,0,2.3794301175138139,2.0782359763651859,2.680624258662442,"mean centered height; standardized over kukuku, pipipi, tatata, kutapi, pitaku, takupi",identity outcome; arithmetic mean across shared sequences,3323,22,independence,robust sandwich
Figure 2,A,ema_cycle_rate_hz,normal,Habitual,121.64666666666665,0,2.3736774185611536,2.0692434402243034,2.6781113968980037,"mean centered height; standardized over kukuku, pipipi, tatata, kutapi, pitaku, takupi",identity outcome; arithmetic mean across shared sequences,3323,22,independence,robust sandwich
Figure 2,A,ema_cycle_rate_hz,normal,Habitual,121.87249999999999,0,2.3679247196084927,2.0602277960289133,2.6756216431880722,"mean centered height; standardized over kukuku, pipipi, tatata, kutapi, pitaku, takupi",identity outcome; arithmetic mean across shared sequences,3323,22,independence,robust sandwich
Figure 2,A,ema_cycle_rate_hz,normal,Habitual,122.09833333333333,0,2.3621720206558319,2.051189771153922,2.6731542701577418,"mean centered height; standardized over kukuku, pipipi, tatata, kutapi, pitaku, takupi",identity outcome; arithmetic mean across shared sequences,3323,22,independence,robust sandwich
Figure 2,A,ema_cycle_rate_hz,normal,Habitual,122.32416666666666,0,2.3564193217031715,2.0421300674471734,2.6707085759591696,"mean centered height; standardized over kukuku, pipipi, tatata, kutapi, pitaku, takupi",identity outcome; arithmetic mean across shared sequences,3323,22,independence,robust sandwich
Figure 2,A,ema_cycle_rate_hz,normal,Habitual,122.54999999999998,0,2.3506666227505115,2.033049362062572,2.668283883438451,"mean centered height; standardized over kukuku, pipipi, tatata, kutapi, pitaku, takupi",identity outcome; arithmetic mean across shared sequences,3323,22,independence,robust sandwich
Figure 2,A,ema_cycle_rate_hz,normal,Habitual,122.77583333333332,0,2.3449139237978507,2.0239483082817604,2.6658795393139409,"mean centered height; standardized over kukuku, pipipi, tatata, kutapi, pitaku, takupi",identity outcome; arithmetic mean across shared sequences,3323,22,independence,robust sandwich
Figure 2,A,ema_cycle_rate_hz,normal,Habitual,123.00166666666665,0,2.3391612248451898,2.0148275363221977,2.663494913368182,"mean centered height; standardized over kukuku, pipipi, tatata, kutapi, pitaku, takupi",identity outcome; arithmetic mean across shared sequences,3323,22,independence,robust sandwich
Figure 2,A,ema_cycle_rate_hz,normal,Habitual,123.22749999999999,0,2.3334085258925295,2.0056876541299404,2.6611293976551185,"mean centered height; standardized over kukuku, pipipi, tatata, kutapi, pitaku, takupi",identity outcome; arithmetic mean across shared sequences,3323,22,independence,robust sandwich
Figure 2,A,ema_cycle_rate_hz,normal,Habitual,123.45333333333332,0,2.3276558269398695,1.9965292481556731,2.6587824057240659,"mean centered height; standardized over kukuku, pipipi, tatata, kutapi, pitaku, takupi",identity outcome; arithmetic mean across shared sequences,3323,22,independence,robust sandwich
Figure 2,A,ema_cycle_rate_hz,normal,Habitual,123.67916666666665,0,2.3219031279872091,1.9873528841128154,2.6564533718616028,"mean centered height; standardized over kukuku, pipipi, tatata, kutapi, pitaku, takupi",identity outcome; arithmetic mean across shared sequences,3323,22,independence,robust sandwich
Figure 2,A,ema_cycle_rate_hz,normal,Habitual,123.90499999999999,0,2.3161504290345474,1.9781591077168237,2.6541417503522711,"mean centered height; standardized over kukuku, pipipi, tatata, kutapi, pitaku, takupi",identity outcome; arithmetic mean across shared sequences,3323,22,independence,robust sandwich
Figure 2,A,ema_cycle_rate_hz,normal,Habitual,124.13083333333333,0,2.3103977300818874,1.9689484454049686,2.6518470147588062,"mean centered height; standardized over kukuku, pipipi, tatata, kutapi, pitaku, takupi",identity outcome; arithmetic mean across shared sequences,3323,22,independence,robust sandwich
Figure 2,A,ema_cycle_rate_hz,normal,Habitual,124.35666666666665,0,2.3046450311292275,1.9597214050360716,2.6495686572223835,"mean centered height; standardized over kukuku, pipipi, tatata, kutapi, pitaku, takupi",identity outcome; arithmetic mean across shared sequences,3323,22,independence,robust sandwich
Figure 2,A,ema_cycle_rate_hz,normal,Habitual,124.58249999999998,0,2.2988923321765671,1.9504784765698782,2.647306187783256,"mean centered height; standardized over kukuku, pipipi, tatata, kutapi, pitaku, takupi",identity outcome; arithmetic mean across shared sequences,3323,22,independence,robust sandwich
Figure 2,A,ema_cycle_rate_hz,normal,Habitual,124.80833333333332,0,2.2931396332239053,1.9412201327258791,2.6450591337219316,"mean centered height; standardized over kukuku, pipipi, tatata, kutapi, pitaku, takupi",identity outcome; arithmetic mean across shared sequences,3323,22,independence,robust sandwich
Figure 2,A,ema_cycle_rate_hz,normal,Habitual,125.03416666666665,0,2.2873869342712458,1.9319468296214823,2.6428270389210096,"mean centered height; standardized over kukuku, pipipi, tatata, kutapi, pitaku, takupi",identity outcome; arithmetic mean across shared sequences,3323,22,independence,robust sandwich
Figure 2,A,ema_cycle_rate_hz,normal,Habitual,125.25999999999999,0,2.2816342353185854,1.9226590073895746,2.6406094632475963,"mean centered height; standardized over kukuku, pipipi, tatata, kutapi, pitaku, takupi",identity outcome; arithmetic mean across shared sequences,3323,22,independence,robust sandwich
Figure 2,A,ema_cycle_rate_hz,normal,Habitual,125.48583333333332,0,2.2758815363659246,1.913357090775659,2.6384059819561902,"mean centered height; standardized over kukuku, pipipi, tatata, kutapi, pitaku, takupi",identity outcome; arithmetic mean across shared sequences,3323,22,independence,robust sandwich
Figure 2,A,ema_cycle_rate_hz,normal,Habitual,125.71166666666664,0,2.2701288374132642,1.9040414897147018,2.6362161851118264,"mean centered height; standardized over kukuku, pipipi, tatata, kutapi, pitaku, takupi",identity outcome; arithmetic mean across shared sequences,3323,22,independence,robust sandwich
Figure 2,A,ema_cycle_rate_hz,normal,Habitual,125.93749999999999,0,2.2643761384606038,1.8947125998880259,2.634039677033182,"mean centered height; standardized over kukuku, pipipi, tatata, kutapi, pitaku, takupi",identity outcome; arithmetic mean across shared sequences,3323,22,independence,robust sandwich
Figure 2,A,ema_cycle_rate_hz,normal,Habitual,126.16333333333333,0,2.258623439507943,1.8853708032605521,2.6318760757553341,"mean centered height; standardized over kukuku, pipipi, tatata, kutapi, pitaku, takupi",identity outcome; arithmetic mean across shared sequences,3323,22,independence,robust sandwich
Figure 2,A,ema_cycle_rate_hz,normal,Habitual,126.38916666666665,0,2.2528707405552826,1.8760164685988023,2.6297250125117628,"mean centered height; standardized over kukuku, pipipi, tatata, kutapi, pitaku, takupi",identity outcome; arithmetic mean across shared sequences,3323,22,independence,robust sandwich
Figure 2,A,ema_cycle_rate_hz,normal,Habitual,126.61499999999998,0,2.2471180416026222,1.8666499519700448,2.6275861312351996,"mean centered height; standardized over kukuku, pipipi, tatata, kutapi, pitaku, takupi",identity outcome; arithmetic mean across shared sequences,3323,22,independence,robust sandwich
Figure 2,A,ema_cycle_rate_hz,normal,Habitual,126.84083333333332,0,2.2413653426499618,1.8572715972230502,2.6254590880768731,"mean centered height; standardized over kukuku, pipipi, tatata, kutapi, pitaku, takupi",identity outcome; arithmetic mean across shared sequences,3323,22,independence,robust sandwich
Figure 2,A,ema_cycle_rate_hz,normal,Habitual,127.06666666666666,0,2.2356126436973009,1.8478817364509512,2.6233435509436509,"mean centered height; standardized over kukuku, pipipi, tatata, kutapi, pitaku, takupi",identity outcome; arithmetic mean across shared sequences,3323,22,independence,robust sandwich
Figure 2,A,ema_cycle_rate_hz,normal,Habitual,127.29249999999999,0,2.2298599447446406,1.8384806904366542,2.6212391990526269,"mean centered height; standardized over kukuku, pipipi, tatata, kutapi, pitaku, takupi",identity outcome; arithmetic mean across shared sequences,3323,22,independence,robust sandwich
Figure 2,A,ema_cycle_rate_hz,normal,Habitual,127.51833333333332,0,2.2241072457919802,1.8290687690813341,2.6191457225026262,"mean centered height; standardized over kukuku, pipipi, tatata, kutapi, pitaku, takupi",identity outcome; arithmetic mean across shared sequences,3323,22,independence,robust sandwich
Figure 2,A,ema_cycle_rate_hz,normal,Habitual,127.74416666666664,0,2.2183545468393193,1.8196462718165218,2.6170628218621168,"mean centered height; standardized over kukuku, pipipi, tatata, kutapi, pitaku, takupi",identity outcome; arithmetic mean across shared sequences,3323,22,independence,robust sandwich
Figure 2,A,ema_cycle_rate_hz,normal,Habitual,127.96999999999998,0,2.2126018478866589,1.810213488000298,2.6149902077730198,"mean centered height; standardized over kukuku, pipipi, tatata, kutapi, pitaku, takupi",identity outcome; arithmetic mean across shared sequences,3323,22,independence,robust sandwich
Figure 2,A,ema_cycle_rate_hz,normal,Habitual,128.19583333333333,0,2.2068491489339985,1.8007706972980979,2.6129276005698991,"mean centered height; standardized over kukuku, pipipi, tatata, kutapi, pitaku, takupi",identity outcome; arithmetic mean across shared sequences,3323,22,independence,robust sandwich
Figure 2,A,ema_cycle_rate_hz,normal,Habitual,128.42166666666665,0,2.2010964499813381,1.7913181700486649,2.6108747299140114,"mean centered height; standardized over kukuku, pipipi, tatata, kutapi, pitaku, takupi",identity outcome; arithmetic mean across shared sequences,3323,22,independence,robust sandwich
Figure 2,A,ema_cycle_rate_hz,normal,Habitual,128.64749999999998,0,2.1953437510286773,1.7818561676156506,2.608831334441704,"mean centered height; standardized over kukuku, pipipi, tatata, kutapi, pitaku, takupi",identity outcome; arithmetic mean across shared sequences,3323,22,independence,robust sandwich
Figure 2,A,ema_cycle_rate_hz,normal,Habitual,128.87333333333333,0,2.1895910520760169,1.7723849427253715,2.6067971614266625,"mean centered height; standardized over kukuku, pipipi, tatata, kutapi, pitaku, takupi",identity outcome; arithmetic mean across shared sequences,3323,22,independence,robust sandwich
Figure 2,A,ema_cycle_rate_hz,normal,Habitual,129.09916666666666,0,2.1838383531233565,1.762904739791213,2.6047719664555,"mean centered height; standardized over kukuku, pipipi, tatata, kutapi, pitaku, takupi",identity outcome; arithmetic mean across shared sequences,3323,22,independence,robust sandwich
Figure 2,A,ema_cycle_rate_hz,normal,Habitual,129.32499999999999,0,2.1780856541706957,1.753415795225183,2.6027555131162083,"mean centered height; standardized over kukuku, pipipi, tatata, kutapi, pitaku, takupi",identity outcome; arithmetic mean across shared sequences,3323,22,independence,robust sandwich
Figure 2,A,ema_cycle_rate_hz,normal,Habitual,129.55083333333332,0,2.1723329552180353,1.7439183377370928,2.6007475726989777,"mean centered height; standardized over kukuku, pipipi, tatata, kutapi, pitaku, takupi",identity outcome; arithmetic mean across shared sequences,3323,22,independence,robust sandwich
Figure 2,A,ema_cycle_rate_hz,normal,Habitual,129.77666666666664,0,2.1665802562653753,1.7344125886218125,2.5987479239089382,"mean centered height; standardized over kukuku, pipipi, tatata, kutapi, pitaku, takupi",identity outcome; arithmetic mean across shared sequences,3323,22,independence,robust sandwich
Figure 2,A,ema_cycle_rate_hz,normal,Habitual,130.0025,0,2.160827557312714,1.7248987620350826,2.5967563525903454,"mean centered height; standardized over kukuku, pipipi, tatata, kutapi, pitaku, takupi",identity outcome; arithmetic mean across shared sequences,3323,22,independence,robust sandwich
Figure 2,A,ema_cycle_rate_hz,normal,Habitual,130.22833333333332,0,2.1550748583600536,1.7153770652583251,2.5947726514617822,"mean centered height; standardized over kukuku, pipipi, tatata, kutapi, pitaku, takupi",identity outcome; arithmetic mean across shared sequences,3323,22,independence,robust sandwich
Figure 2,A,ema_cycle_rate_hz,normal,Habitual,130.45416666666665,0,2.1493221594073932,1.7058476989528493,2.5927966198619372,"mean centered height; standardized over kukuku, pipipi, tatata, kutapi, pitaku, takupi",identity outcome; arithmetic mean across shared sequences,3323,22,independence,robust sandwich
Figure 2,A,ema_cycle_rate_hz,normal,Habitual,130.67999999999998,0,2.1435694604547333,1.6963108574039247,2.5908280635055418,"mean centered height; standardized over kukuku, pipipi, tatata, kutapi, pitaku, takupi",identity outcome; arithmetic mean across shared sequences,3323,22,independence,robust sandwich
Figure 2,A,ema_cycle_rate_hz,normal,Habitual,130.90583333333331,0,2.1378167615020729,1.6867667287550758,2.58886679424907,"mean centered height; standardized over kukuku, pipipi, tatata, kutapi, pitaku, takupi",identity outcome; arithmetic mean across shared sequences,3323,22,independence,robust sandwich
Figure 2,A,ema_cycle_rate_hz,normal,Habitual,131.13166666666666,0,2.1320640625494116,1.6772154952330263,2.5869126298657967,"mean centered height; standardized over kukuku, pipipi, tatata, kutapi, pitaku, takupi",identity outcome; arithmetic mean across shared sequences,3323,22,independence,robust sandwich
Figure 2,A,ema_cycle_rate_hz,normal,Habitual,131.35749999999999,0,2.1263113635967512,1.6676573333636537,2.5849653938298487,"mean centered height; standardized over kukuku, pipipi, tatata, kutapi, pitaku, takupi",identity outcome; arithmetic mean across shared sequences,3323,22,independence,robust sandwich
Figure 2,A,ema_cycle_rate_hz,normal,Habitual,131.58333333333331,0,2.1205586646440908,1.6580924141793114,2.58302491510887,"mean centered height; standardized over kukuku, pipipi, tatata, kutapi, pitaku, takupi",identity outcome; arithmetic mean across shared sequences,3323,22,independence,robust sandwich
Figure 2,A,ema_cycle_rate_hz,normal,Habitual,131.80916666666664,0,2.1148059656914309,1.6485209034178951,2.5810910279649666,"mean centered height; standardized over kukuku, pipipi, tatata, kutapi, pitaku, takupi",identity outcome; arithmetic mean across shared sequences,3323,22,independence,robust sandwich
Figure 2,A,ema_cycle_rate_hz,normal,Habitual,132.03499999999997,0,2.1090532667387705,1.6389429617139673,2.5791635717635737,"mean centered height; standardized over kukuku, pipipi, tatata, kutapi, pitaku, takupi",identity outcome; arithmetic mean across shared sequences,3323,22,independence,robust sandwich
Figure 2,A,ema_cycle_rate_hz,normal,Habitual,132.26083333333332,0,2.1033005677861092,1.629358744782287,2.5772423907899316,"mean centered height; standardized over kukuku, pipipi, tatata, kutapi, pitaku, takupi",identity outcome; arithmetic mean across shared sequences,3323,22,independence,robust sandwich
Figure 2,A,ema_cycle_rate_hz,normal,Habitual,132.48666666666665,0,2.0975478688334488,1.6197684035940432,2.5753273340728544,"mean centered height; standardized over kukuku, pipipi, tatata, kutapi, pitaku, takupi",identity outcome; arithmetic mean across shared sequences,3323,22,independence,robust sandwich
Figure 2,A,ema_cycle_rate_hz,normal,Habitual,132.71249999999998,0,2.0917951698807888,1.6101720845460918,2.5734182552154858,"mean centered height; standardized over kukuku, pipipi, tatata, kutapi, pitaku, takupi",identity outcome; arithmetic mean across shared sequences,3323,22,independence,robust sandwich
Figure 2,A,ema_cycle_rate_hz,normal,Habitual,132.93833333333333,0,2.0860424709281276,1.6005699296235054,2.5715150122327497,"mean centered height; standardized over kukuku, pipipi, tatata, kutapi, pitaku, takupi",identity outcome; arithmetic mean across shared sequences,3323,22,independence,robust sandwich
Figure 2,A,ema_cycle_rate_hz,normal,Habitual,133.16416666666666,0,2.0802897719754667,1.5909620765557029,2.5696174673952306,"mean centered height; standardized over kukuku, pipipi, tatata, kutapi, pitaku, takupi",identity outcome; arithmetic mean across shared sequences,3323,22,independence,robust sandwich
Figure 2,A,ema_cycle_rate_hz,normal,Habitual,133.38999999999999,0,2.0745370730228068,1.5813486589664127,2.5677254870792008,"mean centered height; standardized over kukuku, pipipi, tatata, kutapi, pitaku, takupi",identity outcome; arithmetic mean across shared sequences,3323,22,independence,robust sandwich
Figure 2,A,ema_cycle_rate_hz,fast,Maximally fast,92.739999999999995,0,4.0702770560522508,3.6019211290257482,4.5386329830787533,"mean centered height; standardized over kukuku, pipipi, tatata, kutapi, pitaku, takupi",identity outcome; arithmetic mean across shared sequences,3323,22,independence,robust sandwich
Figure 2,A,ema_cycle_rate_hz,fast,Maximally fast,92.965833333333322,0,4.0645243570995904,3.5995912868550128,4.5294574273441679,"mean centered height; standardized over kukuku, pipipi, tatata, kutapi, pitaku, takupi",identity outcome; arithmetic mean across shared sequences,3323,22,independence,robust sandwich
Figure 2,A,ema_cycle_rate_hz,fast,Maximally fast,93.191666666666663,0,4.05877165814693,3.5972486810982911,4.5202946351955688,"mean centered height; standardized over kukuku, pipipi, tatata, kutapi, pitaku, takupi",identity outcome; arithmetic mean across shared sequences,3323,22,independence,robust sandwich
Figure 2,A,ema_cycle_rate_hz,fast,Maximally fast,93.41749999999999,0,4.0530189591942687,3.5948930267354946,4.5111448916530428,"mean centered height; standardized over kukuku, pipipi, tatata, kutapi, pitaku, takupi",identity outcome; arithmetic mean across shared sequences,3323,22,independence,robust sandwich
Figure 2,A,ema_cycle_rate_hz,fast,Maximally fast,93.643333333333331,0,4.0472662602416083,3.5925240313369255,4.5020084891462915,"mean centered height; standardized over kukuku, pipipi, tatata, kutapi, pitaku, takupi",identity outcome; arithmetic mean across shared sequences,3323,22,independence,robust sandwich
Figure 2,A,ema_cycle_rate_hz,fast,Maximally fast,93.869166666666658,0,4.0415135612889479,3.5901413948699599,4.4928857277079359,"mean centered height; standardized over kukuku, pipipi, tatata, kutapi, pitaku, takupi",identity outcome; arithmetic mean across shared sequences,3323,22,independence,robust sandwich
Figure 2,A,ema_cycle_rate_hz,fast,Maximally fast,94.094999999999999,0,4.0357608623362875,3.5877448095023112,4.4837769151702638,"mean centered height; standardized over kukuku, pipipi, tatata, kutapi, pitaku, takupi",identity outcome; arithmetic mean across shared sequences,3323,22,independence,robust sandwich
Figure 2,A,ema_cycle_rate_hz,fast,Maximally fast,94.320833333333326,0,4.0300081633836271,3.5853339594019968,4.4746823673652578,"mean centered height; standardized over kukuku, pipipi, tatata, kutapi, pitaku, takupi",identity outcome; arithmetic mean across shared sequences,3323,22,independence,robust sandwich
Figure 2,A,ema_cycle_rate_hz,fast,Maximally fast,94.546666666666667,0,4.0242554644309667,3.5829085205341595,4.4656024083277739,"mean centered height; standardized over kukuku, pipipi, tatata, kutapi, pitaku, takupi",identity outcome; arithmetic mean across shared sequences,3323,22,independence,robust sandwich
Figure 2,A,ema_cycle_rate_hz,fast,Maximally fast,94.772499999999994,0,4.0185027654783063,3.5804681604549131,4.4565373705016995,"mean centered height; standardized over kukuku, pipipi, tatata, kutapi, pitaku, takupi",identity outcome; arithmetic mean across shared sequences,3323,22,independence,robust sandwich
Figure 2,A,ema_cycle_rate_hz,fast,Maximally fast,94.998333333333335,0,4.012750066525645,3.5780125381024099,4.4474875949488801,"mean centered height; standardized over kukuku, pipipi, tatata, kutapi, pitaku, takupi",identity outcome; arithmetic mean across shared sequences,3323,22,independence,robust sandwich
Figure 2,A,ema_cycle_rate_hz,fast,Maximally fast,95.224166666666662,0,4.0069973675729846,3.5755413035853745,4.4384534315605944,"mean centered height; standardized over kukuku, pipipi, tatata, kutapi, pitaku, takupi",identity outcome; arithmetic mean across shared sequences,3323,22,independence,robust sandwich
Figure 2,A,ema_cycle_rate_hz,fast,Maximally fast,95.449999999999989,0,4.0012446686203242,3.5730540979693437,4.4294352392713048,"mean centered height; standardized over kukuku, pipipi, tatata, kutapi, pitaku, takupi",identity outcome; arithmetic mean across shared sequences,3323,22,independence,robust sandwich
Figure 2,A,ema_cycle_rate_hz,fast,Maximally fast,95.67583333333333,0,3.9954919696676638,3.5705505530609298,4.4204333862743974,"mean centered height; standardized over kukuku, pipipi, tatata, kutapi, pitaku, takupi",identity outcome; arithmetic mean across shared sequences,3323,22,independence,robust sandwich
Figure 2,A,ema_cycle_rate_hz,fast,Maximally fast,95.901666666666657,0,3.9897392707150043,3.5680302911904289,4.4114482502395793,"mean centered height; standardized over kukuku, pipipi, tatata, kutapi, pitaku, takupi",identity outcome; arithmetic mean across shared sequences,3323,22,independence,robust sandwich
Figure 2,A,ema_cycle_rate_hz,fast,Maximally fast,96.127499999999998,0,3.9839865717623426,3.5654929249931562,4.4024802185315295,"mean centered height; standardized over kukuku, pipipi, tatata, kutapi, pitaku, takupi",identity outcome; arithmetic mean across shared sequences,3323,22,independence,robust sandwich
Figure 2,A,ema_cycle_rate_hz,fast,Maximally fast,96.353333333333325,0,3.9782338728096822,3.562938057189923,4.3935296884294415,"mean centered height; standardized over kukuku, pipipi, tatata, kutapi, pitaku, takupi",identity outcome; arithmetic mean across shared sequences,3323,22,independence,robust sandwich
Figure 2,A,ema_cycle_rate_hz,fast,Maximally fast,96.579166666666666,0,3.9724811738570218,3.5603652803671153,4.3845970673469283,"mean centered height; standardized over kukuku, pipipi, tatata, kutapi, pitaku, takupi",identity outcome; arithmetic mean across shared sequences,3323,22,independence,robust sandwich
Figure 2,A,ema_cycle_rate_hz,fast,Maximally fast,96.804999999999993,0,3.9667284749043623,3.5577741767569022,4.375682773051822,"mean centered height; standardized over kukuku, pipipi, tatata, kutapi, pitaku, takupi",identity outcome; arithmetic mean across shared sequences,3323,22,independence,robust sandwich
Figure 2,A,ema_cycle_rate_hz,fast,Maximally fast,97.030833333333334,0,3.9609757759517006,3.5551643180181269,4.3667872338852742,"mean centered height; standardized over kukuku, pipipi, tatata, kutapi, pitaku, takupi",identity outcome; arithmetic mean across shared sequences,3323,22,independence,robust sandwich
Figure 2,A,ema_cycle_rate_hz,fast,Maximally fast,97.256666666666661,0,3.9552230769990402,3.5525352650185202,4.3579108889795597,"mean centered height; standardized over kukuku, pipipi, tatata, kutapi, pitaku, takupi",identity outcome; arithmetic mean across shared sequences,3323,22,independence,robust sandwich
Figure 2,A,ema_cycle_rate_hz,fast,Maximally fast,97.482499999999987,0,3.9494703780463802,3.5498865676189064,4.3490541884738541,"mean centered height; standardized over kukuku, pipipi, tatata, kutapi, pitaku, takupi",identity outcome; arithmetic mean across shared sequences,3323,22,independence,robust sandwich
Figure 2,A,ema_cycle_rate_hz,fast,Maximally fast,97.708333333333329,0,3.9437176790937198,3.5472177644601688,4.3402175937272709,"mean centered height; standardized over kukuku, pipipi, tatata, kutapi, pitaku, takupi",identity outcome; arithmetic mean across shared sequences,3323,22,independence,robust sandwich
Figure 2,A,ema_cycle_rate_hz,fast,Maximally fast,97.934166666666655,0,3.937964980141059,3.5445283827537777,4.3314015775283403,"mean centered height; standardized over kukuku, pipipi, tatata, kutapi, pitaku, takupi",identity outcome; arithmetic mean across shared sequences,3323,22,independence,robust sandwich
Figure 2,A,ema_cycle_rate_hz,fast,Maximally fast,98.159999999999997,0,3.9322122811883982,3.5418179380767896,4.3226066243000068,"mean centered height; standardized over kukuku, pipipi, tatata, kutapi, pitaku, takupi",identity outcome; arithmetic mean across shared sequences,3323,22,independence,robust sandwich
Figure 2,A,ema_cycle_rate_hz,fast,Maximally fast,98.385833333333323,0,3.9264595822357378,3.5390859341722671,4.313833230299208,"mean centered height; standardized over kukuku, pipipi, tatata, kutapi, pitaku, takupi",identity outcome; arithmetic mean across shared sequences,3323,22,independence,robust sandwich
Figure 2,A,ema_cycle_rate_hz,fast,Maximally fast,98.611666666666665,0,3.9207068832830778,3.5363318627561799,4.3050819038099757,"mean centered height; standardized over kukuku, pipipi, tatata, kutapi, pitaku, takupi",identity outcome; arithmetic mean across shared sequences,3323,22,independence,robust sandwich
Figure 2,A,ema_cycle_rate_hz,fast,Maximally fast,98.837499999999991,0,3.914954184330417,3.5335552033319111,4.2963531653289229,"mean centered height; standardized over kukuku, pipipi, tatata, kutapi, pitaku, takupi",identity outcome; arithmetic mean across shared sequences,3323,22,independence,robust sandwich
Figure 2,A,ema_cycle_rate_hz,fast,Maximally fast,99.063333333333333,0,3.9092014853777561,3.5307554230135949,4.2876475477419174,"mean centered height; standardized over kukuku, pipipi, tatata, kutapi, pitaku, takupi",identity outcome; arithmetic mean across shared sequences,3323,22,independence,robust sandwich
Figure 2,A,ema_cycle_rate_hz,fast,Maximally fast,99.289166666666659,0,3.9034487864250957,3.5279319763595902,4.2789655964906013,"mean centered height; standardized over kukuku, pipipi, tatata, kutapi, pitaku, takupi",identity outcome; arithmetic mean across shared sequences,3323,22,independence,robust sandwich
Figure 2,A,ema_cycle_rate_hz,fast,Maximally fast,99.514999999999986,0,3.8976960874724358,3.5250843052174972,4.2703078697273744,"mean centered height; standardized over kukuku, pipipi, tatata, kutapi, pitaku, takupi",identity outcome; arithmetic mean across shared sequences,3323,22,independence,robust sandwich
Figure 2,A,ema_cycle_rate_hz,fast,Maximally fast,99.740833333333327,0,3.8919433885197749,3.5222118385822236,4.2616749384573263,"mean centered height; standardized over kukuku, pipipi, tatata, kutapi, pitaku, takupi",identity outcome; arithmetic mean across shared sequences,3323,22,independence,robust sandwich
Figure 2,A,ema_cycle_rate_hz,fast,Maximally fast,99.966666666666654,0,3.8861906895671137,3.5193139924687009,4.253067386665526,"mean centered height; standardized over kukuku, pipipi, tatata, kutapi, pitaku, takupi",identity outcome; arithmetic mean across shared sequences,3323,22,independence,robust sandwich
Figure 2,A,ema_cycle_rate_hz,fast,Maximally fast,100.1925,0,3.8804379906144537,3.5163901698009616,4.2444858114279462,"mean centered height; standardized over kukuku, pipipi, tatata, kutapi, pitaku, takupi",identity outcome; arithmetic mean across shared sequences,3323,22,independence,robust sandwich
Figure 2,A,ema_cycle_rate_hz,fast,Maximally fast,100.41833333333332,0,3.8746852916617938,3.5134397603193874,4.2359308230041997,"mean centered height; standardized over kukuku, pipipi, tatata, kutapi, pitaku, takupi",identity outcome; arithmetic mean across shared sequences,3323,22,independence,robust sandwich
Figure 2,A,ema_cycle_rate_hz,fast,Maximally fast,100.64416666666666,0,3.8689325927091329,3.5104621405080381,4.2274030449102273,"mean centered height; standardized over kukuku, pipipi, tatata, kutapi, pitaku, takupi",identity outcome; arithmetic mean across shared sequences,3323,22,independence,robust sandwich
Figure 2,A,ema_cycle_rate_hz,fast,Maximally fast,100.86999999999999,0,3.8631798937564716,3.5074566735441111,4.2189031139688318,"mean centered height; standardized over kukuku, pipipi, tatata, kutapi, pitaku, takupi",identity outcome; arithmetic mean across shared sequences,3323,22,independence,robust sandwich
Figure 2,A,ema_cycle_rate_hz,fast,Maximally fast,101.09583333333333,0,3.8574271948038117,3.5044227092716294,4.2104316803359936,"mean centered height; standardized over kukuku, pipipi, tatata, kutapi, pitaku, takupi",identity outcome; arithmetic mean across shared sequences,3323,22,independence,robust sandwich
Figure 2,A,ema_cycle_rate_hz,fast,Maximally fast,101.32166666666666,0,3.8516744958511517,3.501359584201615,4.2019894075006885,"mean centered height; standardized over kukuku, pipipi, tatata, kutapi, pitaku, takupi",identity outcome; arithmetic mean across shared sequences,3323,22,independence,robust sandwich
Figure 2,A,ema_cycle_rate_hz,fast,Maximally fast,101.54749999999999,0,3.8459217968984909,3.4982666215410689,4.1935769722559124,"mean centered height; standardized over kukuku, pipipi, tatata, kutapi, pitaku, takupi",identity outcome; arithmetic mean across shared sequences,3323,22,independence,robust sandwich
Figure 2,A,ema_cycle_rate_hz,fast,Maximally fast,101.77333333333333,0,3.8401690979458296,3.4951431312532186,4.1851950646384406,"mean centered height; standardized over kukuku, pipipi, tatata, kutapi, pitaku, takupi",identity outcome; arithmetic mean across shared sequences,3323,22,independence,robust sandwich
Figure 2,A,ema_cycle_rate_hz,fast,Maximally fast,101.99916666666665,0,3.8344163989931701,3.4919884101515217,4.1768443878348185,"mean centered height; standardized over kukuku, pipipi, tatata, kutapi, pitaku, takupi",identity outcome; arithmetic mean across shared sequences,3323,22,independence,robust sandwich
Figure 2,A,ema_cycle_rate_hz,fast,Maximally fast,102.22499999999999,0,3.8286637000405093,3.4888017420300601,4.1685256580509584,"mean centered height; standardized over kukuku, pipipi, tatata, kutapi, pitaku, takupi",identity outcome; arithmetic mean across shared sequences,3323,22,independence,robust sandwich
Figure 2,A,ema_cycle_rate_hz,fast,Maximally fast,102.45083333333332,0,3.8229110010878489,3.4855823978330247,4.1602396043426735,"mean centered height; standardized over kukuku, pipipi, tatata, kutapi, pitaku, takupi",identity outcome; arithmetic mean across shared sequences,3323,22,independence,robust sandwich
Figure 2,A,ema_cycle_rate_hz,fast,Maximally fast,102.67666666666666,0,3.8171583021351876,3.482329635866007,4.1519869684043682,"mean centered height; standardized over kukuku, pipipi, tatata, kutapi, pitaku, takupi",identity outcome; arithmetic mean across shared sequences,3323,22,independence,robust sandwich
Figure 2,A,ema_cycle_rate_hz,fast,Maximally fast,102.90249999999999,0,3.8114056031825281,3.4790427020519408,4.1437685043131154,"mean centered height; standardized over kukuku, pipipi, tatata, kutapi, pitaku, takupi",identity outcome; arithmetic mean across shared sequences,3323,22,independence,robust sandwich
Figure 2,A,ema_cycle_rate_hz,fast,Maximally fast,103.12833333333333,0,3.8056529042298672,3.47572083023451,4.135584978225225,"mean centered height; standardized over kukuku, pipipi, tatata, kutapi, pitaku, takupi",identity outcome; arithmetic mean across shared sequences,3323,22,independence,robust sandwich
Figure 2,A,ema_cycle_rate_hz,fast,Maximally fast,103.35416666666666,0,3.7999002052772068,3.4723632425319177,4.1274371680224959,"mean centered height; standardized over kukuku, pipipi, tatata, kutapi, pitaku, takupi",identity outcome; arithmetic mean across shared sequences,3323,22,independence,robust sandwich
Figure 2,A,ema_cycle_rate_hz,fast,Maximally fast,103.57999999999998,0,3.7941475063245464,3.4689691497438329,4.11932586290526,"mean centered height; standardized over kukuku, pipipi, tatata, kutapi, pitaku, takupi",identity outcome; arithmetic mean across shared sequences,3323,22,independence,robust sandwich
Figure 2,A,ema_cycle_rate_hz,fast,Maximally fast,103.80583333333333,0,3.7883948073718856,3.4655377518143933,4.1112518629293779,"mean centered height; standardized over kukuku, pipipi, tatata, kutapi, pitaku, takupi",identity outcome; arithmetic mean across shared sequences,3323,22,independence,robust sandwich
Figure 2,A,ema_cycle_rate_hz,fast,Maximally fast,104.03166666666667,0,3.7826421084192252,3.4620682383540435,4.1032159784844069,"mean centered height; standardized over kukuku, pipipi, tatata, kutapi, pitaku, takupi",identity outcome; arithmetic mean across shared sequences,3323,22,independence,robust sandwich
Figure 2,A,ema_cycle_rate_hz,fast,Maximally fast,104.25749999999999,0,3.7768894094665648,3.458559789222901,4.0952190297102282,"mean centered height; standardized over kukuku, pipipi, tatata, kutapi, pitaku, takupi",identity outcome; arithmetic mean across shared sequences,3323,22,independence,robust sandwich
Figure 2,A,ema_cycle_rate_hz,fast,Maximally fast,104.48333333333332,0,3.7711367105139044,3.4550115751782622,4.0872618458495467,"mean centered height; standardized over kukuku, pipipi, tatata, kutapi, pitaku, takupi",identity outcome; arithmetic mean across shared sequences,3323,22,independence,robust sandwich
Figure 2,A,ema_cycle_rate_hz,fast,Maximally fast,104.70916666666666,0,3.7653840115612436,3.4514227585887229,4.0793452645337638,"mean centered height; standardized over kukuku, pipipi, tatata, kutapi, pitaku, takupi",identity outcome; arithmetic mean across shared sequences,3323,22,independence,robust sandwich
Figure 2,A,ema_cycle_rate_hz,fast,Maximally fast,104.93499999999999,0,3.7596313126085832,3.4477924942171487,4.0714701310000176,"mean centered height; standardized over kukuku, pipipi, tatata, kutapi, pitaku, takupi",identity outcome; arithmetic mean across shared sequences,3323,22,independence,robust sandwich
Figure 2,A,ema_cycle_rate_hz,fast,Maximally fast,105.16083333333333,0,3.7538786136559228,3.4441199300745731,4.063637297237273,"mean centered height; standardized over kukuku, pipipi, tatata, kutapi, pitaku, takupi",identity outcome; arithmetic mean across shared sequences,3323,22,independence,robust sandwich
Figure 2,A,ema_cycle_rate_hz,fast,Maximally fast,105.38666666666666,0,3.748125914703262,3.4404042083468034,4.055847621059721,"mean centered height; standardized over kukuku, pipipi, tatata, kutapi, pitaku, takupi",identity outcome; arithmetic mean across shared sequences,3323,22,independence,robust sandwich
Figure 2,A,ema_cycle_rate_hz,fast,Maximally fast,105.6125,0,3.7423732157506016,3.4366444663952227,4.0481019651059809,"mean centered height; standardized over kukuku, pipipi, tatata, kutapi, pitaku, takupi",identity outcome; arithmetic mean across shared sequences,3323,22,independence,robust sandwich
Figure 2,A,ema_cycle_rate_hz,fast,Maximally fast,105.83833333333332,0,3.7366205167979412,3.4328398378328826,4.0404011957629997,"mean centered height; standardized over kukuku, pipipi, tatata, kutapi, pitaku, takupi",identity outcome; arithmetic mean across shared sequences,3323,22,independence,robust sandwich
Figure 2,A,ema_cycle_rate_hz,fast,Maximally fast,106.06416666666667,0,3.7308678178452808,3.4289894536766399,4.0327461820139217,"mean centered height; standardized over kukuku, pipipi, tatata, kutapi, pitaku, takupi",identity outcome; arithmetic mean across shared sequences,3323,22,independence,robust sandwich
Figure 2,A,ema_cycle_rate_hz,fast,Maximally fast,106.28999999999999,0,3.7251151188926199,3.425092443575585,4.0251377942096545,"mean centered height; standardized over kukuku, pipipi, tatata, kutapi, pitaku, takupi",identity outcome; arithmetic mean across shared sequences,3323,22,independence,robust sandwich
Figure 2,A,ema_cycle_rate_hz,fast,Maximally fast,106.51583333333332,0,3.7193624199399595,3.4211479371155296,4.0175769027643895,"mean centered height; standardized over kukuku, pipipi, tatata, kutapi, pitaku, takupi",identity outcome; arithmetic mean across shared sequences,3323,22,independence,robust sandwich
Figure 2,A,ema_cycle_rate_hz,fast,Maximally fast,106.74166666666666,0,3.7136097209872991,3.4171550651987843,4.010064376775814,"mean centered height; standardized over kukuku, pipipi, tatata, kutapi, pitaku, takupi",identity outcome; arithmetic mean across shared sequences,3323,22,independence,robust sandwich
Figure 2,A,ema_cycle_rate_hz,fast,Maximally fast,106.96749999999999,0,3.7078570220346392,3.4131129614978288,4.0026010825714495,"mean centered height; standardized over kukuku, pipipi, tatata, kutapi, pitaku, takupi",identity outcome; arithmetic mean across shared sequences,3323,22,independence,robust sandwich
Figure 2,A,ema_cycle_rate_hz,fast,Maximally fast,107.19333333333333,0,3.7021043230819779,3.4090207639808909,3.9951878821830649,"mean centered height; standardized over kukuku, pipipi, tatata, kutapi, pitaku, takupi",identity outcome; arithmetic mean across shared sequences,3323,22,independence,robust sandwich
Figure 2,A,ema_cycle_rate_hz,fast,Maximally fast,107.41916666666665,0,3.6963516241293175,3.4048776165067034,3.9878256317519316,"mean centered height; standardized over kukuku, pipipi, tatata, kutapi, pitaku, takupi",identity outcome; arithmetic mean across shared sequences,3323,22,independence,robust sandwich
Figure 2,A,ema_cycle_rate_hz,fast,Maximally fast,107.645,0,3.6905989251766567,3.4006826704850468,3.9805151798682665,"mean centered height; standardized over kukuku, pipipi, tatata, kutapi, pitaku, takupi",identity outcome; arithmetic mean across shared sequences,3323,22,independence,robust sandwich
Figure 2,A,ema_cycle_rate_hz,fast,Maximally fast,107.87083333333332,0,3.6848462262239972,3.3964350865989346,3.9732573658490598,"mean centered height; standardized over kukuku, pipipi, tatata, kutapi, pitaku, takupi",identity outcome; arithmetic mean across shared sequences,3323,22,independence,robust sandwich
Figure 2,A,ema_cycle_rate_hz,fast,Maximally fast,108.09666666666666,0,3.6790935272713359,3.3921340365834727,3.9660530179591991,"mean centered height; standardized over kukuku, pipipi, tatata, kutapi, pitaku, takupi",identity outcome; arithmetic mean across shared sequences,3323,22,independence,robust sandwich
Figure 2,A,ema_cycle_rate_hz,fast,Maximally fast,108.32249999999999,0,3.6733408283186755,3.3877787050557289,3.9589029515816221,"mean centered height; standardized over kukuku, pipipi, tatata, kutapi, pitaku, takupi",identity outcome; arithmetic mean across shared sequences,3323,22,independence,robust sandwich
Figure 2,A,ema_cycle_rate_hz,fast,Maximally fast,108.54833333333332,0,3.6675881293660151,3.3833682913890684,3.9518079673429618,"mean centered height; standardized over kukuku, pipipi, tatata, kutapi, pitaku, takupi",identity outcome; arithmetic mean across shared sequences,3323,22,independence,robust sandwich
Figure 2,A,ema_cycle_rate_hz,fast,Maximally fast,108.77416666666666,0,3.6618354304133551,3.3789020116247022,3.9447688492020081,"mean centered height; standardized over kukuku, pipipi, tatata, kutapi, pitaku, takupi",identity outcome; arithmetic mean across shared sequences,3323,22,independence,robust sandwich
Figure 2,A,ema_cycle_rate_hz,fast,Maximally fast,108.99999999999999,0,3.6560827314606943,3.3743791004123471,3.9377863625090415,"mean centered height; standardized over kukuku, pipipi, tatata, kutapi, pitaku, takupi",identity outcome; arithmetic mean across shared sequences,3323,22,independence,robust sandwich
Figure 2,A,ema_cycle_rate_hz,fast,Maximally fast,109.22583333333333,0,3.650330032508033,3.3697988129712311,3.9308612520448349,"mean centered height; standardized over kukuku, pipipi, tatata, kutapi, pitaku, takupi",identity outcome; arithmetic mean across shared sequences,3323,22,independence,robust sandwich
Figure 2,A,ema_cycle_rate_hz,fast,Maximally fast,109.45166666666665,0,3.6445773335553731,3.3651604270619009,3.9239942400488452,"mean centered height; standardized over kukuku, pipipi, tatata, kutapi, pitaku, takupi",identity outcome; arithmetic mean across shared sequences,3323,22,independence,robust sandwich
Figure 2,A,ema_cycle_rate_hz,fast,Maximally fast,109.67749999999999,0,3.6388246346027131,3.3604632449586886,3.9171860242467376,"mean centered height; standardized over kukuku, pipipi, tatata, kutapi, pitaku, takupi",identity outcome; arithmetic mean across shared sequences,3323,22,independence,robust sandwich
Figure 2,A,ema_cycle_rate_hz,fast,Maximally fast,109.90333333333332,0,3.6330719356500523,3.3557065954120966,3.9104372758880079,"mean centered height; standardized over kukuku, pipipi, tatata, kutapi, pitaku, takupi",identity outcome; arithmetic mean across shared sequences,3323,22,independence,robust sandwich
Figure 2,A,ema_cycle_rate_hz,fast,Maximally fast,110.12916666666666,0,3.627319236697391,3.3508898355898458,3.9037486378049362,"mean centered height; standardized over kukuku, pipipi, tatata, kutapi, pitaku, takupi",identity outcome; arithmetic mean across shared sequences,3323,22,independence,robust sandwich
Figure 2,A,ema_cycle_rate_hz,fast,Maximally fast,110.35499999999999,0,3.621566537744731,3.3460123529849453,3.8971207225045168,"mean centered height; standardized over kukuku, pipipi, tatata, kutapi, pitaku, takupi",identity outcome; arithmetic mean across shared sequences,3323,22,independence,robust sandwich
Figure 2,A,ema_cycle_rate_hz,fast,Maximally fast,110.58083333333332,0,3.6158138387920711,3.3410735672788157,3.8905541103053265,"mean centered height; standardized over kukuku, pipipi, tatata, kutapi, pitaku, takupi",identity outcome; arithmetic mean across shared sequences,3323,22,independence,robust sandwich
Figure 2,A,ema_cycle_rate_hz,fast,Maximally fast,110.80666666666666,0,3.6100611398394098,3.3360729321473279,3.8840493475314917,"mean centered height; standardized over kukuku, pipipi, tatata, kutapi, pitaku, takupi",identity outcome; arithmetic mean across shared sequences,3323,22,independence,robust sandwich
Figure 2,A,ema_cycle_rate_hz,fast,Maximally fast,111.0325,0,3.604308440886749,3.3310099369975843,3.8776069447759136,"mean centered height; standardized over kukuku, pipipi, tatata, kutapi, pitaku, takupi",identity outcome; arithmetic mean across shared sequences,3323,22,independence,robust sandwich
Figure 2,A,ema_cycle_rate_hz,fast,Maximally fast,111.25833333333333,0,3.598555741934089,3.3258841086232764,3.8712273752449016,"mean centered height; standardized over kukuku, pipipi, tatata, kutapi, pitaku, takupi",identity outcome; arithmetic mean across shared sequences,3323,22,independence,robust sandwich
Figure 2,A,ema_cycle_rate_hz,fast,Maximally fast,111.48416666666665,0,3.5928030429814286,3.3206950127667527,3.8649110731961045,"mean centered height; standardized over kukuku, pipipi, tatata, kutapi, pitaku, takupi",identity outcome; arithmetic mean across shared sequences,3323,22,independence,robust sandwich
Figure 2,A,ema_cycle_rate_hz,fast,Maximally fast,111.70999999999999,0,3.5870503440287678,3.3154422555762508,3.8586584324812847,"mean centered height; standardized over kukuku, pipipi, tatata, kutapi, pitaku, takupi",identity outcome; arithmetic mean across shared sequences,3323,22,independence,robust sandwich
Figure 2,A,ema_cycle_rate_hz,fast,Maximally fast,111.93583333333332,0,3.5812976450761069,3.3101254849472621,3.8524698052049517,"mean centered height; standardized over kukuku, pipipi, tatata, kutapi, pitaku, takupi",identity outcome; arithmetic mean across shared sequences,3323,22,independence,robust sandwich
Figure 2,A,ema_cycle_rate_hz,fast,Maximally fast,112.16166666666666,0,3.575544946123447,3.3047443917376582,3.8463455005092357,"mean centered height; standardized over kukuku, pipipi, tatata, kutapi, pitaku, takupi",identity outcome; arithmetic mean across shared sequences,3323,22,independence,robust sandwich
Figure 2,A,ema_cycle_rate_hz,fast,Maximally fast,112.38749999999999,0,3.5697922471707866,3.2992987108469896,3.8402857834945836,"mean centered height; standardized over kukuku, pipipi, tatata, kutapi, pitaku, takupi",identity outcome; arithmetic mean across shared sequences,3323,22,independence,robust sandwich
Figure 2,A,ema_cycle_rate_hz,fast,Maximally fast,112.61333333333332,0,3.5640395482181262,3.2937882221513521,3.8342908742849002,"mean centered height; standardized over kukuku, pipipi, tatata, kutapi, pitaku, takupi",identity outcome; arithmetic mean across shared sequences,3323,22,independence,robust sandwich
Figure 2,A,ema_cycle_rate_hz,fast,Maximally fast,112.83916666666666,0,3.5582868492654649,3.2882127512861508,3.828360947244779,"mean centered height; standardized over kukuku, pipipi, tatata, kutapi, pitaku, takupi",identity outcome; arithmetic mean across shared sequences,3323,22,independence,robust sandwich
Figure 2,A,ema_cycle_rate_hz,fast,Maximally fast,113.065,0,3.5525341503128045,3.2825721702703845,3.8224961303552245,"mean centered height; standardized over kukuku, pipipi, tatata, kutapi, pitaku, takupi",identity outcome; arithmetic mean across shared sequences,3323,22,independence,robust sandwich
Figure 2,A,ema_cycle_rate_hz,fast,Maximally fast,113.29083333333332,0,3.5467814513601446,3.2768663979672232,3.8166965047530659,"mean centered height; standardized over kukuku, pipipi, tatata, kutapi, pitaku, takupi",identity outcome; arithmetic mean across shared sequences,3323,22,independence,robust sandwich
Figure 2,A,ema_cycle_rate_hz,fast,Maximally fast,113.51666666666665,0,3.5410287524074842,3.2710954003770696,3.8109621044378987,"mean centered height; standardized over kukuku, pipipi, tatata, kutapi, pitaku, takupi",identity outcome; arithmetic mean across shared sequences,3323,22,independence,robust sandwich
Figure 2,A,ema_cycle_rate_hz,fast,Maximally fast,113.74249999999999,0,3.5352760534548229,3.265259190760577,3.8052929161490687,"mean centered height; standardized over kukuku, pipipi, tatata, kutapi, pitaku, takupi",identity outcome; arithmetic mean across shared sequences,3323,22,independence,robust sandwich
Figure 2,A,ema_cycle_rate_hz,fast,Maximally fast,113.96833333333332,0,3.5295233545021629,3.2593578295906638,3.7996888794136621,"mean centered height; standardized over kukuku, pipipi, tatata, kutapi, pitaku, takupi",identity outcome; arithmetic mean across shared sequences,3323,22,independence,robust sandwich
Figure 2,A,ema_cycle_rate_hz,fast,Maximally fast,114.19416666666666,0,3.5237706555495025,3.2533914243338602,3.7941498867651449,"mean centered height; standardized over kukuku, pipipi, tatata, kutapi, pitaku, takupi",identity outcome; arithmetic mean across shared sequences,3323,22,independence,robust sandwich
Figure 2,A,ema_cycle_rate_hz,fast,Maximally fast,114.41999999999999,0,3.5180179565968421,3.2473601290628658,3.7886757841308185,"mean centered height; standardized over kukuku, pipipi, tatata, kutapi, pitaku, takupi",identity outcome; arithmetic mean across shared sequences,3323,22,independence,robust sandwich
Figure 2,A,ema_cycle_rate_hz,fast,Maximally fast,114.64583333333331,0,3.5122652576441813,3.2412641439035608,3.7832663713848018,"mean centered height; standardized over kukuku, pipipi, tatata, kutapi, pitaku, takupi",identity outcome; arithmetic mean across shared sequences,3323,22,independence,robust sandwich
Figure 2,A,ema_cycle_rate_hz,fast,Maximally fast,114.87166666666666,0,3.5065125586915209,3.2351037143210841,3.7779214030619577,"mean centered height; standardized over kukuku, pipipi, tatata, kutapi, pitaku, takupi",identity outcome; arithmetic mean across shared sequences,3323,22,independence,robust sandwich
Figure 2,A,ema_cycle_rate_hz,fast,Maximally fast,115.0975,0,3.5007598597388605,3.2288791302508586,3.7726405892268624,"mean centered height; standardized over kukuku, pipipi, tatata, kutapi, pitaku, takupi",identity outcome; arithmetic mean across shared sequences,3323,22,independence,robust sandwich
Figure 2,A,ema_cycle_rate_hz,fast,Maximally fast,115.32333333333332,0,3.4950071607862001,3.2225907250816785,3.7674235964907217,"mean centered height; standardized over kukuku, pipipi, tatata, kutapi, pitaku, takupi",identity outcome; arithmetic mean across shared sequences,3323,22,independence,robust sandwich
Figure 2,A,ema_cycle_rate_hz,fast,Maximally fast,115.54916666666665,0,3.4892544618335393,3.2162388744990835,3.762270049167995,"mean centered height; standardized over kukuku, pipipi, tatata, kutapi, pitaku, takupi",identity outcome; arithmetic mean across shared sequences,3323,22,independence,robust sandwich
Figure 2,A,ema_cycle_rate_hz,fast,Maximally fast,115.77499999999999,0,3.4835017628808789,3.2098239951981649,3.7571795305635929,"mean centered height; standardized over kukuku, pipipi, tatata, kutapi, pitaku, takupi",identity outcome; arithmetic mean across shared sequences,3323,22,independence,robust sandwich
Figure 2,A,ema_cycle_rate_hz,fast,Maximally fast,116.00083333333332,0,3.4777490639282185,3.2033465434758663,3.7521515843805706,"mean centered height; standardized over kukuku, pipipi, tatata, kutapi, pitaku, takupi",identity outcome; arithmetic mean across shared sequences,3323,22,independence,robust sandwich
Figure 2,A,ema_cycle_rate_hz,fast,Maximally fast,116.22666666666666,0,3.4719963649755576,3.1968070137135434,3.7471857162375719,"mean centered height; standardized over kukuku, pipipi, tatata, kutapi, pitaku, takupi",identity outcome; arithmetic mean across shared sequences,3323,22,independence,robust sandwich
Figure 2,A,ema_cycle_rate_hz,fast,Maximally fast,116.45249999999999,0,3.4662436660228972,3.1902059367611044,3.7422813952846901,"mean centered height; standardized over kukuku, pipipi, tatata, kutapi, pitaku, takupi",identity outcome; arithmetic mean across shared sequences,3323,22,independence,robust sandwich
Figure 2,A,ema_cycle_rate_hz,fast,Maximally fast,116.67833333333331,0,3.4604909670702368,3.1835438782344818,3.7374380559059919,"mean centered height; standardized over kukuku, pipipi, tatata, kutapi, pitaku, takupi",identity outcome; arithmetic mean across shared sequences,3323,22,independence,robust sandwich
Figure 2,A,ema_cycle_rate_hz,fast,Maximally fast,116.90416666666665,0,3.454738268117576,3.1768214367384973,3.7326550994966547,"mean centered height; standardized over kukuku, pipipi, tatata, kutapi, pitaku, takupi",identity outcome; arithmetic mean across shared sequences,3323,22,independence,robust sandwich
Figure 2,A,ema_cycle_rate_hz,fast,Maximally fast,117.13,0,3.4489855691649156,3.1700392420272947,3.7279318963025365,"mean centered height; standardized over kukuku, pipipi, tatata, kutapi, pitaku, takupi",identity outcome; arithmetic mean across shared sequences,3323,22,independence,robust sandwich
Figure 2,A,ema_cycle_rate_hz,fast,Maximally fast,117.35583333333332,0,3.4432328702122552,3.1631979531145031,3.7232677873100073,"mean centered height; standardized over kukuku, pipipi, tatata, kutapi, pitaku, takupi",identity outcome; arithmetic mean across shared sequences,3323,22,independence,robust sandwich
Figure 2,A,ema_cycle_rate_hz,fast,Maximally fast,117.58166666666665,0,3.4374801712595948,3.1562982563452202,3.7186620861739694,"mean centered height; standardized over kukuku, pipipi, tatata, kutapi, pitaku, takupi",identity outcome; arithmetic mean across shared sequences,3323,22,independence,robust sandwich
Figure 2,A,ema_cycle_rate_hz,fast,Maximally fast,117.80749999999999,0,3.431727472306934,3.1493408634415712,3.7141140811722968,"mean centered height; standardized over kukuku, pipipi, tatata, kutapi, pitaku, takupi",identity outcome; arithmetic mean across shared sequences,3323,22,independence,robust sandwich
Figure 2,A,ema_cycle_rate_hz,fast,Maximally fast,118.03333333333332,0,3.4259747733542745,3.1423265095333281,3.7096230371752208,"mean centered height; standardized over kukuku, pipipi, tatata, kutapi, pitaku, takupi",identity outcome; arithmetic mean across shared sequences,3323,22,independence,robust sandwich
Figure 2,A,ema_cycle_rate_hz,fast,Maximally fast,118.25916666666666,0,3.4202220744016132,3.1352559511845013,3.7051881976187251,"mean centered height; standardized over kukuku, pipipi, tatata, kutapi, pitaku, takupi",identity outcome; arithmetic mean across shared sequences,3323,22,independence,robust sandwich
Figure 2,A,ema_cycle_rate_hz,fast,Maximally fast,118.48499999999999,0,3.4144693754489523,3.1281299644264076,3.7008087864714971,"mean centered height; standardized over kukuku, pipipi, tatata, kutapi, pitaku, takupi",identity outcome; arithmetic mean across shared sequences,3323,22,independence,robust sandwich
Figure 2,A,ema_cycle_rate_hz,fast,Maximally fast,118.71083333333333,0,3.408716676496292,3.1209493428069397,3.6964840101856442,"mean centered height; standardized over kukuku, pipipi, tatata, kutapi, pitaku, takupi",identity outcome; arithmetic mean across shared sequences,3323,22,independence,robust sandwich
Figure 2,A,ema_cycle_rate_hz,fast,Maximally fast,118.93666666666665,0,3.4029639775436324,3.1137148954652019,3.692213059622063,"mean centered height; standardized over kukuku, pipipi, tatata, kutapi, pitaku, takupi",identity outcome; arithmetic mean across shared sequences,3323,22,independence,robust sandwich
Figure 2,A,ema_cycle_rate_hz,fast,Maximally fast,119.16249999999999,0,3.3972112785909712,3.1064274452398979,3.6879951119420444,"mean centered height; standardized over kukuku, pipipi, tatata, kutapi, pitaku, takupi",identity outcome; arithmetic mean across shared sequences,3323,22,independence,robust sandwich
Figure 2,A,ema_cycle_rate_hz,fast,Maximally fast,119.38833333333332,0,3.3914585796383103,3.0990878268191051,3.6838293324575155,"mean centered height; standardized over kukuku, pipipi, tatata, kutapi, pitaku, takupi",identity outcome; arithmetic mean across shared sequences,3323,22,independence,robust sandwich
Figure 2,A,ema_cycle_rate_hz,fast,Maximally fast,119.61416666666665,0,3.3857058806856504,3.0916968849382633,3.6797148764330374,"mean centered height; standardized over kukuku, pipipi, tatata, kutapi, pitaku, takupi",identity outcome; arithmetic mean across shared sequences,3323,22,independence,robust sandwich
Figure 2,A,ema_cycle_rate_hz,fast,Maximally fast,119.83999999999999,0,3.3799531817329904,3.0842554726324636,3.6756508908335173,"mean centered height; standardized over kukuku, pipipi, tatata, kutapi, pitaku, takupi",identity outcome; arithmetic mean across shared sequences,3323,22,independence,robust sandwich
Figure 2,A,ema_cycle_rate_hz,fast,Maximally fast,120.06583333333332,0,3.3742004827803291,3.0767644495482958,3.6716365160123625,"mean centered height; standardized over kukuku, pipipi, tatata, kutapi, pitaku, takupi",identity outcome; arithmetic mean across shared sequences,3323,22,independence,robust sandwich
Figure 2,A,ema_cycle_rate_hz,fast,Maximally fast,120.29166666666666,0,3.3684477838276683,3.0692246803197527,3.6676708873355839,"mean centered height; standardized over kukuku, pipipi, tatata, kutapi, pitaku, takupi",identity outcome; arithmetic mean across shared sequences,3323,22,independence,robust sandwich
Figure 2,A,ema_cycle_rate_hz,fast,Maximally fast,120.51749999999998,0,3.3626950848750083,3.0616370330119098,3.6637531367381069,"mean centered height; standardized over kukuku, pipipi, tatata, kutapi, pitaku, takupi",identity outcome; arithmetic mean across shared sequences,3323,22,independence,robust sandwich
Figure 2,A,ema_cycle_rate_hz,fast,Maximally fast,120.74333333333333,0,3.3569423859223479,3.0540023776354035,3.6598823942092924,"mean centered height; standardized over kukuku, pipipi, tatata, kutapi, pitaku, takupi",identity outcome; arithmetic mean across shared sequences,3323,22,independence,robust sandwich
Figure 2,A,ema_cycle_rate_hz,fast,Maximally fast,120.96916666666665,0,3.3511896869696871,3.0463215847340179,3.6560577892053563,"mean centered height; standardized over kukuku, pipipi, tatata, kutapi, pitaku, takupi",identity outcome; arithmetic mean across shared sequences,3323,22,independence,robust sandwich
Figure 2,A,ema_cycle_rate_hz,fast,Maximally fast,121.19499999999999,0,3.3454369880170263,3.038595524047019,3.6522784519870335,"mean centered height; standardized over kukuku, pipipi, tatata, kutapi, pitaku, takupi",identity outcome; arithmetic mean across shared sequences,3323,22,independence,robust sandwich
Figure 2,A,ema_cycle_rate_hz,fast,Maximally fast,121.42083333333332,0,3.3396842890643663,3.0308250632472817,3.6485435148814509,"mean centered height; standardized over kukuku, pipipi, tatata, kutapi, pitaku, takupi",identity outcome; arithmetic mean across shared sequences,3323,22,independence,robust sandwich
Figure 2,A,ema_cycle_rate_hz,fast,Maximally fast,121.64666666666665,0,3.3339315901117059,3.0230110667556618,3.6448521134677501,"mean centered height; standardized over kukuku, pipipi, tatata, kutapi, pitaku, takupi",identity outcome; arithmetic mean across shared sequences,3323,22,independence,robust sandwich
Figure 2,A,ema_cycle_rate_hz,fast,Maximally fast,121.87249999999999,0,3.3281788911590451,3.0151543946316037,3.6412033876864864,"mean centered height; standardized over kukuku, pipipi, tatata, kutapi, pitaku, takupi",identity outcome; arithmetic mean across shared sequences,3323,22,independence,robust sandwich
Figure 2,A,ema_cycle_rate_hz,fast,Maximally fast,122.09833333333333,0,3.3224261922063842,3.0072559015393963,3.6375964828733722,"mean centered height; standardized over kukuku, pipipi, tatata, kutapi, pitaku, takupi",identity outcome; arithmetic mean across shared sequences,3323,22,independence,robust sandwich
Figure 2,A,ema_cycle_rate_hz,fast,Maximally fast,122.32416666666666,0,3.3166734932537238,2.999316435789166,3.6340305507182817,"mean centered height; standardized over kukuku, pipipi, tatata, kutapi, pitaku, takupi",identity outcome; arithmetic mean across shared sequences,3323,22,independence,robust sandwich
Figure 2,A,ema_cycle_rate_hz,fast,Maximally fast,122.54999999999998,0,3.3109207943010639,2.9913368384512635,3.6305047501508643,"mean centered height; standardized over kukuku, pipipi, tatata, kutapi, pitaku, takupi",identity outcome; arithmetic mean across shared sequences,3323,22,independence,robust sandwich
Figure 2,A,ema_cycle_rate_hz,fast,Maximally fast,122.77583333333332,0,3.3051680953484031,2.9833179425424041,3.627018248154402,"mean centered height; standardized over kukuku, pipipi, tatata, kutapi, pitaku, takupi",identity outcome; arithmetic mean across shared sequences,3323,22,independence,robust sandwich
Figure 2,A,ema_cycle_rate_hz,fast,Maximally fast,123.00166666666665,0,3.2994153963957422,2.9752605722815897,3.6235702205098947,"mean centered height; standardized over kukuku, pipipi, tatata, kutapi, pitaku, takupi",identity outcome; arithmetic mean across shared sequences,3323,22,independence,robust sandwich
Figure 2,A,ema_cycle_rate_hz,fast,Maximally fast,123.22749999999999,0,3.2936626974430818,2.9671655424136625,3.6201598524725012,"mean centered height; standardized over kukuku, pipipi, tatata, kutapi, pitaku, takupi",identity outcome; arithmetic mean across shared sequences,3323,22,independence,robust sandwich
Figure 2,A,ema_cycle_rate_hz,fast,Maximally fast,123.45333333333332,0,3.2879099984904219,2.9590336575980958,3.616786339382748,"mean centered height; standardized over kukuku, pipipi, tatata, kutapi, pitaku, takupi",identity outcome; arithmetic mean across shared sequences,3323,22,independence,robust sandwich
Figure 2,A,ema_cycle_rate_hz,fast,Maximally fast,123.67916666666665,0,3.2821572995377615,2.95086571186047,3.613448887215053,"mean centered height; standardized over kukuku, pipipi, tatata, kutapi, pitaku, takupi",identity outcome; arithmetic mean across shared sequences,3323,22,independence,robust sandwich
Figure 2,A,ema_cycle_rate_hz,fast,Maximally fast,123.90499999999999,0,3.2764046005850997,2.9426624881039949,3.6101467130662046,"mean centered height; standardized over kukuku, pipipi, tatata, kutapi, pitaku, takupi",identity outcome; arithmetic mean across shared sequences,3323,22,independence,robust sandwich
Figure 2,A,ema_cycle_rate_hz,fast,Maximally fast,124.13083333333333,0,3.2706519016324398,2.934424757678304,3.6068790455865756,"mean centered height; standardized over kukuku, pipipi, tatata, kutapi, pitaku, takupi",identity outcome; arithmetic mean across shared sequences,3323,22,independence,robust sandwich
Figure 2,A,ema_cycle_rate_hz,fast,Maximally fast,124.35666666666665,0,3.2648992026797798,2.926153280002691,3.6036451253568687,"mean centered height; standardized over kukuku, pipipi, tatata, kutapi, pitaku, takupi",identity outcome; arithmetic mean across shared sequences,3323,22,independence,robust sandwich
Figure 2,A,ema_cycle_rate_hz,fast,Maximally fast,124.58249999999998,0,3.2591465037271194,2.9178488022409459,3.600444205213293,"mean centered height; standardized over kukuku, pipipi, tatata, kutapi, pitaku, takupi",identity outcome; arithmetic mean across shared sequences,3323,22,independence,robust sandwich
Figure 2,A,ema_cycle_rate_hz,fast,Maximally fast,124.80833333333332,0,3.2533938047744577,2.9095120590249457,3.5972755505239697,"mean centered height; standardized over kukuku, pipipi, tatata, kutapi, pitaku, takupi",identity outcome; arithmetic mean across shared sequences,3323,22,independence,robust sandwich
Figure 2,A,ema_cycle_rate_hz,fast,Maximally fast,125.03416666666665,0,3.2476411058217982,2.9011437722241036,3.5941384394194928,"mean centered height; standardized over kukuku, pipipi, tatata, kutapi, pitaku, takupi",identity outcome; arithmetic mean across shared sequences,3323,22,independence,robust sandwich
Figure 2,A,ema_cycle_rate_hz,fast,Maximally fast,125.25999999999999,0,3.2418884068691378,2.8927446507578649,3.5910321629804107,"mean centered height; standardized over kukuku, pipipi, tatata, kutapi, pitaku, takupi",identity outcome; arithmetic mean across shared sequences,3323,22,independence,robust sandwich
Figure 2,A,ema_cycle_rate_hz,fast,Maximally fast,125.48583333333332,0,3.236135707916477,2.8843153904485144,3.5879560253844396,"mean centered height; standardized over kukuku, pipipi, tatata, kutapi, pitaku, takupi",identity outcome; arithmetic mean across shared sequences,3323,22,independence,robust sandwich
Figure 2,A,ema_cycle_rate_hz,fast,Maximally fast,125.71166666666664,0,3.2303830089638166,2.8758566739115072,3.5849093440161259,"mean centered height; standardized over kukuku, pipipi, tatata, kutapi, pitaku, takupi",identity outcome; arithmetic mean across shared sequences,3323,22,independence,robust sandwich
Figure 2,A,ema_cycle_rate_hz,fast,Maximally fast,125.93749999999999,0,3.2246303100111562,2.8673691704807291,3.5818914495415832,"mean centered height; standardized over kukuku, pipipi, tatata, kutapi, pitaku, takupi",identity outcome; arithmetic mean across shared sequences,3323,22,independence,robust sandwich
Figure 2,A,ema_cycle_rate_hz,fast,Maximally fast,126.16333333333333,0,3.2188776110584953,2.8588535361660905,3.5789016859509002,"mean centered height; standardized over kukuku, pipipi, tatata, kutapi, pitaku, takupi",identity outcome; arithmetic mean across shared sequences,3323,22,independence,robust sandwich
Figure 2,A,ema_cycle_rate_hz,fast,Maximally fast,126.38916666666665,0,3.213124912105835,2.8503104136410147,3.5759394105706552,"mean centered height; standardized over kukuku, pipipi, tatata, kutapi, pitaku, takupi",identity outcome; arithmetic mean across shared sequences,3323,22,independence,robust sandwich
Figure 2,A,ema_cycle_rate_hz,fast,Maximally fast,126.61499999999998,0,3.2073722131531746,2.8417404322573958,3.5730039940489533,"mean centered height; standardized over kukuku, pipipi, tatata, kutapi, pitaku, takupi",identity outcome; arithmetic mean across shared sequences,3323,22,independence,robust sandwich
Figure 2,A,ema_cycle_rate_hz,fast,Maximally fast,126.84083333333332,0,3.2016195142005142,2.8331442080857698,3.5700948203152585,"mean centered height; standardized over kukuku, pipipi, tatata, kutapi, pitaku, takupi",identity outcome; arithmetic mean across shared sequences,3323,22,independence,robust sandwich
Figure 2,A,ema_cycle_rate_hz,fast,Maximally fast,127.06666666666666,0,3.1958668152478533,2.8245223439785421,3.5672112865171646,"mean centered height; standardized over kukuku, pipipi, tatata, kutapi, pitaku, takupi",identity outcome; arithmetic mean across shared sequences,3323,22,independence,robust sandwich
Figure 2,A,ema_cycle_rate_hz,fast,Maximally fast,127.29249999999999,0,3.1901141162951929,2.8158754296541564,3.5643528029362295,"mean centered height; standardized over kukuku, pipipi, tatata, kutapi, pitaku, takupi",identity outcome; arithmetic mean across shared sequences,3323,22,independence,robust sandwich
Figure 2,A,ema_cycle_rate_hz,fast,Maximally fast,127.51833333333332,0,3.1843614173425325,2.8072040418002722,3.5615187928847929,"mean centered height; standardized over kukuku, pipipi, tatata, kutapi, pitaku, takupi",identity outcome; arithmetic mean across shared sequences,3323,22,independence,robust sandwich
Figure 2,A,ema_cycle_rate_hz,fast,Maximally fast,127.74416666666664,0,3.1786087183898717,2.7985087441940841,3.5587086925856593,"mean centered height; standardized over kukuku, pipipi, tatata, kutapi, pitaku, takupi",identity outcome; arithmetic mean across shared sequences,3323,22,independence,robust sandwich
Figure 2,A,ema_cycle_rate_hz,fast,Maximally fast,127.96999999999998,0,3.1728560194372113,2.7897900878380355,3.5559219510363871,"mean centered height; standardized over kukuku, pipipi, tatata, kutapi, pitaku, takupi",identity outcome; arithmetic mean across shared sequences,3323,22,independence,robust sandwich
Figure 2,A,ema_cycle_rate_hz,fast,Maximally fast,128.19583333333333,0,3.1671033204845509,2.7810486111092541,3.5531580298598477,"mean centered height; standardized over kukuku, pipipi, tatata, kutapi, pitaku, takupi",identity outcome; arithmetic mean across shared sequences,3323,22,independence,robust sandwich
Figure 2,A,ema_cycle_rate_hz,fast,Maximally fast,128.42166666666665,0,3.1613506215318905,2.7722848399211966,3.5504164031425844,"mean centered height; standardized over kukuku, pipipi, tatata, kutapi, pitaku, takupi",identity outcome; arithmetic mean across shared sequences,3323,22,independence,robust sandwich
Figure 2,A,ema_cycle_rate_hz,fast,Maximally fast,128.64749999999998,0,3.1555979225792297,2.7634992878960287,3.5476965572624306,"mean centered height; standardized over kukuku, pipipi, tatata, kutapi, pitaku, takupi",identity outcome; arithmetic mean across shared sequences,3323,22,independence,robust sandwich
Figure 2,A,ema_cycle_rate_hz,fast,Maximally fast,128.87333333333333,0,3.1498452236265693,2.754692456546401,3.5449979907067375,"mean centered height; standardized over kukuku, pipipi, tatata, kutapi, pitaku, takupi",identity outcome; arithmetic mean across shared sequences,3323,22,independence,robust sandwich
Figure 2,A,ema_cycle_rate_hz,fast,Maximally fast,129.09916666666666,0,3.1440925246739089,2.7458648354653468,3.542320213882471,"mean centered height; standardized over kukuku, pipipi, tatata, kutapi, pitaku, takupi",identity outcome; arithmetic mean across shared sequences,3323,22,independence,robust sandwich
Figure 2,A,ema_cycle_rate_hz,fast,Maximally fast,129.32499999999999,0,3.138339825721248,2.7370169025231537,3.5396627489193424,"mean centered height; standardized over kukuku, pipipi, tatata, kutapi, pitaku, takupi",identity outcome; arithmetic mean across shared sequences,3323,22,independence,robust sandwich
Figure 2,A,ema_cycle_rate_hz,fast,Maximally fast,129.55083333333332,0,3.1325871267685876,2.7281491240701148,3.5370251294670605,"mean centered height; standardized over kukuku, pipipi, tatata, kutapi, pitaku, takupi",identity outcome; arithmetic mean across shared sequences,3323,22,independence,robust sandwich
Figure 2,A,ema_cycle_rate_hz,fast,Maximally fast,129.77666666666664,0,3.1268344278159277,2.7192619551441464,3.534406900487709,"mean centered height; standardized over kukuku, pipipi, tatata, kutapi, pitaku, takupi",identity outcome; arithmetic mean across shared sequences,3323,22,independence,robust sandwich
Figure 2,A,ema_cycle_rate_hz,fast,Maximally fast,130.0025,0,3.1210817288632664,2.7103558396823608,3.531807618044172,"mean centered height; standardized over kukuku, pipipi, tatata, kutapi, pitaku, takupi",identity outcome; arithmetic mean across shared sequences,3323,22,independence,robust sandwich
Figure 2,A,ema_cycle_rate_hz,fast,Maximally fast,130.22833333333332,0,3.115329029910606,2.701431210735759,3.529226849085453,"mean centered height; standardized over kukuku, pipipi, tatata, kutapi, pitaku, takupi",identity outcome; arithmetic mean across shared sequences,3323,22,independence,robust sandwich
Figure 2,A,ema_cycle_rate_hz,fast,Maximally fast,130.45416666666665,0,3.1095763309579456,2.6924884906862125,3.5266641712296787,"mean centered height; standardized over kukuku, pipipi, tatata, kutapi, pitaku, takupi",identity outcome; arithmetic mean across shared sequences,3323,22,independence,robust sandwich
Figure 2,A,ema_cycle_rate_hz,fast,Maximally fast,130.67999999999998,0,3.1038236320052857,2.6835280914650892,3.5241191725454821,"mean centered height; standardized over kukuku, pipipi, tatata, kutapi, pitaku, takupi",identity outcome; arithmetic mean across shared sequences,3323,22,independence,robust sandwich
Figure 2,A,ema_cycle_rate_hz,fast,Maximally fast,130.90583333333331,0,3.0980709330526253,2.674550414772805,3.5215914513324456,"mean centered height; standardized over kukuku, pipipi, tatata, kutapi, pitaku, takupi",identity outcome; arithmetic mean across shared sequences,3323,22,independence,robust sandwich
Figure 2,A,ema_cycle_rate_hz,fast,Maximally fast,131.13166666666666,0,3.092318234099964,2.665555852298763,3.5190806159011649,"mean centered height; standardized over kukuku, pipipi, tatata, kutapi, pitaku, takupi",identity outcome; arithmetic mean across shared sequences,3323,22,independence,robust sandwich
Figure 2,A,ema_cycle_rate_hz,fast,Maximally fast,131.35749999999999,0,3.0865655351473036,2.6565447859411115,3.5165862843534956,"mean centered height; standardized over kukuku, pipipi, tatata, kutapi, pitaku, takupi",identity outcome; arithmetic mean across shared sequences,3323,22,independence,robust sandwich
Figure 2,A,ema_cycle_rate_hz,fast,Maximally fast,131.58333333333331,0,3.0808128361946432,2.6475175880258348,3.5141080843634516,"mean centered height; standardized over kukuku, pipipi, tatata, kutapi, pitaku, takupi",identity outcome; arithmetic mean across shared sequences,3323,22,independence,robust sandwich
Figure 2,A,ema_cycle_rate_hz,fast,Maximally fast,131.80916666666664,0,3.0750601372419832,2.6384746215247552,3.5116456529592113,"mean centered height; standardized over kukuku, pipipi, tatata, kutapi, pitaku, takupi",identity outcome; arithmetic mean across shared sequences,3323,22,independence,robust sandwich
Figure 2,A,ema_cycle_rate_hz,fast,Maximally fast,132.03499999999997,0,3.0693074382893228,2.6294162402720382,3.5091986363066074,"mean centered height; standardized over kukuku, pipipi, tatata, kutapi, pitaku, takupi",identity outcome; arithmetic mean across shared sequences,3323,22,independence,robust sandwich
Figure 2,A,ema_cycle_rate_hz,fast,Maximally fast,132.26083333333332,0,3.0635547393366616,2.6203427891788622,3.5067666894944609,"mean centered height; standardized over kukuku, pipipi, tatata, kutapi, pitaku, takupi",identity outcome; arithmetic mean across shared sequences,3323,22,independence,robust sandwich
Figure 2,A,ema_cycle_rate_hz,fast,Maximally fast,132.48666666666665,0,3.0578020403840012,2.6112546044459237,3.5043494763220786,"mean centered height; standardized over kukuku, pipipi, tatata, kutapi, pitaku, takupi",identity outcome; arithmetic mean across shared sequences,3323,22,independence,robust sandwich
Figure 2,A,ema_cycle_rate_hz,fast,Maximally fast,132.71249999999998,0,3.0520493414313412,2.6021520137735106,3.5019466690891718,"mean centered height; standardized over kukuku, pipipi, tatata, kutapi, pitaku, takupi",identity outcome; arithmetic mean across shared sequences,3323,22,independence,robust sandwich
Figure 2,A,ema_cycle_rate_hz,fast,Maximally fast,132.93833333333333,0,3.0462966424786799,2.5930353365689007,3.4995579483884591,"mean centered height; standardized over kukuku, pipipi, tatata, kutapi, pitaku, takupi",identity outcome; arithmetic mean across shared sequences,3323,22,independence,robust sandwich
Figure 2,A,ema_cycle_rate_hz,fast,Maximally fast,133.16416666666666,0,3.0405439435260191,2.5839048841508792,3.497183002901159,"mean centered height; standardized over kukuku, pipipi, tatata, kutapi, pitaku, takupi",identity outcome; arithmetic mean across shared sequences,3323,22,independence,robust sandwich
Figure 2,A,ema_cycle_rate_hz,fast,Maximally fast,133.38999999999999,0,3.0347912445733591,2.5747609599511589,3.4948215291955593,"mean centered height; standardized over kukuku, pipipi, tatata, kutapi, pitaku, takupi",identity outcome; arithmetic mean across shared sequences,3323,22,independence,robust sandwich
Figure 2,B,jaw_open_amp_median_mm,normal,Habitual,92.739999999999995,0,3.6522413473724296,2.8281850028905904,4.4762976918542687,"mean centered height; standardized over kukuku, pipipi, tatata, kutapi, pitaku, takupi",identity outcome; arithmetic mean across shared sequences,3323,22,independence,robust sandwich
Figure 2,B,jaw_open_amp_median_mm,normal,Habitual,92.965833333333322,0,3.640564314643048,2.8233651273698457,4.4577635019162507,"mean centered height; standardized over kukuku, pipipi, tatata, kutapi, pitaku, takupi",identity outcome; arithmetic mean across shared sequences,3323,22,independence,robust sandwich
Figure 2,B,jaw_open_amp_median_mm,normal,Habitual,93.191666666666663,0,3.6288872819136664,2.8185310384479378,4.4392435253793954,"mean centered height; standardized over kukuku, pipipi, tatata, kutapi, pitaku, takupi",identity outcome; arithmetic mean across shared sequences,3323,22,independence,robust sandwich
Figure 2,B,jaw_open_amp_median_mm,normal,Habitual,93.41749999999999,0,3.6172102491842848,2.8136823729954825,4.4207381253730871,"mean centered height; standardized over kukuku, pipipi, tatata, kutapi, pitaku, takupi",identity outcome; arithmetic mean across shared sequences,3323,22,independence,robust sandwich
Figure 2,B,jaw_open_amp_median_mm,normal,Habitual,93.643333333333331,0,3.6055332164549032,2.8088187562210103,4.4022476766887957,"mean centered height; standardized over kukuku, pipipi, tatata, kutapi, pitaku, takupi",identity outcome; arithmetic mean across shared sequences,3323,22,independence,robust sandwich
Figure 2,B,jaw_open_amp_median_mm,normal,Habitual,93.869166666666658,0,3.5938561837255216,2.8039398012369863,4.3837725662140574,"mean centered height; standardized over kukuku, pipipi, tatata, kutapi, pitaku, takupi",identity outcome; arithmetic mean across shared sequences,3323,22,independence,robust sandwich
Figure 2,B,jaw_open_amp_median_mm,normal,Habitual,94.094999999999999,0,3.58217915099614,2.7990451086084658,4.3653131933838143,"mean centered height; standardized over kukuku, pipipi, tatata, kutapi, pitaku, takupi",identity outcome; arithmetic mean across shared sequences,3323,22,independence,robust sandwich
Figure 2,B,jaw_open_amp_median_mm,normal,Habitual,94.320833333333326,0,3.570502118266758,2.7941342658837272,4.3468699706497889,"mean centered height; standardized over kukuku, pipipi, tatata, kutapi, pitaku, takupi",identity outcome; arithmetic mean across shared sequences,3323,22,independence,robust sandwich
Figure 2,B,jaw_open_amp_median_mm,normal,Habitual,94.546666666666667,0,3.5588250855373764,2.7892068471061942,4.3284433239685587,"mean centered height; standardized over kukuku, pipipi, tatata, kutapi, pitaku, takupi",identity outcome; arithmetic mean across shared sequences,3323,22,independence,robust sandwich
Figure 2,B,jaw_open_amp_median_mm,normal,Habitual,94.772499999999994,0,3.5471480528079948,2.7842624123069504,4.3100336933090393,"mean centered height; standardized over kukuku, pipipi, tatata, kutapi, pitaku, takupi",identity outcome; arithmetic mean across shared sequences,3323,22,independence,robust sandwich
Figure 2,B,jaw_open_amp_median_mm,normal,Habitual,94.998333333333335,0,3.5354710200786132,2.7793005069771333,4.2916415331800932,"mean centered height; standardized over kukuku, pipipi, tatata, kutapi, pitaku, takupi",identity outcome; arithmetic mean across shared sequences,3323,22,independence,robust sandwich
Figure 2,B,jaw_open_amp_median_mm,normal,Habitual,95.224166666666662,0,3.5237939873492317,2.7743206615194742,4.2732673131789891,"mean centered height; standardized over kukuku, pipipi, tatata, kutapi, pitaku, takupi",identity outcome; arithmetic mean across shared sequences,3323,22,independence,robust sandwich
Figure 2,B,jaw_open_amp_median_mm,normal,Habitual,95.449999999999989,0,3.5121169546198501,2.7693223906782611,4.254911518561439,"mean centered height; standardized over kukuku, pipipi, tatata, kutapi, pitaku, takupi",identity outcome; arithmetic mean across shared sequences,3323,22,independence,robust sandwich
Figure 2,B,jaw_open_amp_median_mm,normal,Habitual,95.67583333333333,0,3.5004399218904685,2.7643051929469635,4.2365746508339734,"mean centered height; standardized over kukuku, pipipi, tatata, kutapi, pitaku, takupi",identity outcome; arithmetic mean across shared sequences,3323,22,independence,robust sandwich
Figure 2,B,jaw_open_amp_median_mm,normal,Habitual,95.901666666666657,0,3.4887628891610887,2.7592685499527727,4.2182572283694046,"mean centered height; standardized over kukuku, pipipi, tatata, kutapi, pitaku, takupi",identity outcome; arithmetic mean across shared sequences,3323,22,independence,robust sandwich
Figure 2,B,jaw_open_amp_median_mm,normal,Habitual,96.127499999999998,0,3.4770858564317053,2.7542119258172999,4.1999597870461107,"mean centered height; standardized over kukuku, pipipi, tatata, kutapi, pitaku, takupi",identity outcome; arithmetic mean across shared sequences,3323,22,independence,robust sandwich
Figure 2,B,jaw_open_amp_median_mm,normal,Habitual,96.353333333333325,0,3.4654088237023237,2.7491347664926833,4.1816828809119642,"mean centered height; standardized over kukuku, pipipi, tatata, kutapi, pitaku, takupi",identity outcome; arithmetic mean across shared sequences,3323,22,independence,robust sandwich
Figure 2,B,jaw_open_amp_median_mm,normal,Habitual,96.579166666666666,0,3.4537317909729417,2.7440364990723296,4.1634270828735538,"mean centered height; standardized over kukuku, pipipi, tatata, kutapi, pitaku, takupi",identity outcome; arithmetic mean across shared sequences,3323,22,independence,robust sandwich
Figure 2,B,jaw_open_amp_median_mm,normal,Habitual,96.804999999999993,0,3.4420547582435619,2.7389165310755854,4.1451929854115388,"mean centered height; standardized over kukuku, pipipi, tatata, kutapi, pitaku, takupi",identity outcome; arithmetic mean across shared sequences,3323,22,independence,robust sandwich
Figure 2,B,jaw_open_amp_median_mm,normal,Habitual,97.030833333333334,0,3.4303777255141785,2.7337742497055606,4.1269812013227964,"mean centered height; standardized over kukuku, pipipi, tatata, kutapi, pitaku, takupi",identity outcome; arithmetic mean across shared sequences,3323,22,independence,robust sandwich
Figure 2,B,jaw_open_amp_median_mm,normal,Habitual,97.256666666666661,0,3.4187006927847969,2.7286090210794591,4.1087923644901352,"mean centered height; standardized over kukuku, pipipi, tatata, kutapi, pitaku, takupi",identity outcome; arithmetic mean across shared sequences,3323,22,independence,robust sandwich
Figure 2,B,jaw_open_amp_median_mm,normal,Habitual,97.482499999999987,0,3.4070236600554162,2.7234201894306804,4.0906271306801525,"mean centered height; standardized over kukuku, pipipi, tatata, kutapi, pitaku, takupi",identity outcome; arithmetic mean across shared sequences,3323,22,independence,robust sandwich
Figure 2,B,jaw_open_amp_median_mm,normal,Habitual,97.708333333333329,0,3.3953466273260355,2.7182070762820905,4.0724861783699806,"mean centered height; standardized over kukuku, pipipi, tatata, kutapi, pitaku, takupi",identity outcome; arithmetic mean across shared sequences,3323,22,independence,robust sandwich
Figure 2,B,jaw_open_amp_median_mm,normal,Habitual,97.934166666666655,0,3.3836695945966531,2.7129689795898519,4.0543702096034542,"mean centered height; standardized over kukuku, pipipi, tatata, kutapi, pitaku, takupi",identity outcome; arithmetic mean across shared sequences,3323,22,independence,robust sandwich
Figure 2,B,jaw_open_amp_median_mm,normal,Habitual,98.159999999999997,0,3.3719925618672706,2.7077051728572865,4.0362799508772547,"mean centered height; standardized over kukuku, pipipi, tatata, kutapi, pitaku, takupi",identity outcome; arithmetic mean across shared sequences,3323,22,independence,robust sandwich
Figure 2,B,jaw_open_amp_median_mm,normal,Habitual,98.385833333333323,0,3.3603155291378899,2.7024149042182919,4.0182161540574874,"mean centered height; standardized over kukuku, pipipi, tatata, kutapi, pitaku, takupi",identity outcome; arithmetic mean across shared sequences,3323,22,independence,robust sandwich
Figure 2,B,jaw_open_amp_median_mm,normal,Habitual,98.611666666666665,0,3.3486384964085092,2.6970973954899335,4.0001795973270848,"mean centered height; standardized over kukuku, pipipi, tatata, kutapi, pitaku, takupi",identity outcome; arithmetic mean across shared sequences,3323,22,independence,robust sandwich
Figure 2,B,jaw_open_amp_median_mm,normal,Habitual,98.837499999999991,0,3.3369614636791263,2.6917518411939407,3.9821710861643118,"mean centered height; standardized over kukuku, pipipi, tatata, kutapi, pitaku, takupi",identity outcome; arithmetic mean across shared sequences,3323,22,independence,robust sandwich
Figure 2,B,jaw_open_amp_median_mm,normal,Habitual,99.063333333333333,0,3.3252844309497438,2.6863774075469191,3.9641914543525685,"mean centered height; standardized over kukuku, pipipi, tatata, kutapi, pitaku, takupi",identity outcome; arithmetic mean across shared sequences,3323,22,independence,robust sandwich
Figure 2,B,jaw_open_amp_median_mm,normal,Habitual,99.289166666666659,0,3.3136073982203631,2.6809732314192511,3.9462415650214751,"mean centered height; standardized over kukuku, pipipi, tatata, kutapi, pitaku, takupi",identity outcome; arithmetic mean across shared sequences,3323,22,independence,robust sandwich
Figure 2,B,jaw_open_amp_median_mm,normal,Habitual,99.514999999999986,0,3.3019303654909824,2.675538419262816,3.9283223117191488,"mean centered height; standardized over kukuku, pipipi, tatata, kutapi, pitaku, takupi",identity outcome; arithmetic mean across shared sequences,3323,22,independence,robust sandwich
Figure 2,B,jaw_open_amp_median_mm,normal,Habitual,99.740833333333327,0,3.2902533327615999,2.6700720460078173,3.9104346195153825,"mean centered height; standardized over kukuku, pipipi, tatata, kutapi, pitaku, takupi",identity outcome; arithmetic mean across shared sequences,3323,22,independence,robust sandwich
Figure 2,B,jaw_open_amp_median_mm,normal,Habitual,99.966666666666654,0,3.2785763000322174,2.6645731539292523,3.8925794461351826,"mean centered height; standardized over kukuku, pipipi, tatata, kutapi, pitaku, takupi",identity outcome; arithmetic mean across shared sequences,3323,22,independence,robust sandwich
Figure 2,B,jaw_open_amp_median_mm,normal,Habitual,100.1925,0,3.2668992673028368,2.659040751483738,3.8747577831219355,"mean centered height; standardized over kukuku, pipipi, tatata, kutapi, pitaku, takupi",identity outcome; arithmetic mean across shared sequences,3323,22,independence,robust sandwich
Figure 2,B,jaw_open_amp_median_mm,normal,Habitual,100.41833333333332,0,3.2552222345734561,2.6534738121177321,3.85697065702918,"mean centered height; standardized over kukuku, pipipi, tatata, kutapi, pitaku, takupi",identity outcome; arithmetic mean across shared sequences,3323,22,independence,robust sandwich
Figure 2,B,jaw_open_amp_median_mm,normal,Habitual,100.64416666666666,0,3.2435452018440736,2.6478712730484602,3.839219130639687,"mean centered height; standardized over kukuku, pipipi, tatata, kutapi, pitaku, takupi",identity outcome; arithmetic mean across shared sequences,3323,22,independence,robust sandwich
Figure 2,B,jaw_open_amp_median_mm,normal,Habitual,100.86999999999999,0,3.2318681691146907,2.6422320340192016,3.8215043042101797,"mean centered height; standardized over kukuku, pipipi, tatata, kutapi, pitaku, takupi",identity outcome; arithmetic mean across shared sequences,3323,22,independence,robust sandwich
Figure 2,B,jaw_open_amp_median_mm,normal,Habitual,101.09583333333333,0,3.22019113638531,2.6365549560309844,3.8038273167396355,"mean centered height; standardized over kukuku, pipipi, tatata, kutapi, pitaku, takupi",identity outcome; arithmetic mean across shared sequences,3323,22,independence,robust sandwich
Figure 2,B,jaw_open_amp_median_mm,normal,Habitual,101.32166666666666,0,3.2085141036559293,2.6308388600531565,3.786189347258702,"mean centered height; standardized over kukuku, pipipi, tatata, kutapi, pitaku, takupi",identity outcome; arithmetic mean across shared sequences,3323,22,independence,robust sandwich
Figure 2,B,jaw_open_amp_median_mm,normal,Habitual,101.54749999999999,0,3.1968370709265477,2.6250825257157984,3.768591616137297,"mean centered height; standardized over kukuku, pipipi, tatata, kutapi, pitaku, takupi",identity outcome; arithmetic mean across shared sequences,3323,22,independence,robust sandwich
Figure 2,B,jaw_open_amp_median_mm,normal,Habitual,101.77333333333333,0,3.1851600381971643,2.61928468998744,3.7510353864068886,"mean centered height; standardized over kukuku, pipipi, tatata, kutapi, pitaku, takupi",identity outcome; arithmetic mean across shared sequences,3323,22,independence,robust sandwich
Figure 2,B,jaw_open_amp_median_mm,normal,Habitual,101.99916666666665,0,3.1734830054677845,2.6134440458422077,3.7335219650933613,"mean centered height; standardized over kukuku, pipipi, tatata, kutapi, pitaku, takupi",identity outcome; arithmetic mean across shared sequences,3323,22,independence,robust sandwich
Figure 2,B,jaw_open_amp_median_mm,normal,Habitual,102.22499999999999,0,3.1618059727384029,2.6075592409210522,3.7160527045557536,"mean centered height; standardized over kukuku, pipipi, tatata, kutapi, pitaku, takupi",identity outcome; arithmetic mean across shared sequences,3323,22,independence,robust sandwich
Figure 2,B,jaw_open_amp_median_mm,normal,Habitual,102.45083333333332,0,3.1501289400090213,2.6016288761925916,3.698629003825451,"mean centered height; standardized over kukuku, pipipi, tatata, kutapi, pitaku, takupi",identity outcome; arithmetic mean across shared sequences,3323,22,independence,robust sandwich
Figure 2,B,jaw_open_amp_median_mm,normal,Habitual,102.67666666666666,0,3.1384519072796375,2.5956515046197532,3.6812523099395218,"mean centered height; standardized over kukuku, pipipi, tatata, kutapi, pitaku, takupi",identity outcome; arithmetic mean across shared sequences,3323,22,independence,robust sandwich
Figure 2,B,jaw_open_amp_median_mm,normal,Habitual,102.90249999999999,0,3.1267748745502582,2.5896256298393161,3.6639241192612002,"mean centered height; standardized over kukuku, pipipi, tatata, kutapi, pitaku, takupi",identity outcome; arithmetic mean across shared sequences,3323,22,independence,robust sandwich
Figure 2,B,jaw_open_amp_median_mm,normal,Habitual,103.12833333333333,0,3.1150978418208761,2.5835497048623957,3.6466459787793566,"mean centered height; standardized over kukuku, pipipi, tatata, kutapi, pitaku, takupi",identity outcome; arithmetic mean across shared sequences,3323,22,independence,robust sandwich
Figure 2,B,jaw_open_amp_median_mm,normal,Habitual,103.35416666666666,0,3.1034208090914945,2.5774221308049192,3.6294194873780699,"mean centered height; standardized over kukuku, pipipi, tatata, kutapi, pitaku, takupi",identity outcome; arithmetic mean across shared sequences,3323,22,independence,robust sandwich
Figure 2,B,jaw_open_amp_median_mm,normal,Habitual,103.57999999999998,0,3.0917437763621129,2.5712412556582134,3.6122462970660125,"mean centered height; standardized over kukuku, pipipi, tatata, kutapi, pitaku, takupi",identity outcome; arithmetic mean across shared sequences,3323,22,independence,robust sandwich
Figure 2,B,jaw_open_amp_median_mm,normal,Habitual,103.80583333333333,0,3.0800667436327314,2.5650053731110272,3.5951281141544356,"mean centered height; standardized over kukuku, pipipi, tatata, kutapi, pitaku, takupi",identity outcome; arithmetic mean across shared sequences,3323,22,independence,robust sandwich
Figure 2,B,jaw_open_amp_median_mm,normal,Habitual,104.03166666666667,0,3.0683897109033498,2.5587127214355356,3.5780667003711639,"mean centered height; standardized over kukuku, pipipi, tatata, kutapi, pitaku, takupi",identity outcome; arithmetic mean across shared sequences,3323,22,independence,robust sandwich
Figure 2,B,jaw_open_amp_median_mm,normal,Habitual,104.25749999999999,0,3.0567126781739682,2.5523614824512362,3.5610638738967002,"mean centered height; standardized over kukuku, pipipi, tatata, kutapi, pitaku, takupi",identity outcome; arithmetic mean across shared sequences,3323,22,independence,robust sandwich
Figure 2,B,jaw_open_amp_median_mm,normal,Habitual,104.48333333333332,0,3.0450356454445866,2.5459497805820201,3.5441215103071531,"mean centered height; standardized over kukuku, pipipi, tatata, kutapi, pitaku, takupi",identity outcome; arithmetic mean across shared sequences,3323,22,independence,robust sandwich
Figure 2,B,jaw_open_amp_median_mm,normal,Habitual,104.70916666666666,0,3.033358612715205,2.5394756820231414,3.5272415434072686,"mean centered height; standardized over kukuku, pipipi, tatata, kutapi, pitaku, takupi",identity outcome; arithmetic mean across shared sequences,3323,22,independence,robust sandwich
Figure 2,B,jaw_open_amp_median_mm,normal,Habitual,104.93499999999999,0,3.0216815799858234,2.5329371940364385,3.5104259659352084,"mean centered height; standardized over kukuku, pipipi, tatata, kutapi, pitaku, takupi",identity outcome; arithmetic mean across shared sequences,3323,22,independence,robust sandwich
Figure 2,B,jaw_open_amp_median_mm,normal,Habitual,105.16083333333333,0,3.0100045472564414,2.5263322643935555,3.4936768301193273,"mean centered height; standardized over kukuku, pipipi, tatata, kutapi, pitaku, takupi",identity outcome; arithmetic mean across shared sequences,3323,22,independence,robust sandwich
Figure 2,B,jaw_open_amp_median_mm,normal,Habitual,105.38666666666666,0,2.9983275145270598,2.519658780988669,3.4769962480654506,"mean centered height; standardized over kukuku, pipipi, tatata, kutapi, pitaku, takupi",identity outcome; arithmetic mean across shared sequences,3323,22,independence,robust sandwich
Figure 2,B,jaw_open_amp_median_mm,normal,Habitual,105.6125,0,2.9866504817976782,2.5129145716437278,3.4603863919516287,"mean centered height; standardized over kukuku, pipipi, tatata, kutapi, pitaku, takupi",identity outcome; arithmetic mean across shared sequences,3323,22,independence,robust sandwich
Figure 2,B,jaw_open_amp_median_mm,normal,Habitual,105.83833333333332,0,2.9749734490682966,2.5060974041307968,3.4438494940057964,"mean centered height; standardized over kukuku, pipipi, tatata, kutapi, pitaku, takupi",identity outcome; arithmetic mean across shared sequences,3323,22,independence,robust sandwich
Figure 2,B,jaw_open_amp_median_mm,normal,Habitual,106.06416666666667,0,2.9632964163389151,2.4992049864376855,3.4273878462401446,"mean centered height; standardized over kukuku, pipipi, tatata, kutapi, pitaku, takupi",identity outcome; arithmetic mean across shared sequences,3323,22,independence,robust sandwich
Figure 2,B,jaw_open_amp_median_mm,normal,Habitual,106.28999999999999,0,2.9516193836095335,2.4922349673044102,3.4110037999146567,"mean centered height; standardized over kukuku, pipipi, tatata, kutapi, pitaku, takupi",identity outcome; arithmetic mean across shared sequences,3323,22,independence,robust sandwich
Figure 2,B,jaw_open_amp_median_mm,normal,Habitual,106.51583333333332,0,2.9399423508801519,2.485184937059413,3.3946997647008907,"mean centered height; standardized over kukuku, pipipi, tatata, kutapi, pitaku, takupi",identity outcome; arithmetic mean across shared sequences,3323,22,independence,robust sandwich
Figure 2,B,jaw_open_amp_median_mm,normal,Habitual,106.74166666666666,0,2.9282653181507703,2.4780524287855852,3.3784782075159554,"mean centered height; standardized over kukuku, pipipi, tatata, kutapi, pitaku, takupi",identity outcome; arithmetic mean across shared sequences,3323,22,independence,robust sandwich
Figure 2,B,jaw_open_amp_median_mm,normal,Habitual,106.96749999999999,0,2.9165882854213905,2.4708349198470336,3.3623416509957473,"mean centered height; standardized over kukuku, pipipi, tatata, kutapi, pitaku, takupi",identity outcome; arithmetic mean across shared sequences,3323,22,independence,robust sandwich
Figure 2,B,jaw_open_amp_median_mm,normal,Habitual,107.19333333333333,0,2.9049112526920067,2.4635298338082041,3.3462926715758092,"mean centered height; standardized over kukuku, pipipi, tatata, kutapi, pitaku, takupi",identity outcome; arithmetic mean across shared sequences,3323,22,independence,robust sandwich
Figure 2,B,jaw_open_amp_median_mm,normal,Habitual,107.41916666666665,0,2.8932342199626251,2.4561345427772192,3.330333897148031,"mean centered height; standardized over kukuku, pipipi, tatata, kutapi, pitaku, takupi",identity outcome; arithmetic mean across shared sequences,3323,22,independence,robust sandwich
Figure 2,B,jaw_open_amp_median_mm,normal,Habitual,107.645,0,2.8815571872332435,2.448646370205084,3.314468004261403,"mean centered height; standardized over kukuku, pipipi, tatata, kutapi, pitaku, takupi",identity outcome; arithmetic mean across shared sequences,3323,22,independence,robust sandwich
Figure 2,B,jaw_open_amp_median_mm,normal,Habitual,107.87083333333332,0,2.8698801545038637,2.4410625941718656,3.2986977148358618,"mean centered height; standardized over kukuku, pipipi, tatata, kutapi, pitaku, takupi",identity outcome; arithmetic mean across shared sequences,3323,22,independence,robust sandwich
Figure 2,B,jaw_open_amp_median_mm,normal,Habitual,108.09666666666666,0,2.8582031217744803,2.4333804511895885,3.2830257923593722,"mean centered height; standardized over kukuku, pipipi, tatata, kutapi, pitaku, takupi",identity outcome; arithmetic mean across shared sequences,3323,22,independence,robust sandwich
Figure 2,B,jaw_open_amp_median_mm,normal,Habitual,108.32249999999999,0,2.8465260890450987,2.4255971405497858,3.2674550375404117,"mean centered height; standardized over kukuku, pipipi, tatata, kutapi, pitaku, takupi",identity outcome; arithmetic mean across shared sequences,3323,22,independence,robust sandwich
Figure 2,B,jaw_open_amp_median_mm,normal,Habitual,108.54833333333332,0,2.834849056315718,2.417709829240926,3.25198828339051,"mean centered height; standardized over kukuku, pipipi, tatata, kutapi, pitaku, takupi",identity outcome; arithmetic mean across shared sequences,3323,22,independence,robust sandwich
Figure 2,B,jaw_open_amp_median_mm,normal,Habitual,108.77416666666666,0,2.8231720235863373,2.4097156574575362,3.2366283897151384,"mean centered height; standardized over kukuku, pipipi, tatata, kutapi, pitaku, takupi",identity outcome; arithmetic mean across shared sequences,3323,22,independence,robust sandwich
Figure 2,B,jaw_open_amp_median_mm,normal,Habitual,108.99999999999999,0,2.8114949908569549,2.4016117447184864,3.2213782369954234,"mean centered height; standardized over kukuku, pipipi, tatata, kutapi, pitaku, takupi",identity outcome; arithmetic mean across shared sequences,3323,22,independence,robust sandwich
Figure 2,B,jaw_open_amp_median_mm,normal,Habitual,109.22583333333333,0,2.7998179581275719,2.3933951966066696,3.2062407196484743,"mean centered height; standardized over kukuku, pipipi, tatata, kutapi, pitaku, takupi",identity outcome; arithmetic mean across shared sequences,3323,22,independence,robust sandwich
Figure 2,B,jaw_open_amp_median_mm,normal,Habitual,109.45166666666665,0,2.7881409253981912,2.3850631121359847,3.1912187386603978,"mean centered height; standardized over kukuku, pipipi, tatata, kutapi, pitaku, takupi",identity outcome; arithmetic mean across shared sequences,3323,22,independence,robust sandwich
Figure 2,B,jaw_open_amp_median_mm,normal,Habitual,109.67749999999999,0,2.7764638926688106,2.3766125917444496,3.1763151935931715,"mean centered height; standardized over kukuku, pipipi, tatata, kutapi, pitaku, takupi",identity outcome; arithmetic mean across shared sequences,3323,22,independence,robust sandwich
Figure 2,B,jaw_open_amp_median_mm,normal,Habitual,109.90333333333332,0,2.7647868599394281,2.368040745903941,3.1615329739749152,"mean centered height; standardized over kukuku, pipipi, tatata, kutapi, pitaku, takupi",identity outcome; arithmetic mean across shared sequences,3323,22,independence,robust sandwich
Figure 2,B,jaw_open_amp_median_mm,normal,Habitual,110.12916666666666,0,2.7531098272100456,2.3593447043280018,3.1468749500920894,"mean centered height; standardized over kukuku, pipipi, tatata, kutapi, pitaku, takupi",identity outcome; arithmetic mean across shared sequences,3323,22,independence,robust sandwich
Figure 2,B,jaw_open_amp_median_mm,normal,Habitual,110.35499999999999,0,2.7414327944806649,2.350521625749125,3.1323439632122048,"mean centered height; standardized over kukuku, pipipi, tatata, kutapi, pitaku, takupi",identity outcome; arithmetic mean across shared sequences,3323,22,independence,robust sandwich
Figure 2,B,jaw_open_amp_median_mm,normal,Habitual,110.58083333333332,0,2.7297557617512842,2.3415687082261867,3.1179428152763817,"mean centered height; standardized over kukuku, pipipi, tatata, kutapi, pitaku, takupi",identity outcome; arithmetic mean across shared sequences,3323,22,independence,robust sandwich
Figure 2,B,jaw_open_amp_median_mm,normal,Habitual,110.80666666666666,0,2.7180787290219017,2.3324831999313349,3.1036742581124686,"mean centered height; standardized over kukuku, pipipi, tatata, kutapi, pitaku, takupi",identity outcome; arithmetic mean across shared sequences,3323,22,independence,robust sandwich
Figure 2,B,jaw_open_amp_median_mm,normal,Habitual,111.0325,0,2.7064016962925193,2.3232624103540154,3.0895409822310231,"mean centered height; standardized over kukuku, pipipi, tatata, kutapi, pitaku, takupi",identity outcome; arithmetic mean across shared sequences,3323,22,independence,robust sandwich
Figure 2,B,jaw_open_amp_median_mm,normal,Habitual,111.25833333333333,0,2.6947246635631386,2.3139037218477507,3.0755456052785264,"mean centered height; standardized over kukuku, pipipi, tatata, kutapi, pitaku, takupi",identity outcome; arithmetic mean across shared sequences,3323,22,independence,robust sandwich
Figure 2,B,jaw_open_amp_median_mm,normal,Habitual,111.48416666666665,0,2.6830476308337579,2.3044046014337458,3.0616906602337699,"mean centered height; standardized over kukuku, pipipi, tatata, kutapi, pitaku, takupi",identity outcome; arithmetic mean across shared sequences,3323,22,independence,robust sandwich
Figure 2,B,jaw_open_amp_median_mm,normal,Habitual,111.70999999999999,0,2.6713705981043749,2.2947626127639991,3.0479785834447508,"mean centered height; standardized over kukuku, pipipi, tatata, kutapi, pitaku, takupi",identity outcome; arithmetic mean across shared sequences,3323,22,independence,robust sandwich
Figure 2,B,jaw_open_amp_median_mm,normal,Habitual,111.93583333333332,0,2.6596935653749925,2.2849754281361498,3.0344117026138351,"mean centered height; standardized over kukuku, pipipi, tatata, kutapi, pitaku, takupi",identity outcome; arithmetic mean across shared sequences,3323,22,independence,robust sandwich
Figure 2,B,jaw_open_amp_median_mm,normal,Habitual,112.16166666666666,0,2.6480165326456118,2.2750408404429461,3.0209922248482775,"mean centered height; standardized over kukuku, pipipi, tatata, kutapi, pitaku, takupi",identity outcome; arithmetic mean across shared sequences,3323,22,independence,robust sandwich
Figure 2,B,jaw_open_amp_median_mm,normal,Habitual,112.38749999999999,0,2.6363394999162311,2.264956774931532,3.0077222249009301,"mean centered height; standardized over kukuku, pipipi, tatata, kutapi, pitaku, takupi",identity outcome; arithmetic mean across shared sequences,3323,22,independence,robust sandwich
Figure 2,B,jaw_open_amp_median_mm,normal,Habitual,112.61333333333332,0,2.6246624671868495,2.2547213006417337,2.9946036337319653,"mean centered height; standardized over kukuku, pipipi, tatata, kutapi, pitaku, takupi",identity outcome; arithmetic mean across shared sequences,3323,22,independence,robust sandwich
Figure 2,B,jaw_open_amp_median_mm,normal,Habitual,112.83916666666666,0,2.6129854344574661,2.2443326413890352,2.981638227525897,"mean centered height; standardized over kukuku, pipipi, tatata, kutapi, pitaku, takupi",identity outcome; arithmetic mean across shared sequences,3323,22,independence,robust sandwich
Figure 2,B,jaw_open_amp_median_mm,normal,Habitual,113.065,0,2.6013084017280854,2.2337891861566468,2.968827617299524,"mean centered height; standardized over kukuku, pipipi, tatata, kutapi, pitaku, takupi",identity outcome; arithmetic mean across shared sequences,3323,22,independence,robust sandwich
Figure 2,B,jaw_open_amp_median_mm,normal,Habitual,113.29083333333332,0,2.5896313689987047,2.2230894987628047,2.9561732392346047,"mean centered height; standardized over kukuku, pipipi, tatata, kutapi, pitaku, takupi",identity outcome; arithmetic mean across shared sequences,3323,22,independence,robust sandwich
Figure 2,B,jaw_open_amp_median_mm,normal,Habitual,113.51666666666665,0,2.5779543362693231,2.2122323266739046,2.9436763458647417,"mean centered height; standardized over kukuku, pipipi, tatata, kutapi, pitaku, takupi",identity outcome; arithmetic mean across shared sequences,3323,22,independence,robust sandwich
Figure 2,B,jaw_open_amp_median_mm,normal,Habitual,113.74249999999999,0,2.5662773035399393,2.2012166088415288,2.9313379982383498,"mean centered height; standardized over kukuku, pipipi, tatata, kutapi, pitaku, takupi",identity outcome; arithmetic mean across shared sequences,3323,22,independence,robust sandwich
Figure 2,B,jaw_open_amp_median_mm,normal,Habitual,113.96833333333332,0,2.5546002708105595,2.1900414824518686,2.9191590591692504,"mean centered height; standardized over kukuku, pipipi, tatata, kutapi, pitaku, takupi",identity outcome; arithmetic mean across shared sequences,3323,22,independence,robust sandwich
Figure 2,B,jaw_open_amp_median_mm,normal,Habitual,114.19416666666666,0,2.5429232380811779,2.1787062884891464,2.9071401876732095,"mean centered height; standardized over kukuku, pipipi, tatata, kutapi, pitaku, takupi",identity outcome; arithmetic mean across shared sequences,3323,22,independence,robust sandwich
Figure 2,B,jaw_open_amp_median_mm,normal,Habitual,114.41999999999999,0,2.5312462053517963,2.1672105760304543,2.8952818346731384,"mean centered height; standardized over kukuku, pipipi, tatata, kutapi, pitaku, takupi",identity outcome; arithmetic mean across shared sequences,3323,22,independence,robust sandwich
Figure 2,B,jaw_open_amp_median_mm,normal,Habitual,114.64583333333331,0,2.5195691726224148,2.155554105207147,2.8835842400376825,"mean centered height; standardized over kukuku, pipipi, tatata, kutapi, pitaku, takupi",identity outcome; arithmetic mean across shared sequences,3323,22,independence,robust sandwich
Figure 2,B,jaw_open_amp_median_mm,normal,Habitual,114.87166666666666,0,2.5078921398930332,2.143736848787722,2.8720474309983444,"mean centered height; standardized over kukuku, pipipi, tatata, kutapi, pitaku, takupi",identity outcome; arithmetic mean across shared sequences,3323,22,independence,robust sandwich
Figure 2,B,jaw_open_amp_median_mm,normal,Habitual,115.0975,0,2.4962151071636516,2.131758992357847,2.8606712219694561,"mean centered height; standardized over kukuku, pipipi, tatata, kutapi, pitaku, takupi",identity outcome; arithmetic mean across shared sequences,3323,22,independence,robust sandwich
Figure 2,B,jaw_open_amp_median_mm,normal,Habitual,115.32333333333332,0,2.48453807443427,2.1196209330947817,2.8494552157737583,"mean centered height; standardized over kukuku, pipipi, tatata, kutapi, pitaku, takupi",identity outcome; arithmetic mean across shared sequences,3323,22,independence,robust sandwich
Figure 2,B,jaw_open_amp_median_mm,normal,Habitual,115.54916666666665,0,2.4728610417048884,2.1073232771550106,2.8383988062547663,"mean centered height; standardized over kukuku, pipipi, tatata, kutapi, pitaku, takupi",identity outcome; arithmetic mean across shared sequences,3323,22,independence,robust sandwich
Figure 2,B,jaw_open_amp_median_mm,normal,Habitual,115.77499999999999,0,2.4611840089755064,2.0948668357150177,2.827501182235995,"mean centered height; standardized over kukuku, pipipi, tatata, kutapi, pitaku, takupi",identity outcome; arithmetic mean across shared sequences,3323,22,independence,robust sandwich
Figure 2,B,jaw_open_amp_median_mm,normal,Habitual,116.00083333333332,0,2.4495069762461248,2.082252619725085,2.8167613327671646,"mean centered height; standardized over kukuku, pipipi, tatata, kutapi, pitaku, takupi",identity outcome; arithmetic mean across shared sequences,3323,22,independence,robust sandwich
Figure 2,B,jaw_open_amp_median_mm,normal,Habitual,116.22666666666666,0,2.4378299435167432,2.069481833454387,2.8061780535790994,"mean centered height; standardized over kukuku, pipipi, tatata, kutapi, pitaku, takupi",identity outcome; arithmetic mean across shared sequences,3323,22,independence,robust sandwich
Figure 2,B,jaw_open_amp_median_mm,normal,Habitual,116.45249999999999,0,2.4261529107873616,2.0565558669219803,2.7957499546527429,"mean centered height; standardized over kukuku, pipipi, tatata, kutapi, pitaku, takupi",identity outcome; arithmetic mean across shared sequences,3323,22,independence,robust sandwich
Figure 2,B,jaw_open_amp_median_mm,normal,Habitual,116.67833333333331,0,2.41447587805798,2.0434762873220329,2.7854754687939272,"mean centered height; standardized over kukuku, pipipi, tatata, kutapi, pitaku, takupi",identity outcome; arithmetic mean across shared sequences,3323,22,independence,robust sandwich
Figure 2,B,jaw_open_amp_median_mm,normal,Habitual,116.90416666666665,0,2.4027988453285984,2.0302448295628985,2.7753528610942984,"mean centered height; standardized over kukuku, pipipi, tatata, kutapi, pitaku, takupi",identity outcome; arithmetic mean across shared sequences,3323,22,independence,robust sandwich
Figure 2,B,jaw_open_amp_median_mm,normal,Habitual,117.13,0,2.3911218125992169,2.0168633860477843,2.7653802391506495,"mean centered height; standardized over kukuku, pipipi, tatata, kutapi, pitaku, takupi",identity outcome; arithmetic mean across shared sequences,3323,22,independence,robust sandwich
Figure 2,B,jaw_open_amp_median_mm,normal,Habitual,117.35583333333332,0,2.3794447798698353,2.0033339958300029,2.7555555639096676,"mean centered height; standardized over kukuku, pipipi, tatata, kutapi, pitaku, takupi",identity outcome; arithmetic mean across shared sequences,3323,22,independence,robust sandwich
Figure 2,B,jaw_open_amp_median_mm,normal,Habitual,117.58166666666665,0,2.3677677471404537,1.9896588332782537,2.7458766610026535,"mean centered height; standardized over kukuku, pipipi, tatata, kutapi, pitaku, takupi",identity outcome; arithmetic mean across shared sequences,3323,22,independence,robust sandwich
Figure 2,B,jaw_open_amp_median_mm,normal,Habitual,117.80749999999999,0,2.3560907144110721,1.9758401963867793,2.7363412324353646,"mean centered height; standardized over kukuku, pipipi, tatata, kutapi, pitaku, takupi",identity outcome; arithmetic mean across shared sequences,3323,22,independence,robust sandwich
Figure 2,B,jaw_open_amp_median_mm,normal,Habitual,118.03333333333332,0,2.3444136816816923,1.9618804948623958,2.7269468685009888,"mean centered height; standardized over kukuku, pipipi, tatata, kutapi, pitaku, takupi",identity outcome; arithmetic mean across shared sequences,3323,22,independence,robust sandwich
Figure 2,B,jaw_open_amp_median_mm,normal,Habitual,118.25916666666666,0,2.3327366489523085,1.9477822381148597,2.717691059789757,"mean centered height; standardized over kukuku, pipipi, tatata, kutapi, pitaku, takupi",identity outcome; arithmetic mean across shared sequences,3323,22,independence,robust sandwich
Figure 2,B,jaw_open_amp_median_mm,normal,Habitual,118.48499999999999,0,2.3210596162229269,1.9335480232699114,2.7085712091759424,"mean centered height; standardized over kukuku, pipipi, tatata, kutapi, pitaku, takupi",identity outcome; arithmetic mean across shared sequences,3323,22,independence,robust sandwich
Figure 2,B,jaw_open_amp_median_mm,normal,Habitual,118.71083333333333,0,2.3093825834935453,1.9191805233151571,2.6995846436719337,"mean centered height; standardized over kukuku, pipipi, tatata, kutapi, pitaku, takupi",identity outcome; arithmetic mean across shared sequences,3323,22,independence,robust sandwich
Figure 2,B,jaw_open_amp_median_mm,normal,Habitual,118.93666666666665,0,2.2977055507641655,1.9046824754789813,2.6907286260493497,"mean centered height; standardized over kukuku, pipipi, tatata, kutapi, pitaku, takupi",identity outcome; arithmetic mean across shared sequences,3323,22,independence,robust sandwich
Figure 2,B,jaw_open_amp_median_mm,normal,Habitual,119.16249999999999,0,2.2860285180347821,1.8900566699312995,2.682000366138265,"mean centered height; standardized over kukuku, pipipi, tatata, kutapi, pitaku, takupi",identity outcome; arithmetic mean across shared sequences,3323,22,independence,robust sandwich
Figure 2,B,jaw_open_amp_median_mm,normal,Habitual,119.38833333333332,0,2.2743514853054005,1.8753059388836355,2.6733970317271658,"mean centered height; standardized over kukuku, pipipi, tatata, kutapi, pitaku, takupi",identity outcome; arithmetic mean across shared sequences,3323,22,independence,robust sandwich
Figure 2,B,jaw_open_amp_median_mm,normal,Habitual,119.61416666666665,0,2.2626744525760198,1.860433146153748,2.6649157589982919,"mean centered height; standardized over kukuku, pipipi, tatata, kutapi, pitaku, takupi",identity outcome; arithmetic mean across shared sequences,3323,22,independence,robust sandwich
Figure 2,B,jaw_open_amp_median_mm,normal,Habitual,119.83999999999999,0,2.2509974198466391,1.8454411772485937,2.6565536624446846,"mean centered height; standardized over kukuku, pipipi, tatata, kutapi, pitaku, takupi",identity outcome; arithmetic mean across shared sequences,3323,22,independence,robust sandwich
Figure 2,B,jaw_open_amp_median_mm,normal,Habitual,120.06583333333332,0,2.2393203871172562,1.8303329300077618,2.6483078442267507,"mean centered height; standardized over kukuku, pipipi, tatata, kutapi, pitaku, takupi",identity outcome; arithmetic mean across shared sequences,3323,22,independence,robust sandwich
Figure 2,B,jaw_open_amp_median_mm,normal,Habitual,120.29166666666666,0,2.2276433543878738,1.8151113058386386,2.6401754029371087,"mean centered height; standardized over kukuku, pipipi, tatata, kutapi, pitaku, takupi",identity outcome; arithmetic mean across shared sequences,3323,22,independence,robust sandwich
Figure 2,B,jaw_open_amp_median_mm,normal,Habitual,120.51749999999998,0,2.2159663216584931,1.7997792015643421,2.632153441752644,"mean centered height; standardized over kukuku, pipipi, tatata, kutapi, pitaku, takupi",identity outcome; arithmetic mean across shared sequences,3323,22,independence,robust sandwich
Figure 2,B,jaw_open_amp_median_mm,normal,Habitual,120.74333333333333,0,2.2042892889291124,1.7843395018961947,2.6242390759620302,"mean centered height; standardized over kukuku, pipipi, tatata, kutapi, pitaku, takupi",identity outcome; arithmetic mean across shared sequences,3323,22,independence,robust sandwich
Figure 2,B,jaw_open_amp_median_mm,normal,Habitual,120.96916666666665,0,2.1926122561997299,1.7687950725339223,2.6164294398655374,"mean centered height; standardized over kukuku, pipipi, tatata, kutapi, pitaku, takupi",identity outcome; arithmetic mean across shared sequences,3323,22,independence,robust sandwich
Figure 2,B,jaw_open_amp_median_mm,normal,Habitual,121.19499999999999,0,2.1809352234703474,1.7531487538893933,2.6087216930513017,"mean centered height; standardized over kukuku, pipipi, tatata, kutapi, pitaku, takupi",identity outcome; arithmetic mean across shared sequences,3323,22,independence,robust sandwich
Figure 2,B,jaw_open_amp_median_mm,normal,Habitual,121.42083333333332,0,2.1692581907409667,1.7374033554231805,2.6011130260587532,"mean centered height; standardized over kukuku, pipipi, tatata, kutapi, pitaku, takupi",identity outcome; arithmetic mean across shared sequences,3323,22,independence,robust sandwich
Figure 2,B,jaw_open_amp_median_mm,normal,Habitual,121.64666666666665,0,2.157581158011586,1.7215616505777294,2.5936006654454427,"mean centered height; standardized over kukuku, pipipi, tatata, kutapi, pitaku, takupi",identity outcome; arithmetic mean across shared sequences,3323,22,independence,robust sandwich
Figure 2,B,jaw_open_amp_median_mm,normal,Habitual,121.87249999999999,0,2.1459041252822035,1.7056263722863609,2.5861818782780461,"mean centered height; standardized over kukuku, pipipi, tatata, kutapi, pitaku, takupi",identity outcome; arithmetic mean across shared sequences,3323,22,independence,robust sandwich
Figure 2,B,jaw_open_amp_median_mm,normal,Habitual,122.09833333333333,0,2.1342270925528206,1.6896002090336479,2.5788539760719935,"mean centered height; standardized over kukuku, pipipi, tatata, kutapi, pitaku, takupi",identity outcome; arithmetic mean across shared sequences,3323,22,independence,robust sandwich
Figure 2,B,jaw_open_amp_median_mm,normal,Habitual,122.32416666666666,0,2.1225500598234399,1.673485801439893,2.5716143182069868,"mean centered height; standardized over kukuku, pipipi, tatata, kutapi, pitaku, takupi",identity outcome; arithmetic mean across shared sequences,3323,22,independence,robust sandwich
Figure 2,B,jaw_open_amp_median_mm,normal,Habitual,122.54999999999998,0,2.1108730270940592,1.6572857393402498,2.5644603148478686,"mean centered height; standardized over kukuku, pipipi, tatata, kutapi, pitaku, takupi",identity outcome; arithmetic mean across shared sequences,3323,22,independence,robust sandwich
Figure 2,B,jaw_open_amp_median_mm,normal,Habitual,122.77583333333332,0,2.0991959943646767,1.6410025593278528,2.5573894294015007,"mean centered height; standardized over kukuku, pipipi, tatata, kutapi, pitaku, takupi",identity outcome; arithmetic mean across shared sequences,3323,22,independence,robust sandwich
Figure 2,B,jaw_open_amp_median_mm,normal,Habitual,123.00166666666665,0,2.0875189616352943,1.6246387427292304,2.5503991805413584,"mean centered height; standardized over kukuku, pipipi, tatata, kutapi, pitaku, takupi",identity outcome; arithmetic mean across shared sequences,3323,22,independence,robust sandwich
Figure 2,B,jaw_open_amp_median_mm,normal,Habitual,123.22749999999999,0,2.0758419289059136,1.6081967139802145,2.5434871438316127,"mean centered height; standardized over kukuku, pipipi, tatata, kutapi, pitaku, takupi",identity outcome; arithmetic mean across shared sequences,3323,22,independence,robust sandwich
Figure 2,B,jaw_open_amp_median_mm,normal,Habitual,123.45333333333332,0,2.0641648961765329,1.5916788393706451,2.5366509529824208,"mean centered height; standardized over kukuku, pipipi, tatata, kutapi, pitaku, takupi",identity outcome; arithmetic mean across shared sequences,3323,22,independence,robust sandwich
Figure 2,B,jaw_open_amp_median_mm,normal,Habitual,123.67916666666665,0,2.0524878634471513,1.5750874261267145,2.5298883007675883,"mean centered height; standardized over kukuku, pipipi, tatata, kutapi, pitaku, takupi",identity outcome; arithmetic mean across shared sequences,3323,22,independence,robust sandwich
Figure 2,B,jaw_open_amp_median_mm,normal,Habitual,123.90499999999999,0,2.0408108307177679,1.5584247218006375,2.5231969396348983,"mean centered height; standardized over kukuku, pipipi, tatata, kutapi, pitaku, takupi",identity outcome; arithmetic mean across shared sequences,3323,22,independence,robust sandwich
Figure 2,B,jaw_open_amp_median_mm,normal,Habitual,124.13083333333333,0,2.0291337979883872,1.5416929139384687,2.5165746820383057,"mean centered height; standardized over kukuku, pipipi, tatata, kutapi, pitaku, takupi",identity outcome; arithmetic mean across shared sequences,3323,22,independence,robust sandwich
Figure 2,B,jaw_open_amp_median_mm,normal,Habitual,124.35666666666665,0,2.0174567652590065,1.5248941299980476,2.5100194005199654,"mean centered height; standardized over kukuku, pipipi, tatata, kutapi, pitaku, takupi",identity outcome; arithmetic mean across shared sequences,3323,22,independence,robust sandwich
Figure 2,B,jaw_open_amp_median_mm,normal,Habitual,124.58249999999998,0,2.0057797325296245,1.508030437490677,2.5035290275685722,"mean centered height; standardized over kukuku, pipipi, tatata, kutapi, pitaku, takupi",identity outcome; arithmetic mean across shared sequences,3323,22,independence,robust sandwich
Figure 2,B,jaw_open_amp_median_mm,normal,Habitual,124.80833333333332,0,1.9941026998002411,1.4911038443214077,2.4971015552790745,"mean centered height; standardized over kukuku, pipipi, tatata, kutapi, pitaku, takupi",identity outcome; arithmetic mean across shared sequences,3323,22,independence,robust sandwich
Figure 2,B,jaw_open_amp_median_mm,normal,Habitual,125.03416666666665,0,1.9824256670708613,1.4741162993045833,2.4907350348371393,"mean centered height; standardized over kukuku, pipipi, tatata, kutapi, pitaku, takupi",identity outcome; arithmetic mean across shared sequences,3323,22,independence,robust sandwich
Figure 2,B,jaw_open_amp_median_mm,normal,Habitual,125.25999999999999,0,1.9707486343414797,1.4570696928326892,2.4844275758502703,"mean centered height; standardized over kukuku, pipipi, tatata, kutapi, pitaku, takupi",identity outcome; arithmetic mean across shared sequences,3323,22,independence,robust sandwich
Figure 2,B,jaw_open_amp_median_mm,normal,Habitual,125.48583333333332,0,1.9590716016120981,1.4399658576784353,2.478177345545761,"mean centered height; standardized over kukuku, pipipi, tatata, kutapi, pitaku, takupi",identity outcome; arithmetic mean across shared sequences,3323,22,independence,robust sandwich
Figure 2,B,jaw_open_amp_median_mm,normal,Habitual,125.71166666666664,0,1.9473945688827166,1.4228065699111956,2.4719825678542375,"mean centered height; standardized over kukuku, pipipi, tatata, kutapi, pitaku, takupi",identity outcome; arithmetic mean across shared sequences,3323,22,independence,robust sandwich
Figure 2,B,jaw_open_amp_median_mm,normal,Habitual,125.93749999999999,0,1.935717536153335,1.4055935499108101,2.4658415223958601,"mean centered height; standardized over kukuku, pipipi, tatata, kutapi, pitaku, takupi",identity outcome; arithmetic mean across shared sequences,3323,22,independence,robust sandwich
Figure 2,B,jaw_open_amp_median_mm,normal,Habitual,126.16333333333333,0,1.9240405034239532,1.3883284634630422,2.4597525433848642,"mean centered height; standardized over kukuku, pipipi, tatata, kutapi, pitaku, takupi",identity outcome; arithmetic mean across shared sequences,3323,22,independence,robust sandwich
Figure 2,B,jaw_open_amp_median_mm,normal,Habitual,126.38916666666665,0,1.9123634706945716,1.3710129229224322,2.453714018466711,"mean centered height; standardized over kukuku, pipipi, tatata, kutapi, pitaku, takupi",identity outcome; arithmetic mean across shared sequences,3323,22,independence,robust sandwich
Figure 2,B,jaw_open_amp_median_mm,normal,Habitual,126.61499999999998,0,1.90068643796519,1.353648488429692,2.447724387500688,"mean centered height; standardized over kukuku, pipipi, tatata, kutapi, pitaku, takupi",identity outcome; arithmetic mean across shared sequences,3323,22,independence,robust sandwich
Figure 2,B,jaw_open_amp_median_mm,normal,Habitual,126.84083333333332,0,1.8890094052358084,1.336236669171968,2.4417821412996488,"mean centered height; standardized over kukuku, pipipi, tatata, kutapi, pitaku, takupi",identity outcome; arithmetic mean across shared sequences,3323,22,independence,robust sandwich
Figure 2,B,jaw_open_amp_median_mm,normal,Habitual,127.06666666666666,0,1.8773323725064266,1.3187789246756025,2.4358858203372504,"mean centered height; standardized over kukuku, pipipi, tatata, kutapi, pitaku, takupi",identity outcome; arithmetic mean across shared sequences,3323,22,independence,robust sandwich
Figure 2,B,jaw_open_amp_median_mm,normal,Habitual,127.29249999999999,0,1.865655339777045,1.301276666122033,2.4300340134320573,"mean centered height; standardized over kukuku, pipipi, tatata, kutapi, pitaku, takupi",identity outcome; arithmetic mean across shared sequences,3323,22,independence,robust sandwich
Figure 2,B,jaw_open_amp_median_mm,normal,Habitual,127.51833333333332,0,1.8539783070476634,1.2837312576785487,2.4242253564167782,"mean centered height; standardized over kukuku, pipipi, tatata, kutapi, pitaku, takupi",identity outcome; arithmetic mean across shared sequences,3323,22,independence,robust sandwich
Figure 2,B,jaw_open_amp_median_mm,normal,Habitual,127.74416666666664,0,1.8423012743182818,1.2661440178366292,2.4184585307999344,"mean centered height; standardized over kukuku, pipipi, tatata, kutapi, pitaku, takupi",identity outcome; arithmetic mean across shared sequences,3323,22,independence,robust sandwich
Figure 2,B,jaw_open_amp_median_mm,normal,Habitual,127.96999999999998,0,1.8306242415889002,1.2485162207513216,2.4127322624264789,"mean centered height; standardized over kukuku, pipipi, tatata, kutapi, pitaku, takupi",identity outcome; arithmetic mean across shared sequences,3323,22,independence,robust sandwich
Figure 2,B,jaw_open_amp_median_mm,normal,Habitual,128.19583333333333,0,1.8189472088595184,1.2308490975761064,2.4070453201429305,"mean centered height; standardized over kukuku, pipipi, tatata, kutapi, pitaku, takupi",identity outcome; arithmetic mean across shared sequences,3323,22,independence,robust sandwich
Figure 2,B,jaw_open_amp_median_mm,normal,Habitual,128.42166666666665,0,1.8072701761301369,1.2131438377882946,2.4013965144719789,"mean centered height; standardized over kukuku, pipipi, tatata, kutapi, pitaku, takupi",identity outcome; arithmetic mean across shared sequences,3323,22,independence,robust sandwich
Figure 2,B,jaw_open_amp_median_mm,normal,Habitual,128.64749999999998,0,1.7955931434007553,1.1954015905007251,2.3957846963007854,"mean centered height; standardized over kukuku, pipipi, tatata, kutapi, pitaku, takupi",identity outcome; arithmetic mean across shared sequences,3323,22,independence,robust sandwich
Figure 2,B,jaw_open_amp_median_mm,normal,Habitual,128.87333333333333,0,1.7839161106713737,1.17762346575614,2.3902087555866074,"mean centered height; standardized over kukuku, pipipi, tatata, kutapi, pitaku, takupi",identity outcome; arithmetic mean across shared sequences,3323,22,independence,robust sandwich
Figure 2,B,jaw_open_amp_median_mm,normal,Habitual,129.09916666666666,0,1.7722390779419919,1.1598105358011441,2.3846676200828396,"mean centered height; standardized over kukuku, pipipi, tatata, kutapi, pitaku, takupi",identity outcome; arithmetic mean across shared sequences,3323,22,independence,robust sandwich
Figure 2,B,jaw_open_amp_median_mm,normal,Habitual,129.32499999999999,0,1.7605620452126103,1.1419638363371609,2.3791602540880596,"mean centered height; standardized over kukuku, pipipi, tatata, kutapi, pitaku, takupi",identity outcome; arithmetic mean across shared sequences,3323,22,independence,robust sandwich
Figure 2,B,jaw_open_amp_median_mm,normal,Habitual,129.55083333333332,0,1.7488850124832287,1.124084367746238,2.3736856572202196,"mean centered height; standardized over kukuku, pipipi, tatata, kutapi, pitaku, takupi",identity outcome; arithmetic mean across shared sequences,3323,22,independence,robust sandwich
Figure 2,B,jaw_open_amp_median_mm,normal,Habitual,129.77666666666664,0,1.737207979753848,1.1061730962899463,2.3682428632177497,"mean centered height; standardized over kukuku, pipipi, tatata, kutapi, pitaku, takupi",identity outcome; arithmetic mean across shared sequences,3323,22,independence,robust sandwich
Figure 2,B,jaw_open_amp_median_mm,normal,Habitual,130.0025,0,1.7255309470244655,1.0882309552799663,2.3628309387689646,"mean centered height; standardized over kukuku, pipipi, tatata, kutapi, pitaku, takupi",identity outcome; arithmetic mean across shared sequences,3323,22,independence,robust sandwich
Figure 2,B,jaw_open_amp_median_mm,normal,Habitual,130.22833333333332,0,1.7138539142950837,1.0702588462193043,2.3574489823708631,"mean centered height; standardized over kukuku, pipipi, tatata, kutapi, pitaku, takupi",identity outcome; arithmetic mean across shared sequences,3323,22,independence,robust sandwich
Figure 2,B,jaw_open_amp_median_mm,normal,Habitual,130.45416666666665,0,1.7021768815657021,1.0522576399132539,2.3520961232181503,"mean centered height; standardized over kukuku, pipipi, tatata, kutapi, pitaku, takupi",identity outcome; arithmetic mean across shared sequences,3323,22,independence,robust sandwich
Figure 2,B,jaw_open_amp_median_mm,normal,Habitual,130.67999999999998,0,1.6904998488363214,1.0342281775496391,2.3467715201230037,"mean centered height; standardized over kukuku, pipipi, tatata, kutapi, pitaku, takupi",identity outcome; arithmetic mean across shared sequences,3323,22,independence,robust sandwich
Figure 2,B,jaw_open_amp_median_mm,normal,Habitual,130.90583333333331,0,1.6788228161069407,1.0161712717478919,2.3414743604659893,"mean centered height; standardized over kukuku, pipipi, tatata, kutapi, pitaku, takupi",identity outcome; arithmetic mean across shared sequences,3323,22,independence,robust sandwich
Figure 2,B,jaw_open_amp_median_mm,normal,Habitual,131.13166666666666,0,1.6671457833775574,0.9980877075768485,2.3362038591782661,"mean centered height; standardized over kukuku, pipipi, tatata, kutapi, pitaku, takupi",identity outcome; arithmetic mean across shared sequences,3323,22,independence,robust sandwich
Figure 2,B,jaw_open_amp_median_mm,normal,Habitual,131.35749999999999,0,1.6554687506481756,0.97997824354126206,2.3309592577550893,"mean centered height; standardized over kukuku, pipipi, tatata, kutapi, pitaku, takupi",identity outcome; arithmetic mean across shared sequences,3323,22,independence,robust sandwich
Figure 2,B,jaw_open_amp_median_mm,normal,Habitual,131.58333333333331,0,1.6437917179187949,0.96184361253711848,2.3257398233004714,"mean centered height; standardized over kukuku, pipipi, tatata, kutapi, pitaku, takupi",identity outcome; arithmetic mean across shared sequences,3323,22,independence,robust sandwich
Figure 2,B,jaw_open_amp_median_mm,normal,Habitual,131.80916666666664,0,1.6321146851894142,0.94368452277607706,2.3205448476027515,"mean centered height; standardized over kukuku, pipipi, tatata, kutapi, pitaku, takupi",identity outcome; arithmetic mean across shared sequences,3323,22,independence,robust sandwich
Figure 2,B,jaw_open_amp_median_mm,normal,Habitual,132.03499999999997,0,1.6204376524600326,0.92550165867934875,2.3153736462407162,"mean centered height; standardized over kukuku, pipipi, tatata, kutapi, pitaku, takupi",identity outcome; arithmetic mean across shared sequences,3323,22,independence,robust sandwich
Figure 2,B,jaw_open_amp_median_mm,normal,Habitual,132.26083333333332,0,1.608760619730649,0.90729568174148745,2.3102255577198108,"mean centered height; standardized over kukuku, pipipi, tatata, kutapi, pitaku, takupi",identity outcome; arithmetic mean across shared sequences,3323,22,independence,robust sandwich
Figure 2,B,jaw_open_amp_median_mm,normal,Habitual,132.48666666666665,0,1.5970835870012683,0.8890672313646043,2.3050999426379324,"mean centered height; standardized over kukuku, pipipi, tatata, kutapi, pitaku, takupi",identity outcome; arithmetic mean across shared sequences,3323,22,independence,robust sandwich
Figure 2,B,jaw_open_amp_median_mm,normal,Habitual,132.71249999999998,0,1.5854065542718876,0.87081692566355184,2.2999961828802231,"mean centered height; standardized over kukuku, pipipi, tatata, kutapi, pitaku, takupi",identity outcome; arithmetic mean across shared sequences,3323,22,independence,robust sandwich
Figure 2,B,jaw_open_amp_median_mm,normal,Habitual,132.93833333333333,0,1.5737295215425042,0.85254536224276167,2.2949136808422468,"mean centered height; standardized over kukuku, pipipi, tatata, kutapi, pitaku, takupi",identity outcome; arithmetic mean across shared sequences,3323,22,independence,robust sandwich
Figure 2,B,jaw_open_amp_median_mm,normal,Habitual,133.16416666666666,0,1.5620524888131226,0.83425311894540732,2.2898518586808381,"mean centered height; standardized over kukuku, pipipi, tatata, kutapi, pitaku, takupi",identity outcome; arithmetic mean across shared sequences,3323,22,independence,robust sandwich
Figure 2,B,jaw_open_amp_median_mm,normal,Habitual,133.38999999999999,0,1.5503754560837419,0.81594075457549431,2.2848101575919895,"mean centered height; standardized over kukuku, pipipi, tatata, kutapi, pitaku, takupi",identity outcome; arithmetic mean across shared sequences,3323,22,independence,robust sandwich
Figure 2,B,jaw_open_amp_median_mm,fast,Maximally fast,92.739999999999995,0,3.5084505113619411,2.4620904754880879,4.5548105472357943,"mean centered height; standardized over kukuku, pipipi, tatata, kutapi, pitaku, takupi",identity outcome; arithmetic mean across shared sequences,3323,22,independence,robust sandwich
Figure 2,B,jaw_open_amp_median_mm,fast,Maximally fast,92.965833333333322,0,3.4967734786325595,2.4570732258951233,4.5364737313699957,"mean centered height; standardized over kukuku, pipipi, tatata, kutapi, pitaku, takupi",identity outcome; arithmetic mean across shared sequences,3323,22,independence,robust sandwich
Figure 2,B,jaw_open_amp_median_mm,fast,Maximally fast,93.191666666666663,0,3.4850964459031779,2.4520422443942063,4.5181506474121491,"mean centered height; standardized over kukuku, pipipi, tatata, kutapi, pitaku, takupi",identity outcome; arithmetic mean across shared sequences,3323,22,independence,robust sandwich
Figure 2,B,jaw_open_amp_median_mm,fast,Maximally fast,93.41749999999999,0,3.4734194131737963,2.4469972642442808,4.4998415621033114,"mean centered height; standardized over kukuku, pipipi, tatata, kutapi, pitaku, takupi",identity outcome; arithmetic mean across shared sequences,3323,22,independence,robust sandwich
Figure 2,B,jaw_open_amp_median_mm,fast,Maximally fast,93.643333333333331,0,3.4617423804444147,2.4419380123347625,4.4815467485540665,"mean centered height; standardized over kukuku, pipipi, tatata, kutapi, pitaku, takupi",identity outcome; arithmetic mean across shared sequences,3323,22,independence,robust sandwich
Figure 2,B,jaw_open_amp_median_mm,fast,Maximally fast,93.869166666666658,0,3.4500653477150331,2.4368642090151873,4.463266486414879,"mean centered height; standardized over kukuku, pipipi, tatata, kutapi, pitaku, takupi",identity outcome; arithmetic mean across shared sequences,3323,22,independence,robust sandwich
Figure 2,B,jaw_open_amp_median_mm,fast,Maximally fast,94.094999999999999,0,3.4383883149856516,2.4317755679202788,4.4450010620510243,"mean centered height; standardized over kukuku, pipipi, tatata, kutapi, pitaku, takupi",identity outcome; arithmetic mean across shared sequences,3323,22,independence,robust sandwich
Figure 2,B,jaw_open_amp_median_mm,fast,Maximally fast,94.320833333333326,0,3.4267112822562695,2.426671795790349,4.4267507687221901,"mean centered height; standardized over kukuku, pipipi, tatata, kutapi, pitaku, takupi",identity outcome; arithmetic mean across shared sequences,3323,22,independence,robust sandwich
Figure 2,B,jaw_open_amp_median_mm,fast,Maximally fast,94.546666666666667,0,3.4150342495268879,2.4215525922869343,4.4085159067668416,"mean centered height; standardized over kukuku, pipipi, tatata, kutapi, pitaku, takupi",identity outcome; arithmetic mean across shared sequences,3323,22,independence,robust sandwich
Figure 2,B,jaw_open_amp_median_mm,fast,Maximally fast,94.772499999999994,0,3.4033572167975064,2.4164176498035776,4.3902967837914346,"mean centered height; standardized over kukuku, pipipi, tatata, kutapi, pitaku, takupi",identity outcome; arithmetic mean across shared sequences,3323,22,independence,robust sandwich
Figure 2,B,jaw_open_amp_median_mm,fast,Maximally fast,94.998333333333335,0,3.3916801840681248,2.4112666532716673,4.3720937148645822,"mean centered height; standardized over kukuku, pipipi, tatata, kutapi, pitaku, takupi",identity outcome; arithmetic mean across shared sequences,3323,22,independence,robust sandwich
Figure 2,B,jaw_open_amp_median_mm,fast,Maximally fast,95.224166666666662,0,3.3800031513387432,2.406099279961242,4.3539070227162444,"mean centered height; standardized over kukuku, pipipi, tatata, kutapi, pitaku, takupi",identity outcome; arithmetic mean across shared sequences,3323,22,independence,robust sandwich
Figure 2,B,jaw_open_amp_median_mm,fast,Maximally fast,95.449999999999989,0,3.3683261186093616,2.4009151992766893,4.3357370379420344,"mean centered height; standardized over kukuku, pipipi, tatata, kutapi, pitaku, takupi",identity outcome; arithmetic mean across shared sequences,3323,22,independence,robust sandwich
Figure 2,B,jaw_open_amp_median_mm,fast,Maximally fast,95.67583333333333,0,3.35664908587998,2.3957140725472441,4.3175840992127164,"mean centered height; standardized over kukuku, pipipi, tatata, kutapi, pitaku, takupi",identity outcome; arithmetic mean across shared sequences,3323,22,independence,robust sandwich
Figure 2,B,jaw_open_amp_median_mm,fast,Maximally fast,95.901666666666657,0,3.3449720531506002,2.3904955528122303,4.2994485534889701,"mean centered height; standardized over kukuku, pipipi, tatata, kutapi, pitaku, takupi",identity outcome; arithmetic mean across shared sequences,3323,22,independence,robust sandwich
Figure 2,B,jaw_open_amp_median_mm,fast,Maximally fast,96.127499999999998,0,3.3332950204212168,2.3852592846009522,4.2813307562414815,"mean centered height; standardized over kukuku, pipipi, tatata, kutapi, pitaku, takupi",identity outcome; arithmetic mean across shared sequences,3323,22,independence,robust sandwich
Figure 2,B,jaw_open_amp_median_mm,fast,Maximally fast,96.353333333333325,0,3.3216179876918352,2.3800049037072006,4.2632310716764703,"mean centered height; standardized over kukuku, pipipi, tatata, kutapi, pitaku, takupi",identity outcome; arithmetic mean across shared sequences,3323,22,independence,robust sandwich
Figure 2,B,jaw_open_amp_median_mm,fast,Maximally fast,96.579166666666666,0,3.3099409549624532,2.3747320369582798,4.2451498729666266,"mean centered height; standardized over kukuku, pipipi, tatata, kutapi, pitaku, takupi",identity outcome; arithmetic mean across shared sequences,3323,22,independence,robust sandwich
Figure 2,B,jaw_open_amp_median_mm,fast,Maximally fast,96.804999999999993,0,3.2982639222330734,2.3694403019785533,4.2270875424875936,"mean centered height; standardized over kukuku, pipipi, tatata, kutapi, pitaku, takupi",identity outcome; arithmetic mean across shared sequences,3323,22,independence,robust sandwich
Figure 2,B,jaw_open_amp_median_mm,fast,Maximally fast,97.030833333333334,0,3.28658688950369,2.3641293069474072,4.2090444720599729,"mean centered height; standardized over kukuku, pipipi, tatata, kutapi, pitaku, takupi",identity outcome; arithmetic mean across shared sequences,3323,22,independence,robust sandwich
Figure 2,B,jaw_open_amp_median_mm,fast,Maximally fast,97.256666666666661,0,3.2749098567743085,2.3587986503516669,4.19102106319695,"mean centered height; standardized over kukuku, pipipi, tatata, kutapi, pitaku, takupi",identity outcome; arithmetic mean across shared sequences,3323,22,independence,robust sandwich
Figure 2,B,jaw_open_amp_median_mm,fast,Maximally fast,97.482499999999987,0,3.2632328240449278,2.3534479207323864,4.1730177273574691,"mean centered height; standardized over kukuku, pipipi, tatata, kutapi, pitaku, takupi",identity outcome; arithmetic mean across shared sequences,3323,22,independence,robust sandwich
Figure 2,B,jaw_open_amp_median_mm,fast,Maximally fast,97.708333333333329,0,3.2515557913155471,2.3480766964260367,4.1550348862050575,"mean centered height; standardized over kukuku, pipipi, tatata, kutapi, pitaku, takupi",identity outcome; arithmetic mean across shared sequences,3323,22,independence,robust sandwich
Figure 2,B,jaw_open_amp_median_mm,fast,Maximally fast,97.934166666666655,0,3.2398787585861646,2.3426845453000893,4.1370729718722394,"mean centered height; standardized over kukuku, pipipi, tatata, kutapi, pitaku, takupi",identity outcome; arithmetic mean across shared sequences,3323,22,independence,robust sandwich
Figure 2,B,jaw_open_amp_median_mm,fast,Maximally fast,98.159999999999997,0,3.2282017258567821,2.3372710244830071,4.1191324272305572,"mean centered height; standardized over kukuku, pipipi, tatata, kutapi, pitaku, takupi",identity outcome; arithmetic mean across shared sequences,3323,22,independence,robust sandwich
Figure 2,B,jaw_open_amp_median_mm,fast,Maximally fast,98.385833333333323,0,3.2165246931274014,2.3318356800886906,4.1012137061661118,"mean centered height; standardized over kukuku, pipipi, tatata, kutapi, pitaku, takupi",identity outcome; arithmetic mean across shared sequences,3323,22,independence,robust sandwich
Figure 2,B,jaw_open_amp_median_mm,fast,Maximally fast,98.611666666666665,0,3.2048476603980207,2.3263780469354121,4.0833172738606294,"mean centered height; standardized over kukuku, pipipi, tatata, kutapi, pitaku, takupi",identity outcome; arithmetic mean across shared sequences,3323,22,independence,robust sandwich
Figure 2,B,jaw_open_amp_median_mm,fast,Maximally fast,98.837499999999991,0,3.1931706276686378,2.3208976482593373,4.0654436070779383,"mean centered height; standardized over kukuku, pipipi, tatata, kutapi, pitaku, takupi",identity outcome; arithmetic mean across shared sequences,3323,22,independence,robust sandwich
Figure 2,B,jaw_open_amp_median_mm,fast,Maximally fast,99.063333333333333,0,3.1814935949392553,2.3153939954227187,4.0475931944557919,"mean centered height; standardized over kukuku, pipipi, tatata, kutapi, pitaku, takupi",identity outcome; arithmetic mean across shared sequences,3323,22,independence,robust sandwich
Figure 2,B,jaw_open_amp_median_mm,fast,Maximally fast,99.289166666666659,0,3.1698165622098746,2.3098665876168578,4.0297665368028914,"mean centered height; standardized over kukuku, pipipi, tatata, kutapi, pitaku, takupi",identity outcome; arithmetic mean across shared sequences,3323,22,independence,robust sandwich
Figure 2,B,jaw_open_amp_median_mm,fast,Maximally fast,99.514999999999986,0,3.1581395294804939,2.3043149115600161,4.0119641474009722,"mean centered height; standardized over kukuku, pipipi, tatata, kutapi, pitaku, takupi",identity outcome; arithmetic mean across shared sequences,3323,22,independence,robust sandwich
Figure 2,B,jaw_open_amp_median_mm,fast,Maximally fast,99.740833333333327,0,3.1464624967511114,2.2987384411904213,3.9941865523118016,"mean centered height; standardized over kukuku, pipipi, tatata, kutapi, pitaku, takupi",identity outcome; arithmetic mean across shared sequences,3323,22,independence,robust sandwich
Figure 2,B,jaw_open_amp_median_mm,fast,Maximally fast,99.966666666666654,0,3.134785464021729,2.2931366373545901,3.9764342906888679,"mean centered height; standardized over kukuku, pipipi, tatata, kutapi, pitaku, takupi",identity outcome; arithmetic mean across shared sequences,3323,22,independence,robust sandwich
Figure 2,B,jaw_open_amp_median_mm,fast,Maximally fast,100.1925,0,3.1231084312923483,2.2875089474911823,3.9587079150935143,"mean centered height; standardized over kukuku, pipipi, tatata, kutapi, pitaku, takupi",identity outcome; arithmetic mean across shared sequences,3323,22,independence,robust sandwich
Figure 2,B,jaw_open_amp_median_mm,fast,Maximally fast,100.41833333333332,0,3.1114313985629676,2.2818548053106769,3.9410079918152583,"mean centered height; standardized over kukuku, pipipi, tatata, kutapi, pitaku, takupi",identity outcome; arithmetic mean across shared sequences,3323,22,independence,robust sandwich
Figure 2,B,jaw_open_amp_median_mm,fast,Maximally fast,100.64416666666666,0,3.0997543658335851,2.2761736304711855,3.9233351011959847,"mean centered height; standardized over kukuku, pipipi, tatata, kutapi, pitaku, takupi",identity outcome; arithmetic mean across shared sequences,3323,22,independence,robust sandwich
Figure 2,B,jaw_open_amp_median_mm,fast,Maximally fast,100.86999999999999,0,3.0880773331042022,2.2704648282507343,3.9056898379576701,"mean centered height; standardized over kukuku, pipipi, tatata, kutapi, pitaku, takupi",identity outcome; arithmetic mean across shared sequences,3323,22,independence,robust sandwich
Figure 2,B,jaw_open_amp_median_mm,fast,Maximally fast,101.09583333333333,0,3.0764003003748215,2.2647277892164426,3.8880728115332004,"mean centered height; standardized over kukuku, pipipi, tatata, kutapi, pitaku, takupi",identity outcome; arithmetic mean across shared sequences,3323,22,independence,robust sandwich
Figure 2,B,jaw_open_amp_median_mm,fast,Maximally fast,101.32166666666666,0,3.0647232676454408,2.2589618888910166,3.870484646399865,"mean centered height; standardized over kukuku, pipipi, tatata, kutapi, pitaku, takupi",identity outcome; arithmetic mean across shared sequences,3323,22,independence,robust sandwich
Figure 2,B,jaw_open_amp_median_mm,fast,Maximally fast,101.54749999999999,0,3.0530462349160592,2.2531664874170958,3.8529259824150226,"mean centered height; standardized over kukuku, pipipi, tatata, kutapi, pitaku, takupi",identity outcome; arithmetic mean across shared sequences,3323,22,independence,robust sandwich
Figure 2,B,jaw_open_amp_median_mm,fast,Maximally fast,101.77333333333333,0,3.0413692021866758,2.2473409292199782,3.8353974751533735,"mean centered height; standardized over kukuku, pipipi, tatata, kutapi, pitaku, takupi",identity outcome; arithmetic mean across shared sequences,3323,22,independence,robust sandwich
Figure 2,B,jaw_open_amp_median_mm,fast,Maximally fast,101.99916666666665,0,3.029692169457296,2.2414845426693764,3.8178997962452157,"mean centered height; standardized over kukuku, pipipi, tatata, kutapi, pitaku, takupi",identity outcome; arithmetic mean across shared sequences,3323,22,independence,robust sandwich
Figure 2,B,jaw_open_amp_median_mm,fast,Maximally fast,102.22499999999999,0,3.0180151367279144,2.2355966397408435,3.8004336337149853,"mean centered height; standardized over kukuku, pipipi, tatata, kutapi, pitaku, takupi",identity outcome; arithmetic mean across shared sequences,3323,22,independence,robust sandwich
Figure 2,B,jaw_open_amp_median_mm,fast,Maximally fast,102.45083333333332,0,3.0063381039985329,2.2296765156776828,3.7829996923193829,"mean centered height; standardized over kukuku, pipipi, tatata, kutapi, pitaku, takupi",identity outcome; arithmetic mean across shared sequences,3323,22,independence,robust sandwich
Figure 2,B,jaw_open_amp_median_mm,fast,Maximally fast,102.67666666666666,0,2.994661071269149,2.223723448654118,3.7655986938841801,"mean centered height; standardized over kukuku, pipipi, tatata, kutapi, pitaku, takupi",identity outcome; arithmetic mean across shared sequences,3323,22,independence,robust sandwich
Figure 2,B,jaw_open_amp_median_mm,fast,Maximally fast,102.90249999999999,0,2.9829840385397697,2.2177366994406609,3.7482313776388785,"mean centered height; standardized over kukuku, pipipi, tatata, kutapi, pitaku, takupi",identity outcome; arithmetic mean across shared sequences,3323,22,independence,robust sandwich
Figure 2,B,jaw_open_amp_median_mm,fast,Maximally fast,103.12833333333333,0,2.9713070058103876,2.2117155110726512,3.7308985005481241,"mean centered height; standardized over kukuku, pipipi, tatata, kutapi, pitaku, takupi",identity outcome; arithmetic mean across shared sequences,3323,22,independence,robust sandwich
Figure 2,B,jaw_open_amp_median_mm,fast,Maximally fast,103.35416666666666,0,2.9596299730810061,2.2056591085230672,3.7136008376389449,"mean centered height; standardized over kukuku, pipipi, tatata, kutapi, pitaku, takupi",identity outcome; arithmetic mean across shared sequences,3323,22,independence,robust sandwich
Figure 2,B,jaw_open_amp_median_mm,fast,Maximally fast,103.57999999999998,0,2.9479529403516245,2.1995666983807549,3.696339182322494,"mean centered height; standardized over kukuku, pipipi, tatata, kutapi, pitaku, takupi",identity outcome; arithmetic mean across shared sequences,3323,22,independence,robust sandwich
Figure 2,B,jaw_open_amp_median_mm,fast,Maximally fast,103.80583333333333,0,2.9362759076222429,2.1934374685353779,3.6791143467091079,"mean centered height; standardized over kukuku, pipipi, tatata, kutapi, pitaku, takupi",identity outcome; arithmetic mean across shared sequences,3323,22,independence,robust sandwich
Figure 2,B,jaw_open_amp_median_mm,fast,Maximally fast,104.03166666666667,0,2.9245988748928613,2.1872705878704286,3.661927161915294,"mean centered height; standardized over kukuku, pipipi, tatata, kutapi, pitaku, takupi",identity outcome; arithmetic mean across shared sequences,3323,22,independence,robust sandwich
Figure 2,B,jaw_open_amp_median_mm,fast,Maximally fast,104.25749999999999,0,2.9129218421634797,2.1810652059658189,3.6447784783611406,"mean centered height; standardized over kukuku, pipipi, tatata, kutapi, pitaku, takupi",identity outcome; arithmetic mean across shared sequences,3323,22,independence,robust sandwich
Figure 2,B,jaw_open_amp_median_mm,fast,Maximally fast,104.48333333333332,0,2.9012448094340981,2.1748204528116286,3.6276691660565676,"mean centered height; standardized over kukuku, pipipi, tatata, kutapi, pitaku, takupi",identity outcome; arithmetic mean across shared sequences,3323,22,independence,robust sandwich
Figure 2,B,jaw_open_amp_median_mm,fast,Maximally fast,104.70916666666666,0,2.8895677767047165,2.1685354385347289,3.6106001148747042,"mean centered height; standardized over kukuku, pipipi, tatata, kutapi, pitaku, takupi",identity outcome; arithmetic mean across shared sequences,3323,22,independence,robust sandwich
Figure 2,B,jaw_open_amp_median_mm,fast,Maximally fast,104.93499999999999,0,2.877890743975335,2.1622092531401416,3.5935722348105283,"mean centered height; standardized over kukuku, pipipi, tatata, kutapi, pitaku, takupi",identity outcome; arithmetic mean across shared sequences,3323,22,independence,robust sandwich
Figure 2,B,jaw_open_amp_median_mm,fast,Maximally fast,105.16083333333333,0,2.8662137112459529,2.1558409662690741,3.5765864562228318,"mean centered height; standardized over kukuku, pipipi, tatata, kutapi, pitaku, takupi",identity outcome; arithmetic mean across shared sequences,3323,22,independence,robust sandwich
Figure 2,B,jaw_open_amp_median_mm,fast,Maximally fast,105.38666666666666,0,2.8545366785165713,2.1494296269757553,3.5596437300573873,"mean centered height; standardized over kukuku, pipipi, tatata, kutapi, pitaku, takupi",identity outcome; arithmetic mean across shared sequences,3323,22,independence,robust sandwich
Figure 2,B,jaw_open_amp_median_mm,fast,Maximally fast,105.6125,0,2.8428596457871897,2.1429742635252982,3.5427450280490813,"mean centered height; standardized over kukuku, pipipi, tatata, kutapi, pitaku, takupi",identity outcome; arithmetic mean across shared sequences,3323,22,independence,robust sandwich
Figure 2,B,jaw_open_amp_median_mm,fast,Maximally fast,105.83833333333332,0,2.8311826130578082,2.1364738832149612,3.5258913429006551,"mean centered height; standardized over kukuku, pipipi, tatata, kutapi, pitaku, takupi",identity outcome; arithmetic mean across shared sequences,3323,22,independence,robust sandwich
Figure 2,B,jaw_open_amp_median_mm,fast,Maximally fast,106.06416666666667,0,2.8195055803284266,2.129927472221345,3.5090836884355081,"mean centered height; standardized over kukuku, pipipi, tatata, kutapi, pitaku, takupi",identity outcome; arithmetic mean across shared sequences,3323,22,independence,robust sandwich
Figure 2,B,jaw_open_amp_median_mm,fast,Maximally fast,106.28999999999999,0,2.807828547599045,2.1233339954761523,3.4923230997219377,"mean centered height; standardized over kukuku, pipipi, tatata, kutapi, pitaku, takupi",identity outcome; arithmetic mean across shared sequences,3323,22,independence,robust sandwich
Figure 2,B,jaw_open_amp_median_mm,fast,Maximally fast,106.51583333333332,0,2.7961515148696634,2.1166923965733582,3.4756106331659686,"mean centered height; standardized over kukuku, pipipi, tatata, kutapi, pitaku, takupi",identity outcome; arithmetic mean across shared sequences,3323,22,independence,robust sandwich
Figure 2,B,jaw_open_amp_median_mm,fast,Maximally fast,106.74166666666666,0,2.7844744821402818,2.1100015977106992,3.4589473665698645,"mean centered height; standardized over kukuku, pipipi, tatata, kutapi, pitaku, takupi",identity outcome; arithmetic mean across shared sequences,3323,22,independence,robust sandwich
Figure 2,B,jaw_open_amp_median_mm,fast,Maximally fast,106.96749999999999,0,2.772797449410902,2.1032604996686004,3.4423343991532036,"mean centered height; standardized over kukuku, pipipi, tatata, kutapi, pitaku, takupi",identity outcome; arithmetic mean across shared sequences,3323,22,independence,robust sandwich
Figure 2,B,jaw_open_amp_median_mm,fast,Maximally fast,107.19333333333333,0,2.7611204166815182,2.0964679818297505,3.4257728515332859,"mean centered height; standardized over kukuku, pipipi, tatata, kutapi, pitaku, takupi",identity outcome; arithmetic mean across shared sequences,3323,22,independence,robust sandwich
Figure 2,B,jaw_open_amp_median_mm,fast,Maximally fast,107.41916666666665,0,2.7494433839521366,2.089622902242728,3.4092638656615453,"mean centered height; standardized over kukuku, pipipi, tatata, kutapi, pitaku, takupi",identity outcome; arithmetic mean across shared sequences,3323,22,independence,robust sandwich
Figure 2,B,jaw_open_amp_median_mm,fast,Maximally fast,107.645,0,2.737766351222755,2.0827240977331156,3.3928086047123944,"mean centered height; standardized over kukuku, pipipi, tatata, kutapi, pitaku, takupi",identity outcome; arithmetic mean across shared sequences,3323,22,independence,robust sandwich
Figure 2,B,jaw_open_amp_median_mm,fast,Maximally fast,107.87083333333332,0,2.7260893184933752,2.0757703840657902,3.3764082529209603,"mean centered height; standardized over kukuku, pipipi, tatata, kutapi, pitaku, takupi",identity outcome; arithmetic mean across shared sequences,3323,22,independence,robust sandwich
Figure 2,B,jaw_open_amp_median_mm,fast,Maximally fast,108.09666666666666,0,2.7144122857639919,2.0687605561620583,3.3600640153659254,"mean centered height; standardized over kukuku, pipipi, tatata, kutapi, pitaku, takupi",identity outcome; arithmetic mean across shared sequences,3323,22,independence,robust sandwich
Figure 2,B,jaw_open_amp_median_mm,fast,Maximally fast,108.32249999999999,0,2.7027352530346103,2.0616933883755189,3.3437771176937017,"mean centered height; standardized over kukuku, pipipi, tatata, kutapi, pitaku, takupi",identity outcome; arithmetic mean across shared sequences,3323,22,independence,robust sandwich
Figure 2,B,jaw_open_amp_median_mm,fast,Maximally fast,108.54833333333332,0,2.6910582203052296,2.0545676348305224,3.3275488057799367,"mean centered height; standardized over kukuku, pipipi, tatata, kutapi, pitaku, takupi",identity outcome; arithmetic mean across shared sequences,3323,22,independence,robust sandwich
Figure 2,B,jaw_open_amp_median_mm,fast,Maximally fast,108.77416666666666,0,2.6793811875758489,2.0473820298272329,3.3113803453244648,"mean centered height; standardized over kukuku, pipipi, tatata, kutapi, pitaku, takupi",identity outcome; arithmetic mean across shared sequences,3323,22,independence,robust sandwich
Figure 2,B,jaw_open_amp_median_mm,fast,Maximally fast,108.99999999999999,0,2.6677041548464664,2.0401352883173174,3.2952730213756154,"mean centered height; standardized over kukuku, pipipi, tatata, kutapi, pitaku, takupi",identity outcome; arithmetic mean across shared sequences,3323,22,independence,robust sandwich
Figure 2,B,jaw_open_amp_median_mm,fast,Maximally fast,109.22583333333333,0,2.6560271221170835,2.0328261064543245,3.2792281377798425,"mean centered height; standardized over kukuku, pipipi, tatata, kutapi, pitaku, takupi",identity outcome; arithmetic mean across shared sequences,3323,22,independence,robust sandwich
Figure 2,B,jaw_open_amp_median_mm,fast,Maximally fast,109.45166666666665,0,2.6443500893877028,2.0254531622227612,3.2632470165526444,"mean centered height; standardized over kukuku, pipipi, tatata, kutapi, pitaku, takupi",identity outcome; arithmetic mean across shared sequences,3323,22,independence,robust sandwich
Figure 2,B,jaw_open_amp_median_mm,fast,Maximally fast,109.67749999999999,0,2.6326730566583221,2.0180151161499329,3.2473309971667113,"mean centered height; standardized over kukuku, pipipi, tatata, kutapi, pitaku, takupi",identity outcome; arithmetic mean across shared sequences,3323,22,independence,robust sandwich
Figure 2,B,jaw_open_amp_median_mm,fast,Maximally fast,109.90333333333332,0,2.6209960239289396,2.0105106121044503,3.2314814357534289,"mean centered height; standardized over kukuku, pipipi, tatata, kutapi, pitaku, takupi",identity outcome; arithmetic mean across shared sequences,3323,22,independence,robust sandwich
Figure 2,B,jaw_open_amp_median_mm,fast,Maximally fast,110.12916666666666,0,2.6093189911995571,2.0029382781852711,3.2156997042138431,"mean centered height; standardized over kukuku, pipipi, tatata, kutapi, pitaku, takupi",identity outcome; arithmetic mean across shared sequences,3323,22,independence,robust sandwich
Figure 2,B,jaw_open_amp_median_mm,fast,Maximally fast,110.35499999999999,0,2.5976419584701764,1.9952967277049556,3.1999871892353973,"mean centered height; standardized over kukuku, pipipi, tatata, kutapi, pitaku, takupi",identity outcome; arithmetic mean across shared sequences,3323,22,independence,robust sandwich
Figure 2,B,jaw_open_amp_median_mm,fast,Maximally fast,110.58083333333332,0,2.5859649257407957,1.9875845602706448,3.1843452912109464,"mean centered height; standardized over kukuku, pipipi, tatata, kutapi, pitaku, takupi",identity outcome; arithmetic mean across shared sequences,3323,22,independence,robust sandwich
Figure 2,B,jaw_open_amp_median_mm,fast,Maximally fast,110.80666666666666,0,2.5742878930114133,1.9798003629660177,3.1687754230568088,"mean centered height; standardized over kukuku, pipipi, tatata, kutapi, pitaku, takupi",identity outcome; arithmetic mean across shared sequences,3323,22,independence,robust sandwich
Figure 2,B,jaw_open_amp_median_mm,fast,Maximally fast,111.0325,0,2.5626108602820308,1.9719427116372499,3.1532790089268117,"mean centered height; standardized over kukuku, pipipi, tatata, kutapi, pitaku, takupi",identity outcome; arithmetic mean across shared sequences,3323,22,independence,robust sandwich
Figure 2,B,jaw_open_amp_median_mm,fast,Maximally fast,111.25833333333333,0,2.5509338275526501,1.964010172285521,3.1378574828197792,"mean centered height; standardized over kukuku, pipipi, tatata, kutapi, pitaku, takupi",identity outcome; arithmetic mean across shared sequences,3323,22,independence,robust sandwich
Figure 2,B,jaw_open_amp_median_mm,fast,Maximally fast,111.48416666666665,0,2.5392567948232694,1.9560013025683767,3.1225122870781621,"mean centered height; standardized over kukuku, pipipi, tatata, kutapi, pitaku, takupi",identity outcome; arithmetic mean across shared sequences,3323,22,independence,robust sandwich
Figure 2,B,jaw_open_amp_median_mm,fast,Maximally fast,111.70999999999999,0,2.5275797620938865,1.9479146534116738,3.1072448707760989,"mean centered height; standardized over kukuku, pipipi, tatata, kutapi, pitaku, takupi",identity outcome; arithmetic mean across shared sequences,3323,22,independence,robust sandwich
Figure 2,B,jaw_open_amp_median_mm,fast,Maximally fast,111.93583333333332,0,2.515902729364504,1.9397487707333765,3.0920566879956315,"mean centered height; standardized over kukuku, pipipi, tatata, kutapi, pitaku, takupi",identity outcome; arithmetic mean across shared sequences,3323,22,independence,robust sandwich
Figure 2,B,jaw_open_amp_median_mm,fast,Maximally fast,112.16166666666666,0,2.5042256966351233,1.9315021972798285,3.0769491959904181,"mean centered height; standardized over kukuku, pipipi, tatata, kutapi, pitaku, takupi",identity outcome; arithmetic mean across shared sequences,3323,22,independence,robust sandwich
Figure 2,B,jaw_open_amp_median_mm,fast,Maximally fast,112.38749999999999,0,2.4925486639057426,1.923173474574557,3.0619238532369284,"mean centered height; standardized over kukuku, pipipi, tatata, kutapi, pitaku, takupi",identity outcome; arithmetic mean across shared sequences,3323,22,independence,robust sandwich
Figure 2,B,jaw_open_amp_median_mm,fast,Maximally fast,112.61333333333332,0,2.480871631176361,1.9147611449788606,3.0469821173738616,"mean centered height; standardized over kukuku, pipipi, tatata, kutapi, pitaku, takupi",identity outcome; arithmetic mean across shared sequences,3323,22,independence,robust sandwich
Figure 2,B,jaw_open_amp_median_mm,fast,Maximally fast,112.83916666666666,0,2.4691945984469776,1.906263753862752,3.0321254430312035,"mean centered height; standardized over kukuku, pipipi, tatata, kutapi, pitaku, takupi",identity outcome; arithmetic mean across shared sequences,3323,22,independence,robust sandwich
Figure 2,B,jaw_open_amp_median_mm,fast,Maximally fast,113.065,0,2.4575175657175969,1.8976798518838947,3.0173552795512992,"mean centered height; standardized over kukuku, pipipi, tatata, kutapi, pitaku, takupi",identity outcome; arithmetic mean across shared sequences,3323,22,independence,robust sandwich
Figure 2,B,jaw_open_amp_median_mm,fast,Maximally fast,113.29083333333332,0,2.4458405329882162,1.8890079973713771,3.0026730686050556,"mean centered height; standardized over kukuku, pipipi, tatata, kutapi, pitaku, takupi",identity outcome; arithmetic mean across shared sequences,3323,22,independence,robust sandwich
Figure 2,B,jaw_open_amp_median_mm,fast,Maximally fast,113.51666666666665,0,2.4341635002588347,1.8802467588101721,2.9880802417074972,"mean centered height; standardized over kukuku, pipipi, tatata, kutapi, pitaku, takupi",identity outcome; arithmetic mean across shared sequences,3323,22,independence,robust sandwich
Figure 2,B,jaw_open_amp_median_mm,fast,Maximally fast,113.74249999999999,0,2.4224864675294508,1.8713947174211549,2.9735782176377468,"mean centered height; standardized over kukuku, pipipi, tatata, kutapi, pitaku, takupi",identity outcome; arithmetic mean across shared sequences,3323,22,independence,robust sandwich
Figure 2,B,jaw_open_amp_median_mm,fast,Maximally fast,113.96833333333332,0,2.410809434800071,1.8624504698305526,2.9591683997695895,"mean centered height; standardized over kukuku, pipipi, tatata, kutapi, pitaku, takupi",identity outcome; arithmetic mean across shared sequences,3323,22,independence,robust sandwich
Figure 2,B,jaw_open_amp_median_mm,fast,Maximally fast,114.19416666666666,0,2.3991324020706895,1.853412630821603,2.9448521733197759,"mean centered height; standardized over kukuku, pipipi, tatata, kutapi, pitaku, takupi",identity outcome; arithmetic mean across shared sequences,3323,22,independence,robust sandwich
Figure 2,B,jaw_open_amp_median_mm,fast,Maximally fast,114.41999999999999,0,2.3874553693413079,1.8442798361602168,2.9306309025223989,"mean centered height; standardized over kukuku, pipipi, tatata, kutapi, pitaku, takupi",identity outcome; arithmetic mean across shared sequences,3323,22,independence,robust sandwich
Figure 2,B,jaw_open_amp_median_mm,fast,Maximally fast,114.64583333333331,0,2.3757783366119263,1.8350507454852436,2.9165059277386089,"mean centered height; standardized over kukuku, pipipi, tatata, kutapi, pitaku, takupi",identity outcome; arithmetic mean across shared sequences,3323,22,independence,robust sandwich
Figure 2,B,jaw_open_amp_median_mm,fast,Maximally fast,114.87166666666666,0,2.3641013038825447,1.825724045253001,2.9024785625120884,"mean centered height; standardized over kukuku, pipipi, tatata, kutapi, pitaku, takupi",identity outcome; arithmetic mean across shared sequences,3323,22,independence,robust sandwich
Figure 2,B,jaw_open_amp_median_mm,fast,Maximally fast,115.0975,0,2.3524242711531631,1.8162984517245921,2.8885500905817341,"mean centered height; standardized over kukuku, pipipi, tatata, kutapi, pitaku, takupi",identity outcome; arithmetic mean across shared sequences,3323,22,independence,robust sandwich
Figure 2,B,jaw_open_amp_median_mm,fast,Maximally fast,115.32333333333332,0,2.3407472384237815,1.8067727139835748,2.8747217628639881,"mean centered height; standardized over kukuku, pipipi, tatata, kutapi, pitaku, takupi",identity outcome; arithmetic mean across shared sequences,3323,22,independence,robust sandwich
Figure 2,B,jaw_open_amp_median_mm,fast,Maximally fast,115.54916666666665,0,2.3290702056943999,1.7971456169705577,2.8609947944182421,"mean centered height; standardized over kukuku, pipipi, tatata, kutapi, pitaku, takupi",identity outcome; arithmetic mean across shared sequences,3323,22,independence,robust sandwich
Figure 2,B,jaw_open_amp_median_mm,fast,Maximally fast,115.77499999999999,0,2.3173931729650179,1.7874159845204514,2.8473703614095847,"mean centered height; standardized over kukuku, pipipi, tatata, kutapi, pitaku, takupi",identity outcome; arithmetic mean across shared sequences,3323,22,independence,robust sandwich
Figure 2,B,jaw_open_amp_median_mm,fast,Maximally fast,116.00083333333332,0,2.3057161402356363,1.7775826823872607,2.8338495980840119,"mean centered height; standardized over kukuku, pipipi, tatata, kutapi, pitaku, takupi",identity outcome; arithmetic mean across shared sequences,3323,22,independence,robust sandwich
Figure 2,B,jaw_open_amp_median_mm,fast,Maximally fast,116.22666666666666,0,2.2940391075062547,1.7676446212406265,2.8204335937718827,"mean centered height; standardized over kukuku, pipipi, tatata, kutapi, pitaku, takupi",identity outcome; arithmetic mean across shared sequences,3323,22,independence,robust sandwich
Figure 2,B,jaw_open_amp_median_mm,fast,Maximally fast,116.45249999999999,0,2.2823620747768731,1.7576007596177625,2.8071233899359838,"mean centered height; standardized over kukuku, pipipi, tatata, kutapi, pitaku, takupi",identity outcome; arithmetic mean across shared sequences,3323,22,independence,robust sandwich
Figure 2,B,jaw_open_amp_median_mm,fast,Maximally fast,116.67833333333331,0,2.2706850420474916,1.7474501068139225,2.7939199772810603,"mean centered height; standardized over kukuku, pipipi, tatata, kutapi, pitaku, takupi",identity outcome; arithmetic mean across shared sequences,3323,22,independence,robust sandwich
Figure 2,B,jaw_open_amp_median_mm,fast,Maximally fast,116.90416666666665,0,2.25900800931811,1.737191725694331,2.7808242929418889,"mean centered height; standardized over kukuku, pipipi, tatata, kutapi, pitaku, takupi",identity outcome; arithmetic mean across shared sequences,3323,22,independence,robust sandwich
Figure 2,B,jaw_open_amp_median_mm,fast,Maximally fast,117.13,0,2.2473309765887284,1.7268247354103128,2.767837217767144,"mean centered height; standardized over kukuku, pipipi, tatata, kutapi, pitaku, takupi",identity outcome; arithmetic mean across shared sequences,3323,22,independence,robust sandwich
Figure 2,B,jaw_open_amp_median_mm,fast,Maximally fast,117.35583333333332,0,2.2356539438593468,1.7163483140023885,2.7549595737163051,"mean centered height; standardized over kukuku, pipipi, tatata, kutapi, pitaku, takupi",identity outcome; arithmetic mean across shared sequences,3323,22,independence,robust sandwich
Figure 2,B,jaw_open_amp_median_mm,fast,Maximally fast,117.58166666666665,0,2.2239769111299652,1.7057617008733832,2.7421921213865472,"mean centered height; standardized over kukuku, pipipi, tatata, kutapi, pitaku, takupi",identity outcome; arithmetic mean across shared sequences,3323,22,independence,robust sandwich
Figure 2,B,jaw_open_amp_median_mm,fast,Maximally fast,117.80749999999999,0,2.2122998784005836,1.6950641991149122,2.7295355576862548,"mean centered height; standardized over kukuku, pipipi, tatata, kutapi, pitaku, takupi",identity outcome; arithmetic mean across shared sequences,3323,22,independence,robust sandwich
Figure 2,B,jaw_open_amp_median_mm,fast,Maximally fast,118.03333333333332,0,2.2006228456712038,1.6842551776713182,2.7169905136710897,"mean centered height; standardized over kukuku, pipipi, tatata, kutapi, pitaku, takupi",identity outcome; arithmetic mean across shared sequences,3323,22,independence,robust sandwich
Figure 2,B,jaw_open_amp_median_mm,fast,Maximally fast,118.25916666666666,0,2.18894581294182,1.6733340733257926,2.7045575525578474,"mean centered height; standardized over kukuku, pipipi, tatata, kutapi, pitaku, takupi",identity outcome; arithmetic mean across shared sequences,3323,22,independence,robust sandwich
Figure 2,B,jaw_open_amp_median_mm,fast,Maximally fast,118.48499999999999,0,2.1772687802124384,1.6623003924945237,2.6922371679303532,"mean centered height; standardized over kukuku, pipipi, tatata, kutapi, pitaku, takupi",identity outcome; arithmetic mean across shared sequences,3323,22,independence,robust sandwich
Figure 2,B,jaw_open_amp_median_mm,fast,Maximally fast,118.71083333333333,0,2.1655917474830568,1.651153712815703,2.6800297821504104,"mean centered height; standardized over kukuku, pipipi, tatata, kutapi, pitaku, takupi",identity outcome; arithmetic mean across shared sequences,3323,22,independence,robust sandwich
Figure 2,B,jaw_open_amp_median_mm,fast,Maximally fast,118.93666666666665,0,2.153914714753677,1.6398936845217214,2.6679357449856327,"mean centered height; standardized over kukuku, pipipi, tatata, kutapi, pitaku, takupi",identity outcome; arithmetic mean across shared sequences,3323,22,independence,robust sandwich
Figure 2,B,jaw_open_amp_median_mm,fast,Maximally fast,119.16249999999999,0,2.1422376820242937,1.6285200315841606,2.6559553324644267,"mean centered height; standardized over kukuku, pipipi, tatata, kutapi, pitaku, takupi",identity outcome; arithmetic mean across shared sequences,3323,22,independence,robust sandwich
Figure 2,B,jaw_open_amp_median_mm,fast,Maximally fast,119.38833333333332,0,2.1305606492949121,1.6170325526230416,2.6440887459667826,"mean centered height; standardized over kukuku, pipipi, tatata, kutapi, pitaku, takupi",identity outcome; arithmetic mean across shared sequences,3323,22,independence,robust sandwich
Figure 2,B,jaw_open_amp_median_mm,fast,Maximally fast,119.61416666666665,0,2.1188836165655314,1.6054311215732184,2.6323361115578443,"mean centered height; standardized over kukuku, pipipi, tatata, kutapi, pitaku, takupi",identity outcome; arithmetic mean across shared sequences,3323,22,independence,robust sandwich
Figure 2,B,jaw_open_amp_median_mm,fast,Maximally fast,119.83999999999999,0,2.1072065838361507,1.5937156881029098,2.6206974795693916,"mean centered height; standardized over kukuku, pipipi, tatata, kutapi, pitaku, takupi",identity outcome; arithmetic mean across shared sequences,3323,22,independence,robust sandwich
Figure 2,B,jaw_open_amp_median_mm,fast,Maximally fast,120.06583333333332,0,2.0955295511067678,1.5818862777810891,2.6091728244324464,"mean centered height; standardized over kukuku, pipipi, tatata, kutapi, pitaku, takupi",identity outcome; arithmetic mean across shared sequences,3323,22,independence,robust sandwich
Figure 2,B,jaw_open_amp_median_mm,fast,Maximally fast,120.29166666666666,0,2.0838525183773853,1.5699429919924373,2.5977620447623333,"mean centered height; standardized over kukuku, pipipi, tatata, kutapi, pitaku, takupi",identity outcome; arithmetic mean across shared sequences,3323,22,independence,robust sandwich
Figure 2,B,jaw_open_amp_median_mm,fast,Maximally fast,120.51749999999998,0,2.0721754856480046,1.5578860076004926,2.5864649636955166,"mean centered height; standardized over kukuku, pipipi, tatata, kutapi, pitaku, takupi",identity outcome; arithmetic mean across shared sequences,3323,22,independence,robust sandwich
Figure 2,B,jaw_open_amp_median_mm,fast,Maximally fast,120.74333333333333,0,2.0604984529186239,1.5457155763616639,2.5752813294755841,"mean centered height; standardized over kukuku, pipipi, tatata, kutapi, pitaku, takupi",identity outcome; arithmetic mean across shared sequences,3323,22,independence,robust sandwich
Figure 2,B,jaw_open_amp_median_mm,fast,Maximally fast,120.96916666666665,0,2.0488214201892414,1.533432024094572,2.5642108162839108,"mean centered height; standardized over kukuku, pipipi, tatata, kutapi, pitaku, takupi",identity outcome; arithmetic mean across shared sequences,3323,22,independence,robust sandwich
Figure 2,B,jaw_open_amp_median_mm,fast,Maximally fast,121.19499999999999,0,2.0371443874598589,1.5210357496111075,2.5532530253086101,"mean centered height; standardized over kukuku, pipipi, tatata, kutapi, pitaku, takupi",identity outcome; arithmetic mean across shared sequences,3323,22,independence,robust sandwich
Figure 2,B,jaw_open_amp_median_mm,fast,Maximally fast,121.42083333333332,0,2.0254673547304782,1.5085272234173295,2.542407486043627,"mean centered height; standardized over kukuku, pipipi, tatata, kutapi, pitaku, takupi",identity outcome; arithmetic mean across shared sequences,3323,22,independence,robust sandwich
Figure 2,B,jaw_open_amp_median_mm,fast,Maximally fast,121.64666666666665,0,2.0137903220010975,1.4959069861939751,2.53167365780822,"mean centered height; standardized over kukuku, pipipi, tatata, kutapi, pitaku, takupi",identity outcome; arithmetic mean across shared sequences,3323,22,independence,robust sandwich
Figure 2,B,jaw_open_amp_median_mm,fast,Maximally fast,121.87249999999999,0,2.0021132892717151,1.4831756470678918,2.5210509314755383,"mean centered height; standardized over kukuku, pipipi, tatata, kutapi, pitaku, takupi",identity outcome; arithmetic mean across shared sequences,3323,22,independence,robust sandwich
Figure 2,B,jaw_open_amp_median_mm,fast,Maximally fast,122.09833333333333,0,1.9904362565423324,1.4703338816870422,2.5105386313976226,"mean centered height; standardized over kukuku, pipipi, tatata, kutapi, pitaku, takupi",identity outcome; arithmetic mean across shared sequences,3323,22,independence,robust sandwich
Figure 2,B,jaw_open_amp_median_mm,fast,Maximally fast,122.32416666666666,0,1.9787592238129517,1.4573824301129901,2.5001360175129133,"mean centered height; standardized over kukuku, pipipi, tatata, kutapi, pitaku, takupi",identity outcome; arithmetic mean across shared sequences,3323,22,independence,robust sandwich
Figure 2,B,jaw_open_amp_median_mm,fast,Maximally fast,122.54999999999998,0,1.967082191083571,1.4443220945456938,2.4898422876214479,"mean centered height; standardized over kukuku, pipipi, tatata, kutapi, pitaku, takupi",identity outcome; arithmetic mean across shared sequences,3323,22,independence,robust sandwich
Figure 2,B,jaw_open_amp_median_mm,fast,Maximally fast,122.77583333333332,0,1.9554051583541883,1.4311537368964842,2.4796565798118921,"mean centered height; standardized over kukuku, pipipi, tatata, kutapi, pitaku, takupi",identity outcome; arithmetic mean across shared sequences,3323,22,independence,robust sandwich
Figure 2,B,jaw_open_amp_median_mm,fast,Maximally fast,123.00166666666665,0,1.9437281256248058,1.4178782762255209,2.4695779750240909,"mean centered height; standardized over kukuku, pipipi, tatata, kutapi, pitaku, takupi",identity outcome; arithmetic mean across shared sequences,3323,22,independence,robust sandwich
Figure 2,B,jaw_open_amp_median_mm,fast,Maximally fast,123.22749999999999,0,1.9320510928954251,1.404496686060666,2.4596054997301842,"mean centered height; standardized over kukuku, pipipi, tatata, kutapi, pitaku, takupi",identity outcome; arithmetic mean across shared sequences,3323,22,independence,robust sandwich
Figure 2,B,jaw_open_amp_median_mm,fast,Maximally fast,123.45333333333332,0,1.9203740601660444,1.3910099916149252,2.4497381287171636,"mean centered height; standardized over kukuku, pipipi, tatata, kutapi, pitaku, takupi",identity outcome; arithmetic mean across shared sequences,3323,22,independence,robust sandwich
Figure 2,B,jaw_open_amp_median_mm,fast,Maximally fast,123.67916666666665,0,1.9086970274366628,1.3774192669197109,2.4399747879536147,"mean centered height; standardized over kukuku, pipipi, tatata, kutapi, pitaku, takupi",identity outcome; arithmetic mean across shared sequences,3323,22,independence,robust sandwich
Figure 2,B,jaw_open_amp_median_mm,fast,Maximally fast,123.90499999999999,0,1.8970199947072792,1.363725631891096,2.4303143575234625,"mean centered height; standardized over kukuku, pipipi, tatata, kutapi, pitaku, takupi",identity outcome; arithmetic mean across shared sequences,3323,22,independence,robust sandwich
Figure 2,B,jaw_open_amp_median_mm,fast,Maximally fast,124.13083333333333,0,1.8853429619778985,1.3499302493460248,2.4207556746097723,"mean centered height; standardized over kukuku, pipipi, tatata, kutapi, pitaku, takupi",identity outcome; arithmetic mean across shared sequences,3323,22,independence,robust sandwich
Figure 2,B,jaw_open_amp_median_mm,fast,Maximally fast,124.35666666666665,0,1.8736659292485178,1.3360343219849367,2.411297536512099,"mean centered height; standardized over kukuku, pipipi, tatata, kutapi, pitaku, takupi",identity outcome; arithmetic mean across shared sequences,3323,22,independence,robust sandwich
Figure 2,B,jaw_open_amp_median_mm,fast,Maximally fast,124.58249999999998,0,1.8619888965191362,1.3220390893569181,2.4019387036813544,"mean centered height; standardized over kukuku, pipipi, tatata, kutapi, pitaku, takupi",identity outcome; arithmetic mean across shared sequences,3323,22,independence,robust sandwich
Figure 2,B,jaw_open_amp_median_mm,fast,Maximally fast,124.80833333333332,0,1.8503118637897527,1.307945824822609,2.3926779027568963,"mean centered height; standardized over kukuku, pipipi, tatata, kutapi, pitaku, takupi",identity outcome; arithmetic mean across shared sequences,3323,22,independence,robust sandwich
Figure 2,B,jaw_open_amp_median_mm,fast,Maximally fast,125.03416666666665,0,1.8386348310603728,1.2937558325295133,2.3835138295912324,"mean centered height; standardized over kukuku, pipipi, tatata, kutapi, pitaku, takupi",identity outcome; arithmetic mean across shared sequences,3323,22,independence,robust sandwich
Figure 2,B,jaw_open_amp_median_mm,fast,Maximally fast,125.25999999999999,0,1.8269577983309913,1.2794704444133171,2.3744451522486654,"mean centered height; standardized over kukuku, pipipi, tatata, kutapi, pitaku, takupi",identity outcome; arithmetic mean across shared sequences,3323,22,independence,robust sandwich
Figure 2,B,jaw_open_amp_median_mm,fast,Maximally fast,125.48583333333332,0,1.8152807656016097,1.2650910172381447,2.3654705139650747,"mean centered height; standardized over kukuku, pipipi, tatata, kutapi, pitaku, takupi",identity outcome; arithmetic mean across shared sequences,3323,22,independence,robust sandwich
Figure 2,B,jaw_open_amp_median_mm,fast,Maximally fast,125.71166666666664,0,1.8036037328722281,1.2506189296873469,2.3565885360571093,"mean centered height; standardized over kukuku, pipipi, tatata, kutapi, pitaku, takupi",identity outcome; arithmetic mean across shared sequences,3323,22,independence,robust sandwich
Figure 2,B,jaw_open_amp_median_mm,fast,Maximally fast,125.93749999999999,0,1.7919267001428465,1.2360555795156922,2.3477978207700008,"mean centered height; standardized over kukuku, pipipi, tatata, kutapi, pitaku, takupi",identity outcome; arithmetic mean across shared sequences,3323,22,independence,robust sandwich
Figure 2,B,jaw_open_amp_median_mm,fast,Maximally fast,126.16333333333333,0,1.7802496674134647,1.2214023807726058,2.3390969540543236,"mean centered height; standardized over kukuku, pipipi, tatata, kutapi, pitaku, takupi",identity outcome; arithmetic mean across shared sequences,3323,22,independence,robust sandwich
Figure 2,B,jaw_open_amp_median_mm,fast,Maximally fast,126.38916666666665,0,1.7685726346840831,1.2066607611050397,2.3304845082631265,"mean centered height; standardized over kukuku, pipipi, tatata, kutapi, pitaku, takupi",identity outcome; arithmetic mean across shared sequences,3323,22,independence,robust sandwich
Figure 2,B,jaw_open_amp_median_mm,fast,Maximally fast,126.61499999999998,0,1.7568956019547015,1.1918321591475567,2.3219590447618463,"mean centered height; standardized over kukuku, pipipi, tatata, kutapi, pitaku, takupi",identity outcome; arithmetic mean across shared sequences,3323,22,independence,robust sandwich
Figure 2,B,jaw_open_amp_median_mm,fast,Maximally fast,126.84083333333332,0,1.7452185692253199,1.1769180220060591,2.3135191164445805,"mean centered height; standardized over kukuku, pipipi, tatata, kutapi, pitaku, takupi",identity outcome; arithmetic mean across shared sequences,3323,22,independence,robust sandwich
Figure 2,B,jaw_open_amp_median_mm,fast,Maximally fast,127.06666666666666,0,1.7335415364959381,1.1619198028406696,2.3051632701512066,"mean centered height; standardized over kukuku, pipipi, tatata, kutapi, pitaku, takupi",identity outcome; arithmetic mean across shared sequences,3323,22,independence,robust sandwich
Figure 2,B,jaw_open_amp_median_mm,fast,Maximally fast,127.29249999999999,0,1.7218645037665565,1.146838958552181,2.2968900489809321,"mean centered height; standardized over kukuku, pipipi, tatata, kutapi, pitaku, takupi",identity outcome; arithmetic mean across shared sequences,3323,22,independence,robust sandwich
Figure 2,B,jaw_open_amp_median_mm,fast,Maximally fast,127.51833333333332,0,1.7101874710371749,1.1316769475755639,2.288697994498786,"mean centered height; standardized over kukuku, pipipi, tatata, kutapi, pitaku, takupi",identity outcome; arithmetic mean across shared sequences,3323,22,independence,robust sandwich
Figure 2,B,jaw_open_amp_median_mm,fast,Maximally fast,127.74416666666664,0,1.6985104383077934,1.1164352277831946,2.2805856488323921,"mean centered height; standardized over kukuku, pipipi, tatata, kutapi, pitaku, takupi",identity outcome; arithmetic mean across shared sequences,3323,22,independence,robust sandwich
Figure 2,B,jaw_open_amp_median_mm,fast,Maximally fast,127.96999999999998,0,1.6868334055784118,1.1011152544994305,2.2725515566573931,"mean centered height; standardized over kukuku, pipipi, tatata, kutapi, pitaku, takupi",identity outcome; arithmetic mean across shared sequences,3323,22,independence,robust sandwich
Figure 2,B,jaw_open_amp_median_mm,fast,Maximally fast,128.19583333333333,0,1.67515637284903,1.0857184786275949,2.2645942670704651,"mean centered height; standardized over kukuku, pipipi, tatata, kutapi, pitaku, takupi",identity outcome; arithmetic mean across shared sequences,3323,22,independence,robust sandwich
Figure 2,B,jaw_open_amp_median_mm,fast,Maximally fast,128.42166666666665,0,1.6634793401196484,1.0702463448895154,2.2567123353497811,"mean centered height; standardized over kukuku, pipipi, tatata, kutapi, pitaku, takupi",identity outcome; arithmetic mean across shared sequences,3323,22,independence,robust sandwich
Figure 2,B,jaw_open_amp_median_mm,fast,Maximally fast,128.64749999999998,0,1.6518023073902668,1.0547002901771898,2.2489043246033438,"mean centered height; standardized over kukuku, pipipi, tatata, kutapi, pitaku, takupi",identity outcome; arithmetic mean across shared sequences,3323,22,independence,robust sandwich
Figure 2,B,jaw_open_amp_median_mm,fast,Maximally fast,128.87333333333333,0,1.6401252746608852,1.039081742015511,2.2411688073062592,"mean centered height; standardized over kukuku, pipipi, tatata, kutapi, pitaku, takupi",identity outcome; arithmetic mean across shared sequences,3323,22,independence,robust sandwich
Figure 2,B,jaw_open_amp_median_mm,fast,Maximally fast,129.09916666666666,0,1.6284482419315034,1.0233921171344469,2.2335043667285599,"mean centered height; standardized over kukuku, pipipi, tatata, kutapi, pitaku, takupi",identity outcome; arithmetic mean across shared sequences,3323,22,independence,robust sandwich
Figure 2,B,jaw_open_amp_median_mm,fast,Maximally fast,129.32499999999999,0,1.6167712092021218,1.0076328201485936,2.22590959825565,"mean centered height; standardized over kukuku, pipipi, tatata, kutapi, pitaku, takupi",identity outcome; arithmetic mean across shared sequences,3323,22,independence,robust sandwich
Figure 2,B,jaw_open_amp_median_mm,fast,Maximally fast,129.55083333333332,0,1.6050941764727402,0.99180524234159284,2.2183831106038876,"mean centered height; standardized over kukuku, pipipi, tatata, kutapi, pitaku, takupi",identity outcome; arithmetic mean across shared sequences,3323,22,independence,robust sandwich
Figure 2,B,jaw_open_amp_median_mm,fast,Maximally fast,129.77666666666664,0,1.5934171437433595,0.97591076055254133,2.2109235269341778,"mean centered height; standardized over kukuku, pipipi, tatata, kutapi, pitaku, takupi",identity outcome; arithmetic mean across shared sequences,3323,22,independence,robust sandwich
Figure 2,B,jaw_open_amp_median_mm,fast,Maximally fast,130.0025,0,1.581740111013977,0.95995073616121351,2.2035294858667407,"mean centered height; standardized over kukuku, pipipi, tatata, kutapi, pitaku, takupi",identity outcome; arithmetic mean across shared sequences,3323,22,independence,robust sandwich
Figure 2,B,jaw_open_amp_median_mm,fast,Maximally fast,130.22833333333332,0,1.5700630782845952,0.94392651416869511,2.1961996424004955,"mean centered height; standardized over kukuku, pipipi, tatata, kutapi, pitaku, takupi",identity outcome; arithmetic mean across shared sequences,3323,22,independence,robust sandwich
Figure 2,B,jaw_open_amp_median_mm,fast,Maximally fast,130.45416666666665,0,1.5583860455552137,0.92783942236971328,2.1889326687407138,"mean centered height; standardized over kukuku, pipipi, tatata, kutapi, pitaku, takupi",identity outcome; arithmetic mean across shared sequences,3323,22,independence,robust sandwich
Figure 2,B,jaw_open_amp_median_mm,fast,Maximally fast,130.67999999999998,0,1.546709012825833,0.91169077061297699,2.1817272550386888,"mean centered height; standardized over kukuku, pipipi, tatata, kutapi, pitaku, takupi",identity outcome; arithmetic mean across shared sequences,3323,22,independence,robust sandwich
Figure 2,B,jaw_open_amp_median_mm,fast,Maximally fast,130.90583333333331,0,1.5350319800964523,0.89548185014550874,2.1745821100473957,"mean centered height; standardized over kukuku, pipipi, tatata, kutapi, pitaku, takupi",identity outcome; arithmetic mean across shared sequences,3323,22,independence,robust sandwich
Figure 2,B,jaw_open_amp_median_mm,fast,Maximally fast,131.13166666666666,0,1.5233549473670689,0.87921393303703177,2.1674959616971061,"mean centered height; standardized over kukuku, pipipi, tatata, kutapi, pitaku, takupi",identity outcome; arithmetic mean across shared sequences,3323,22,independence,robust sandwich
Figure 2,B,jaw_open_amp_median_mm,fast,Maximally fast,131.35749999999999,0,1.5116779146376871,0.86288827168037041,2.1604675575950036,"mean centered height; standardized over kukuku, pipipi, tatata, kutapi, pitaku, takupi",identity outcome; arithmetic mean across shared sequences,3323,22,independence,robust sandwich
Figure 2,B,jaw_open_amp_median_mm,fast,Maximally fast,131.58333333333331,0,1.5000008819083064,0.84650609836376112,2.1534956654528514,"mean centered height; standardized over kukuku, pipipi, tatata, kutapi, pitaku, takupi",identity outcome; arithmetic mean across shared sequences,3323,22,independence,robust sandwich
Figure 2,B,jaw_open_amp_median_mm,fast,Maximally fast,131.80916666666664,0,1.4883238491789257,0.830068624911109,2.1465790734467425,"mean centered height; standardized over kukuku, pipipi, tatata, kutapi, pitaku, takupi",identity outcome; arithmetic mean across shared sequences,3323,22,independence,robust sandwich
Figure 2,B,jaw_open_amp_median_mm,fast,Maximally fast,132.03499999999997,0,1.4766468164495441,0.81357704238612549,2.1397165905129629,"mean centered height; standardized over kukuku, pipipi, tatata, kutapi, pitaku, takupi",identity outcome; arithmetic mean across shared sequences,3323,22,independence,robust sandwich
Figure 2,B,jaw_open_amp_median_mm,fast,Maximally fast,132.26083333333332,0,1.4649697837201605,0.79703252085646137,2.1329070465838598,"mean centered height; standardized over kukuku, pipipi, tatata, kutapi, pitaku, takupi",identity outcome; arithmetic mean across shared sequences,3323,22,independence,robust sandwich
Figure 2,B,jaw_open_amp_median_mm,fast,Maximally fast,132.48666666666665,0,1.4532927509907798,0.78043620921394541,2.1261492927676144,"mean centered height; standardized over kukuku, pipipi, tatata, kutapi, pitaku, takupi",identity outcome; arithmetic mean across shared sequences,3323,22,independence,robust sandwich
Figure 2,B,jaw_open_amp_median_mm,fast,Maximally fast,132.71249999999998,0,1.4416157182613991,0.76378923504714558,2.1194422014756524,"mean centered height; standardized over kukuku, pipipi, tatata, kutapi, pitaku, takupi",identity outcome; arithmetic mean across shared sequences,3323,22,independence,robust sandwich
Figure 2,B,jaw_open_amp_median_mm,fast,Maximally fast,132.93833333333333,0,1.4299386855320158,0.74709270456264221,2.1127846665013892,"mean centered height; standardized over kukuku, pipipi, tatata, kutapi, pitaku, takupi",identity outcome; arithmetic mean across shared sequences,3323,22,independence,robust sandwich
Figure 2,B,jaw_open_amp_median_mm,fast,Maximally fast,133.16416666666666,0,1.4182616528026342,0.73034770255148629,2.1061756030537819,"mean centered height; standardized over kukuku, pipipi, tatata, kutapi, pitaku, takupi",identity outcome; arithmetic mean across shared sequences,3323,22,independence,robust sandwich
Figure 2,B,jaw_open_amp_median_mm,fast,Maximally fast,133.38999999999999,0,1.4065846200732535,0.7135552923973244,2.0996139477491824,"mean centered height; standardized over kukuku, pipipi, tatata, kutapi, pitaku, takupi",identity outcome; arithmetic mean across shared sequences,3323,22,independence,robust sandwich
Figure 2,C,audio_mod_dom_hz,normal,Habitual,92.739999999999995,0,3.3676329122742525,3.1040596278165138,3.6312061967319913,"mean centered height; standardized over kukuku, pipipi, tatata, kutapi, pitaku, takupi",identity outcome; arithmetic mean across shared sequences,5572,23,independence,robust sandwich
Figure 2,C,audio_mod_dom_hz,normal,Habitual,92.965833333333322,0,3.3628419641688114,3.1018332242672519,3.6238507040703709,"mean centered height; standardized over kukuku, pipipi, tatata, kutapi, pitaku, takupi",identity outcome; arithmetic mean across shared sequences,5572,23,independence,robust sandwich
Figure 2,C,audio_mod_dom_hz,normal,Habitual,93.191666666666663,0,3.3580510160633699,3.0995984592486576,3.6165035728780821,"mean centered height; standardized over kukuku, pipipi, tatata, kutapi, pitaku, takupi",identity outcome; arithmetic mean across shared sequences,5572,23,independence,robust sandwich
Figure 2,C,audio_mod_dom_hz,normal,Habitual,93.41749999999999,0,3.3532600679579283,3.0973550821975371,3.6091650537183195,"mean centered height; standardized over kukuku, pipipi, tatata, kutapi, pitaku, takupi",identity outcome; arithmetic mean across shared sequences,5572,23,independence,robust sandwich
Figure 2,C,audio_mod_dom_hz,normal,Habitual,93.643333333333331,0,3.3484691198524867,3.0951028333345452,3.6018354063704283,"mean centered height; standardized over kukuku, pipipi, tatata, kutapi, pitaku, takupi",identity outcome; arithmetic mean across shared sequences,5572,23,independence,robust sandwich
Figure 2,C,audio_mod_dom_hz,normal,Habitual,93.869166666666658,0,3.3436781717470456,3.0928414432867597,3.5945149002073316,"mean centered height; standardized over kukuku, pipipi, tatata, kutapi, pitaku, takupi",identity outcome; arithmetic mean across shared sequences,5572,23,independence,robust sandwich
Figure 2,C,audio_mod_dom_hz,normal,Habitual,94.094999999999999,0,3.3388872236416041,3.0905706326950284,3.5872038145881797,"mean centered height; standardized over kukuku, pipipi, tatata, kutapi, pitaku, takupi",identity outcome; arithmetic mean across shared sequences,5572,23,independence,robust sandwich
Figure 2,C,audio_mod_dom_hz,normal,Habitual,94.320833333333326,0,3.3340962755361625,3.0882901118056729,3.5799024392666521,"mean centered height; standardized over kukuku, pipipi, tatata, kutapi, pitaku, takupi",identity outcome; arithmetic mean across shared sequences,5572,23,independence,robust sandwich
Figure 2,C,audio_mod_dom_hz,normal,Habitual,94.546666666666667,0,3.3293053274307214,3.0859995800461326,3.5726110748153102,"mean centered height; standardized over kukuku, pipipi, tatata, kutapi, pitaku, takupi",identity outcome; arithmetic mean across shared sequences,5572,23,independence,robust sandwich
Figure 2,C,audio_mod_dom_hz,normal,Habitual,94.772499999999994,0,3.3245143793252798,3.0836987255841901,3.5653300330663695,"mean centered height; standardized over kukuku, pipipi, tatata, kutapi, pitaku, takupi",identity outcome; arithmetic mean across shared sequences,5572,23,independence,robust sandwich
Figure 2,C,audio_mod_dom_hz,normal,Habitual,94.998333333333335,0,3.3197234312198383,3.081387224870435,3.5580596375692415,"mean centered height; standardized over kukuku, pipipi, tatata, kutapi, pitaku, takupi",identity outcome; arithmetic mean across shared sequences,5572,23,independence,robust sandwich
Figure 2,C,audio_mod_dom_hz,normal,Habitual,95.224166666666662,0,3.3149324831143971,3.0790647421636601,3.5508002240651342,"mean centered height; standardized over kukuku, pipipi, tatata, kutapi, pitaku, takupi",identity outcome; arithmetic mean across shared sequences,5572,23,independence,robust sandwich
Figure 2,C,audio_mod_dom_hz,normal,Habitual,95.449999999999989,0,3.3101415350089556,3.0767309290389511,3.5435521409789601,"mean centered height; standardized over kukuku, pipipi, tatata, kutapi, pitaku, takupi",identity outcome; arithmetic mean across shared sequences,5572,23,independence,robust sandwich
Figure 2,C,audio_mod_dom_hz,normal,Habitual,95.67583333333333,0,3.305350586903514,3.0743854238782924,3.5363157499287357,"mean centered height; standardized over kukuku, pipipi, tatata, kutapi, pitaku, takupi",identity outcome; arithmetic mean across shared sequences,5572,23,independence,robust sandwich
Figure 2,C,audio_mod_dom_hz,normal,Habitual,95.901666666666657,0,3.3005596387980733,3.0720278513435666,3.5290914262525801,"mean centered height; standardized over kukuku, pipipi, tatata, kutapi, pitaku, takupi",identity outcome; arithmetic mean across shared sequences,5572,23,independence,robust sandwich
Figure 2,C,audio_mod_dom_hz,normal,Habitual,96.127499999999998,0,3.2957686906926313,3.069657821831937,3.5218795595533257,"mean centered height; standardized over kukuku, pipipi, tatata, kutapi, pitaku, takupi",identity outcome; arithmetic mean across shared sequences,5572,23,independence,robust sandwich
Figure 2,C,audio_mod_dom_hz,normal,Habitual,96.353333333333325,0,3.2909777425871898,3.0672749309136971,3.5146805542606825,"mean centered height; standardized over kukuku, pipipi, tatata, kutapi, pitaku, takupi",identity outcome; arithmetic mean across shared sequences,5572,23,independence,robust sandwich
Figure 2,C,audio_mod_dom_hz,normal,Habitual,96.579166666666666,0,3.2861867944817482,3.0648787587527755,3.5074948302107209,"mean centered height; standardized over kukuku, pipipi, tatata, kutapi, pitaku, takupi",identity outcome; arithmetic mean across shared sequences,5572,23,independence,robust sandwich
Figure 2,C,audio_mod_dom_hz,normal,Habitual,96.804999999999993,0,3.2813958463763075,3.0624688695102571,3.500322823242358,"mean centered height; standardized over kukuku, pipipi, tatata, kutapi, pitaku, takupi",identity outcome; arithmetic mean across shared sequences,5572,23,independence,robust sandwich
Figure 2,C,audio_mod_dom_hz,normal,Habitual,97.030833333333334,0,3.2766048982708655,3.0600448107313984,3.4931649858103326,"mean centered height; standardized over kukuku, pipipi, tatata, kutapi, pitaku, takupi",identity outcome; arithmetic mean across shared sequences,5572,23,independence,robust sandwich
Figure 2,C,audio_mod_dom_hz,normal,Habitual,97.256666666666661,0,3.271813950165424,3.0576061127168437,3.4860217876140043,"mean centered height; standardized over kukuku, pipipi, tatata, kutapi, pitaku, takupi",identity outcome; arithmetic mean across shared sequences,5572,23,independence,robust sandwich
Figure 2,C,audio_mod_dom_hz,normal,Habitual,97.482499999999987,0,3.2670230020599829,3.0551522878789172,3.4788937162410485,"mean centered height; standardized over kukuku, pipipi, tatata, kutapi, pitaku, takupi",identity outcome; arithmetic mean across shared sequences,5572,23,independence,robust sandwich
Figure 2,C,audio_mod_dom_hz,normal,Habitual,97.708333333333329,0,3.2622320539545422,3.0526828300841249,3.4717812778249595,"mean centered height; standardized over kukuku, pipipi, tatata, kutapi, pitaku, takupi",identity outcome; arithmetic mean across shared sequences,5572,23,independence,robust sandwich
Figure 2,C,audio_mod_dom_hz,normal,Habitual,97.934166666666655,0,3.2574411058491002,3.0501972139832714,3.464684997714929,"mean centered height; standardized over kukuku, pipipi, tatata, kutapi, pitaku, takupi",identity outcome; arithmetic mean across shared sequences,5572,23,independence,robust sandwich
Figure 2,C,audio_mod_dom_hz,normal,Habitual,98.159999999999997,0,3.2526501577436586,3.0476948943308875,3.4576054211564298,"mean centered height; standardized over kukuku, pipipi, tatata, kutapi, pitaku, takupi",identity outcome; arithmetic mean across shared sequences,5572,23,independence,robust sandwich
Figure 2,C,audio_mod_dom_hz,normal,Habitual,98.385833333333323,0,3.2478592096382175,3.0451753052960044,3.4505431139804306,"mean centered height; standardized over kukuku, pipipi, tatata, kutapi, pitaku, takupi",identity outcome; arithmetic mean across shared sequences,5572,23,independence,robust sandwich
Figure 2,C,audio_mod_dom_hz,normal,Habitual,98.611666666666665,0,3.2430682615327764,3.0426378597667014,3.4434986632988513,"mean centered height; standardized over kukuku, pipipi, tatata, kutapi, pitaku, takupi",identity outcome; arithmetic mean across shared sequences,5572,23,independence,robust sandwich
Figure 2,C,audio_mod_dom_hz,normal,Habitual,98.837499999999991,0,3.2382773134273344,3.0400819486512658,3.436472678203403,"mean centered height; standardized over kukuku, pipipi, tatata, kutapi, pitaku, takupi",identity outcome; arithmetic mean across shared sequences,5572,23,independence,robust sandwich
Figure 2,C,audio_mod_dom_hz,normal,Habitual,99.063333333333333,0,3.2334863653218928,3.0375069401792794,3.4294657904645063,"mean centered height; standardized over kukuku, pipipi, tatata, kutapi, pitaku, takupi",identity outcome; arithmetic mean across shared sequences,5572,23,independence,robust sandwich
Figure 2,C,audio_mod_dom_hz,normal,Habitual,99.289166666666659,0,3.2286954172164517,3.0349121792064482,3.4224786552264552,"mean centered height; standardized over kukuku, pipipi, tatata, kutapi, pitaku, takupi",identity outcome; arithmetic mean across shared sequences,5572,23,independence,robust sandwich
Figure 2,C,audio_mod_dom_hz,normal,Habitual,99.514999999999986,0,3.2239044691110106,3.0322969865275895,3.4155119516944317,"mean centered height; standardized over kukuku, pipipi, tatata, kutapi, pitaku, takupi",identity outcome; arithmetic mean across shared sequences,5572,23,independence,robust sandwich
Figure 2,C,audio_mod_dom_hz,normal,Habitual,99.740833333333327,0,3.219113521005569,3.029660658202781,3.4085663838083571,"mean centered height; standardized over kukuku, pipipi, tatata, kutapi, pitaku, takupi",identity outcome; arithmetic mean across shared sequences,5572,23,independence,robust sandwich
Figure 2,C,audio_mod_dom_hz,normal,Habitual,99.966666666666654,0,3.214322572900127,3.0270024649023739,3.4016426808978801,"mean centered height; standardized over kukuku, pipipi, tatata, kutapi, pitaku, takupi",identity outcome; arithmetic mean across shared sequences,5572,23,independence,robust sandwich
Figure 2,C,audio_mod_dom_hz,normal,Habitual,100.1925,0,3.2095316247946859,3.0243216512773023,3.3947415983120695,"mean centered height; standardized over kukuku, pipipi, tatata, kutapi, pitaku, takupi",identity outcome; arithmetic mean across shared sequences,5572,23,independence,robust sandwich
Figure 2,C,audio_mod_dom_hz,normal,Habitual,100.41833333333332,0,3.2047406766892448,3.0216174353619039,3.3878639180165857,"mean centered height; standardized over kukuku, pipipi, tatata, kutapi, pitaku, takupi",identity outcome; arithmetic mean across shared sequences,5572,23,independence,robust sandwich
Figure 2,C,audio_mod_dom_hz,normal,Habitual,100.64416666666666,0,3.1999497285838032,3.0188890080173176,3.3810104491502888,"mean centered height; standardized over kukuku, pipipi, tatata, kutapi, pitaku, takupi",identity outcome; arithmetic mean across shared sequences,5572,23,independence,robust sandwich
Figure 2,C,audio_mod_dom_hz,normal,Habitual,100.86999999999999,0,3.1951587804783612,3.0161355324244274,3.374182028532295,"mean centered height; standardized over kukuku, pipipi, tatata, kutapi, pitaku, takupi",identity outcome; arithmetic mean across shared sequences,5572,23,independence,robust sandwich
Figure 2,C,audio_mod_dom_hz,normal,Habitual,101.09583333333333,0,3.1903678323729201,3.0133561436362499,3.3673795211095903,"mean centered height; standardized over kukuku, pipipi, tatata, kutapi, pitaku, takupi",identity outcome; arithmetic mean across shared sequences,5572,23,independence,robust sandwich
Figure 2,C,audio_mod_dom_hz,normal,Habitual,101.32166666666666,0,3.185576884267479,3.0105499482006639,3.3606038203342941,"mean centered height; standardized over kukuku, pipipi, tatata, kutapi, pitaku, takupi",identity outcome; arithmetic mean across shared sequences,5572,23,independence,robust sandwich
Figure 2,C,audio_mod_dom_hz,normal,Habitual,101.54749999999999,0,3.1807859361620379,3.0077160238653939,3.3538558484586818,"mean centered height; standardized over kukuku, pipipi, tatata, kutapi, pitaku, takupi",identity outcome; arithmetic mean across shared sequences,5572,23,independence,robust sandwich
Figure 2,C,audio_mod_dom_hz,normal,Habitual,101.77333333333333,0,3.1759949880565954,3.0048534193782039,3.3471365567349869,"mean centered height; standardized over kukuku, pipipi, tatata, kutapi, pitaku, takupi",identity outcome; arithmetic mean across shared sequences,5572,23,independence,robust sandwich
Figure 2,C,audio_mod_dom_hz,normal,Habitual,101.99916666666665,0,3.1712040399511547,3.0019611543962936,3.3404469255060159,"mean centered height; standardized over kukuku, pipipi, tatata, kutapi, pitaku, takupi",identity outcome; arithmetic mean across shared sequences,5572,23,independence,robust sandwich
Figure 2,C,audio_mod_dom_hz,normal,Habitual,102.22499999999999,0,3.1664130918457136,2.9990382195199303,3.3337879641714969,"mean centered height; standardized over kukuku, pipipi, tatata, kutapi, pitaku, takupi",identity outcome; arithmetic mean across shared sequences,5572,23,independence,robust sandwich
Figure 2,C,audio_mod_dom_hz,normal,Habitual,102.45083333333332,0,3.1616221437402721,2.9960835764663263,3.3271607110142178,"mean centered height; standardized over kukuku, pipipi, tatata, kutapi, pitaku, takupi",identity outcome; arithmetic mean across shared sequences,5572,23,independence,robust sandwich
Figure 2,C,audio_mod_dom_hz,normal,Habitual,102.67666666666666,0,3.1568311956348301,2.993096158400733,3.3205662328689272,"mean centered height; standardized over kukuku, pipipi, tatata, kutapi, pitaku, takupi",identity outcome; arithmetic mean across shared sequences,5572,23,independence,robust sandwich
Figure 2,C,audio_mod_dom_hz,normal,Habitual,102.90249999999999,0,3.1520402475293894,2.9900748704425157,3.314005624616263,"mean centered height; standardized over kukuku, pipipi, tatata, kutapi, pitaku, takupi",identity outcome; arithmetic mean across shared sequences,5572,23,independence,robust sandwich
Figure 2,C,audio_mod_dom_hz,normal,Habitual,103.12833333333333,0,3.1472492994239478,2.9870185903646753,3.3074800084832203,"mean centered height; standardized over kukuku, pipipi, tatata, kutapi, pitaku, takupi",identity outcome; arithmetic mean across shared sequences,5572,23,independence,robust sandwich
Figure 2,C,audio_mod_dom_hz,normal,Habitual,103.35416666666666,0,3.1424583513185063,2.9839261695058434,3.3009905331311691,"mean centered height; standardized over kukuku, pipipi, tatata, kutapi, pitaku, takupi",identity outcome; arithmetic mean across shared sequences,5572,23,independence,robust sandwich
Figure 2,C,audio_mod_dom_hz,normal,Habitual,103.57999999999998,0,3.1376674032130651,2.9807964339139912,3.2945383725121391,"mean centered height; standardized over kukuku, pipipi, tatata, kutapi, pitaku, takupi",identity outcome; arithmetic mean across shared sequences,5572,23,independence,robust sandwich
Figure 2,C,audio_mod_dom_hz,normal,Habitual,103.80583333333333,0,3.1328764551076236,2.9776281857411635,3.2881247244740837,"mean centered height; standardized over kukuku, pipipi, tatata, kutapi, pitaku, takupi",identity outcome; arithmetic mean across shared sequences,5572,23,independence,robust sandwich
Figure 2,C,audio_mod_dom_hz,normal,Habitual,104.03166666666667,0,3.128085507002182,2.9744202049082071,3.2817508090961569,"mean centered height; standardized over kukuku, pipipi, tatata, kutapi, pitaku, takupi",identity outcome; arithmetic mean across shared sequences,5572,23,independence,robust sandwich
Figure 2,C,audio_mod_dom_hz,normal,Habitual,104.25749999999999,0,3.1232945588967405,2.9711712510577177,3.2754178667357632,"mean centered height; standardized over kukuku, pipipi, tatata, kutapi, pitaku, takupi",identity outcome; arithmetic mean across shared sequences,5572,23,independence,robust sandwich
Figure 2,C,audio_mod_dom_hz,normal,Habitual,104.48333333333332,0,3.1185036107912993,2.9678800658122984,3.2691271557703003,"mean centered height; standardized over kukuku, pipipi, tatata, kutapi, pitaku, takupi",identity outcome; arithmetic mean across shared sequences,5572,23,independence,robust sandwich
Figure 2,C,audio_mod_dom_hz,normal,Habitual,104.70916666666666,0,3.1137126626858578,2.9645453753534863,3.2628799500182293,"mean centered height; standardized over kukuku, pipipi, tatata, kutapi, pitaku, takupi",identity outcome; arithmetic mean across shared sequences,5572,23,independence,robust sandwich
Figure 2,C,audio_mod_dom_hz,normal,Habitual,104.93499999999999,0,3.1089217145804162,2.9611658933344929,3.2566775358263396,"mean centered height; standardized over kukuku, pipipi, tatata, kutapi, pitaku, takupi",identity outcome; arithmetic mean across shared sequences,5572,23,independence,robust sandwich
Figure 2,C,audio_mod_dom_hz,normal,Habitual,105.16083333333333,0,3.1041307664749751,2.9577403241369651,3.2505212088129851,"mean centered height; standardized over kukuku, pipipi, tatata, kutapi, pitaku, takupi",identity outcome; arithmetic mean across shared sequences,5572,23,independence,robust sandwich
Figure 2,C,audio_mod_dom_hz,normal,Habitual,105.38666666666666,0,3.0993398183695335,2.9542673664784846,3.2444122702605824,"mean centered height; standardized over kukuku, pipipi, tatata, kutapi, pitaku, takupi",identity outcome; arithmetic mean across shared sequences,5572,23,independence,robust sandwich
Figure 2,C,audio_mod_dom_hz,normal,Habitual,105.6125,0,3.094548870264092,2.9507457173732554,3.2383520231549285,"mean centered height; standardized over kukuku, pipipi, tatata, kutapi, pitaku, takupi",identity outcome; arithmetic mean across shared sequences,5572,23,independence,robust sandwich
Figure 2,C,audio_mod_dom_hz,normal,Habitual,105.83833333333332,0,3.0897579221586509,2.9471740764435355,3.2323417678737663,"mean centered height; standardized over kukuku, pipipi, tatata, kutapi, pitaku, takupi",identity outcome; arithmetic mean across shared sequences,5572,23,independence,robust sandwich
Figure 2,C,audio_mod_dom_hz,normal,Habitual,106.06416666666667,0,3.0849669740532093,2.9435511505737275,3.2263827975326911,"mean centered height; standardized over kukuku, pipipi, tatata, kutapi, pitaku, takupi",identity outcome; arithmetic mean across shared sequences,5572,23,independence,robust sandwich
Figure 2,C,audio_mod_dom_hz,normal,Habitual,106.28999999999999,0,3.0801760259477677,2.9398756588928303,3.2204763930027052,"mean centered height; standardized over kukuku, pipipi, tatata, kutapi, pitaku, takupi",identity outcome; arithmetic mean across shared sequences,5572,23,independence,robust sandwich
Figure 2,C,audio_mod_dom_hz,normal,Habitual,106.51583333333332,0,3.0753850778423262,2.9361463380641224,3.21462381762053,"mean centered height; standardized over kukuku, pipipi, tatata, kutapi, pitaku, takupi",identity outcome; arithmetic mean across shared sequences,5572,23,independence,robust sandwich
Figure 2,C,audio_mod_dom_hz,normal,Habitual,106.74166666666666,0,3.0705941297368851,2.9323619478536624,3.2088263116201077,"mean centered height; standardized over kukuku, pipipi, tatata, kutapi, pitaku, takupi",identity outcome; arithmetic mean across shared sequences,5572,23,independence,robust sandwich
Figure 2,C,audio_mod_dom_hz,normal,Habitual,106.96749999999999,0,3.0658031816314444,2.9285212769415976,3.2030850863212912,"mean centered height; standardized over kukuku, pipipi, tatata, kutapi, pitaku, takupi",identity outcome; arithmetic mean across shared sequences,5572,23,independence,robust sandwich
Figure 2,C,audio_mod_dom_hz,normal,Habitual,107.19333333333333,0,3.0610122335260019,2.9246231489325143,3.1974013181194896,"mean centered height; standardized over kukuku, pipipi, tatata, kutapi, pitaku, takupi",identity outcome; arithmetic mean across shared sequences,5572,23,independence,robust sandwich
Figure 2,C,audio_mod_dom_hz,normal,Habitual,107.41916666666665,0,3.0562212854205608,2.9206664285133677,3.191776142327754,"mean centered height; standardized over kukuku, pipipi, tatata, kutapi, pitaku, takupi",identity outcome; arithmetic mean across shared sequences,5572,23,independence,robust sandwich
Figure 2,C,audio_mod_dom_hz,normal,Habitual,107.645,0,3.0514303373151193,2.9166500277001361,3.1862106469301024,"mean centered height; standardized over kukuku, pipipi, tatata, kutapi, pitaku, takupi",identity outcome; arithmetic mean across shared sequences,5572,23,independence,robust sandwich
Figure 2,C,audio_mod_dom_hz,normal,Habitual,107.87083333333332,0,3.0466393892096786,2.9125729121074819,3.1807058663118752,"mean centered height; standardized over kukuku, pipipi, tatata, kutapi, pitaku, takupi",identity outcome; arithmetic mean across shared sequences,5572,23,independence,robust sandwich
Figure 2,C,audio_mod_dom_hz,normal,Habitual,108.09666666666666,0,3.0418484411042366,2.908434107169763,3.1752627750387101,"mean centered height; standardized over kukuku, pipipi, tatata, kutapi, pitaku, takupi",identity outcome; arithmetic mean across shared sequences,5572,23,independence,robust sandwich
Figure 2,C,audio_mod_dom_hz,normal,Habitual,108.32249999999999,0,3.037057492998795,2.9042327042368101,3.1698822817607799,"mean centered height; standardized over kukuku, pipipi, tatata, kutapi, pitaku, takupi",identity outcome; arithmetic mean across shared sequences,5572,23,independence,robust sandwich
Figure 2,C,audio_mod_dom_hz,normal,Habitual,108.54833333333332,0,3.0322665448933539,2.8999678664643729,3.1645652233223349,"mean centered height; standardized over kukuku, pipipi, tatata, kutapi, pitaku, takupi",identity outcome; arithmetic mean across shared sequences,5572,23,independence,robust sandwich
Figure 2,C,audio_mod_dom_hz,normal,Habitual,108.77416666666666,0,3.0274755967879128,2.895638834417376,3.1593123591584495,"mean centered height; standardized over kukuku, pipipi, tatata, kutapi, pitaku, takupi",identity outcome; arithmetic mean across shared sequences,5572,23,independence,robust sandwich
Figure 2,C,audio_mod_dom_hz,normal,Habitual,108.99999999999999,0,3.0226846486824712,2.8912449313039783,3.1541243660609641,"mean centered height; standardized over kukuku, pipipi, tatata, kutapi, pitaku, takupi",identity outcome; arithmetic mean across shared sequences,5572,23,independence,robust sandwich
Figure 2,C,audio_mod_dom_hz,normal,Habitual,109.22583333333333,0,3.0178937005770292,2.8867855677605161,3.1490018333935423,"mean centered height; standardized over kukuku, pipipi, tatata, kutapi, pitaku, takupi",identity outcome; arithmetic mean across shared sequences,5572,23,independence,robust sandwich
Figure 2,C,audio_mod_dom_hz,normal,Habitual,109.45166666666665,0,3.0131027524715881,2.8822602461113505,3.1439452588318257,"mean centered height; standardized over kukuku, pipipi, tatata, kutapi, pitaku, takupi",identity outcome; arithmetic mean across shared sequences,5572,23,independence,robust sandwich
Figure 2,C,audio_mod_dom_hz,normal,Habitual,109.67749999999999,0,3.008311804366147,2.8776685640338324,3.1389550446984615,"mean centered height; standardized over kukuku, pipipi, tatata, kutapi, pitaku, takupi",identity outcome; arithmetic mean across shared sequences,5572,23,independence,robust sandwich
Figure 2,C,audio_mod_dom_hz,normal,Habitual,109.90333333333332,0,3.0035208562607054,2.8730102175666632,3.1340314949547476,"mean centered height; standardized over kukuku, pipipi, tatata, kutapi, pitaku, takupi",identity outcome; arithmetic mean across shared sequences,5572,23,independence,robust sandwich
Figure 2,C,audio_mod_dom_hz,normal,Habitual,110.12916666666666,0,2.9987299081552634,2.868285003409893,3.1291748129006338,"mean centered height; standardized over kukuku, pipipi, tatata, kutapi, pitaku, takupi",identity outcome; arithmetic mean across shared sequences,5572,23,independence,robust sandwich
Figure 2,C,audio_mod_dom_hz,normal,Habitual,110.35499999999999,0,2.9939389600498227,2.863492820476309,3.1243850996233364,"mean centered height; standardized over kukuku, pipipi, tatata, kutapi, pitaku, takupi",identity outcome; arithmetic mean across shared sequences,5572,23,independence,robust sandwich
Figure 2,C,audio_mod_dom_hz,normal,Habitual,110.58083333333332,0,2.9891480119443816,2.8586336706667343,3.1196623532220289,"mean centered height; standardized over kukuku, pipipi, tatata, kutapi, pitaku, takupi",identity outcome; arithmetic mean across shared sequences,5572,23,independence,robust sandwich
Figure 2,C,audio_mod_dom_hz,normal,Habitual,110.80666666666666,0,2.9843570638389396,2.853707658855428,3.1150064688224512,"mean centered height; standardized over kukuku, pipipi, tatata, kutapi, pitaku, takupi",identity outcome; arithmetic mean across shared sequences,5572,23,independence,robust sandwich
Figure 2,C,audio_mod_dom_hz,normal,Habitual,111.0325,0,2.9795661157334981,2.8487149920858394,3.1104172393811567,"mean centered height; standardized over kukuku, pipipi, tatata, kutapi, pitaku, takupi",identity outcome; arithmetic mean across shared sequences,5572,23,independence,robust sandwich
Figure 2,C,audio_mod_dom_hz,normal,Habitual,111.25833333333333,0,2.9747751676280569,2.8436559779910464,3.1058943572650675,"mean centered height; standardized over kukuku, pipipi, tatata, kutapi, pitaku, takupi",identity outcome; arithmetic mean across shared sequences,5572,23,independence,robust sandwich
Figure 2,C,audio_mod_dom_hz,normal,Habitual,111.48416666666665,0,2.9699842195226158,2.8385310224668605,3.1014374165783711,"mean centered height; standardized over kukuku, pipipi, tatata, kutapi, pitaku, takupi",identity outcome; arithmetic mean across shared sequences,5572,23,independence,robust sandwich
Figure 2,C,audio_mod_dom_hz,normal,Habitual,111.70999999999999,0,2.9651932714171738,2.833340626638261,3.0970459161960866,"mean centered height; standardized over kukuku, pipipi, tatata, kutapi, pitaku, takupi",identity outcome; arithmetic mean across shared sequences,5572,23,independence,robust sandwich
Figure 2,C,audio_mod_dom_hz,normal,Habitual,111.93583333333332,0,2.9604023233117323,2.8280853831713584,3.0927192634521061,"mean centered height; standardized over kukuku, pipipi, tatata, kutapi, pitaku, takupi",identity outcome; arithmetic mean across shared sequences,5572,23,independence,robust sandwich
Figure 2,C,audio_mod_dom_hz,normal,Habitual,112.16166666666666,0,2.9556113752062911,2.822765971992895,3.0884567784196872,"mean centered height; standardized over kukuku, pipipi, tatata, kutapi, pitaku, takupi",identity outcome; arithmetic mean across shared sequences,5572,23,independence,robust sandwich
Figure 2,C,audio_mod_dom_hz,normal,Habitual,112.38749999999999,0,2.95082042710085,2.8173831554873683,3.0842576987143318,"mean centered height; standardized over kukuku, pipipi, tatata, kutapi, pitaku, takupi",identity outcome; arithmetic mean across shared sequences,5572,23,independence,robust sandwich
Figure 2,C,audio_mod_dom_hz,normal,Habitual,112.61333333333332,0,2.9460294789954085,2.8119377732479141,3.0801211847429029,"mean centered height; standardized over kukuku, pipipi, tatata, kutapi, pitaku, takupi",identity outcome; arithmetic mean across shared sequences,5572,23,independence,robust sandwich
Figure 2,C,audio_mod_dom_hz,normal,Habitual,112.83916666666666,0,2.9412385308899665,2.8064307364610199,3.076046325318913,"mean centered height; standardized over kukuku, pipipi, tatata, kutapi, pitaku, takupi",identity outcome; arithmetic mean across shared sequences,5572,23,independence,robust sandwich
Figure 2,C,audio_mod_dom_hz,normal,Habitual,113.065,0,2.9364475827845253,2.8008630220070416,3.072032143562009,"mean centered height; standardized over kukuku, pipipi, tatata, kutapi, pitaku, takupi",identity outcome; arithmetic mean across shared sequences,5572,23,independence,robust sandwich
Figure 2,C,audio_mod_dom_hz,normal,Habitual,113.29083333333332,0,2.9316566346790842,2.7952356663584066,3.0680776029997618,"mean centered height; standardized over kukuku, pipipi, tatata, kutapi, pitaku, takupi",identity outcome; arithmetic mean across shared sequences,5572,23,independence,robust sandwich
Figure 2,C,audio_mod_dom_hz,normal,Habitual,113.51666666666665,0,2.9268656865736431,2.7895497593554897,3.0641816137917965,"mean centered height; standardized over kukuku, pipipi, tatata, kutapi, pitaku, takupi",identity outcome; arithmetic mean across shared sequences,5572,23,independence,robust sandwich
Figure 2,C,audio_mod_dom_hz,normal,Habitual,113.74249999999999,0,2.9220747384682006,2.7838064379365428,3.0603430389998585,"mean centered height; standardized over kukuku, pipipi, tatata, kutapi, pitaku, takupi",identity outcome; arithmetic mean across shared sequences,5572,23,independence,robust sandwich
Figure 2,C,audio_mod_dom_hz,normal,Habitual,113.96833333333332,0,2.91728379036276,2.7780068798931978,3.0565607008323221,"mean centered height; standardized over kukuku, pipipi, tatata, kutapi, pitaku, takupi",identity outcome; arithmetic mean across shared sequences,5572,23,independence,robust sandwich
Figure 2,C,audio_mod_dom_hz,normal,Habitual,114.19416666666666,0,2.9124928422573189,2.772152297716969,3.0528333867976687,"mean centered height; standardized over kukuku, pipipi, tatata, kutapi, pitaku, takupi",identity outcome; arithmetic mean across shared sequences,5572,23,independence,robust sandwich
Figure 2,C,audio_mod_dom_hz,normal,Habitual,114.41999999999999,0,2.9077018941518773,2.7662439325953816,3.049159855708373,"mean centered height; standardized over kukuku, pipipi, tatata, kutapi, pitaku, takupi",identity outcome; arithmetic mean across shared sequences,5572,23,independence,robust sandwich
Figure 2,C,audio_mod_dom_hz,normal,Habitual,114.64583333333331,0,2.9029109460464357,2.760283048608879,3.0455388434839925,"mean centered height; standardized over kukuku, pipipi, tatata, kutapi, pitaku, takupi",identity outcome; arithmetic mean across shared sequences,5572,23,independence,robust sandwich
Figure 2,C,audio_mod_dom_hz,normal,Habitual,114.87166666666666,0,2.8981199979409942,2.7542709271720129,3.0419690687099754,"mean centered height; standardized over kukuku, pipipi, tatata, kutapi, pitaku, takupi",identity outcome; arithmetic mean across shared sequences,5572,23,independence,robust sandwich
Figure 2,C,audio_mod_dom_hz,normal,Habitual,115.0975,0,2.8933290498355531,2.7482088617546307,3.0384492379164754,"mean centered height; standardized over kukuku, pipipi, tatata, kutapi, pitaku, takupi",identity outcome; arithmetic mean across shared sequences,5572,23,independence,robust sandwich
Figure 2,C,audio_mod_dom_hz,normal,Habitual,115.32333333333332,0,2.8885381017301115,2.7420981529111952,3.0349780505490278,"mean centered height; standardized over kukuku, pipipi, tatata, kutapi, pitaku, takupi",identity outcome; arithmetic mean across shared sequences,5572,23,independence,robust sandwich
Figure 2,C,audio_mod_dom_hz,normal,Habitual,115.54916666666665,0,2.8837471536246699,2.7359401036391109,3.031554203610229,"mean centered height; standardized over kukuku, pipipi, tatata, kutapi, pitaku, takupi",identity outcome; arithmetic mean across shared sequences,5572,23,independence,robust sandwich
Figure 2,C,audio_mod_dom_hz,normal,Habitual,115.77499999999999,0,2.8789562055192288,2.729736015080126,3.0281763959583317,"mean centered height; standardized over kukuku, pipipi, tatata, kutapi, pitaku, takupi",identity outcome; arithmetic mean across shared sequences,5572,23,independence,robust sandwich
Figure 2,C,audio_mod_dom_hz,normal,Habitual,116.00083333333332,0,2.8741652574137873,2.7234871825726468,3.0248433322549277,"mean centered height; standardized over kukuku, pipipi, tatata, kutapi, pitaku, takupi",identity outcome; arithmetic mean across shared sequences,5572,23,independence,robust sandwich
Figure 2,C,audio_mod_dom_hz,normal,Habitual,116.22666666666666,0,2.8693743093083457,2.7171948920572451,3.0215537265594463,"mean centered height; standardized over kukuku, pipipi, tatata, kutapi, pitaku, takupi",identity outcome; arithmetic mean across shared sequences,5572,23,independence,robust sandwich
Figure 2,C,audio_mod_dom_hz,normal,Habitual,116.45249999999999,0,2.8645833612029046,2.7108604168327188,3.0183063055730903,"mean centered height; standardized over kukuku, pipipi, tatata, kutapi, pitaku, takupi",identity outcome; arithmetic mean across shared sequences,5572,23,independence,robust sandwich
Figure 2,C,audio_mod_dom_hz,normal,Habitual,116.67833333333331,0,2.859792413097463,2.7044850146558717,3.0150998115390544,"mean centered height; standardized over kukuku, pipipi, tatata, kutapi, pitaku, takupi",identity outcome; arithmetic mean across shared sequences,5572,23,independence,robust sandwich
Figure 2,C,audio_mod_dom_hz,normal,Habitual,116.90416666666665,0,2.8550014649920215,2.6980699251746452,3.0119330048093977,"mean centered height; standardized over kukuku, pipipi, tatata, kutapi, pitaku, takupi",identity outcome; arithmetic mean across shared sequences,5572,23,independence,robust sandwich
Figure 2,C,audio_mod_dom_hz,normal,Habitual,117.13,0,2.8502105168865799,2.6916163676814073,3.0088046660917525,"mean centered height; standardized over kukuku, pipipi, tatata, kutapi, pitaku, takupi",identity outcome; arithmetic mean across shared sequences,5572,23,independence,robust sandwich
Figure 2,C,audio_mod_dom_hz,normal,Habitual,117.35583333333332,0,2.8454195687811388,2.6851255391709432,3.0057135983913343,"mean centered height; standardized over kukuku, pipipi, tatata, kutapi, pitaku, takupi",identity outcome; arithmetic mean across shared sequences,5572,23,independence,robust sandwich
Figure 2,C,audio_mod_dom_hz,normal,Habitual,117.58166666666665,0,2.8406286206756972,2.6785986126860122,3.0026586286653822,"mean centered height; standardized over kukuku, pipipi, tatata, kutapi, pitaku, takupi",identity outcome; arithmetic mean across shared sequences,5572,23,independence,robust sandwich
Figure 2,C,audio_mod_dom_hz,normal,Habitual,117.80749999999999,0,2.8358376725702557,2.6720367359322048,2.9996386092083065,"mean centered height; standardized over kukuku, pipipi, tatata, kutapi, pitaku, takupi",identity outcome; arithmetic mean across shared sequences,5572,23,independence,robust sandwich
Figure 2,C,audio_mod_dom_hz,normal,Habitual,118.03333333333332,0,2.831046724464815,2.6654410301431217,2.9966524187865082,"mean centered height; standardized over kukuku, pipipi, tatata, kutapi, pitaku, takupi",identity outcome; arithmetic mean across shared sequences,5572,23,independence,robust sandwich
Figure 2,C,audio_mod_dom_hz,normal,Habitual,118.25916666666666,0,2.826255776359373,2.6588125891765584,2.9936989635421876,"mean centered height; standardized over kukuku, pipipi, tatata, kutapi, pitaku, takupi",identity outcome; arithmetic mean across shared sequences,5572,23,independence,robust sandwich
Figure 2,C,audio_mod_dom_hz,normal,Habitual,118.48499999999999,0,2.8214648282539314,2.6521524788224453,2.9907771776854175,"mean centered height; standardized over kukuku, pipipi, tatata, kutapi, pitaku, takupi",identity outcome; arithmetic mean across shared sequences,5572,23,independence,robust sandwich
Figure 2,C,audio_mod_dom_hz,normal,Habitual,118.71083333333333,0,2.8166738801484903,2.645461736303544,2.9878860239934366,"mean centered height; standardized over kukuku, pipipi, tatata, kutapi, pitaku, takupi",identity outcome; arithmetic mean across shared sequences,5572,23,independence,robust sandwich
Figure 2,C,audio_mod_dom_hz,normal,Habitual,118.93666666666665,0,2.8118829320430496,2.6387413699504743,2.985024494135625,"mean centered height; standardized over kukuku, pipipi, tatata, kutapi, pitaku, takupi",identity outcome; arithmetic mean across shared sequences,5572,23,independence,robust sandwich
Figure 2,C,audio_mod_dom_hz,normal,Habitual,119.16249999999999,0,2.8070919839376072,2.6319923590332874,2.9821916088419269,"mean centered height; standardized over kukuku, pipipi, tatata, kutapi, pitaku, takupi",identity outcome; arithmetic mean across shared sequences,5572,23,independence,robust sandwich
Figure 2,C,audio_mod_dom_hz,normal,Habitual,119.38833333333332,0,2.8023010358321661,2.6252156537327056,2.9793864179316265,"mean centered height; standardized over kukuku, pipipi, tatata, kutapi, pitaku, takupi",identity outcome; arithmetic mean across shared sequences,5572,23,independence,robust sandwich
Figure 2,C,audio_mod_dom_hz,normal,Habitual,119.61416666666665,0,2.7975100877267249,2.6184121752350036,2.9766080002184463,"mean centered height; standardized over kukuku, pipipi, tatata, kutapi, pitaku, takupi",identity outcome; arithmetic mean across shared sequences,5572,23,independence,robust sandwich
Figure 2,C,audio_mod_dom_hz,normal,Habitual,119.83999999999999,0,2.7927191396212838,2.6115828159355741,2.9738554633069936,"mean centered height; standardized over kukuku, pipipi, tatata, kutapi, pitaku, takupi",identity outcome; arithmetic mean across shared sequences,5572,23,independence,robust sandwich
Figure 2,C,audio_mod_dom_hz,normal,Habitual,120.06583333333332,0,2.7879281915158418,2.6047284397371944,2.9711279432944893,"mean centered height; standardized over kukuku, pipipi, tatata, kutapi, pitaku, takupi",identity outcome; arithmetic mean across shared sequences,5572,23,independence,robust sandwich
Figure 2,C,audio_mod_dom_hz,normal,Habitual,120.29166666666666,0,2.7831372434104003,2.5978498824300993,2.9684246043907012,"mean centered height; standardized over kukuku, pipipi, tatata, kutapi, pitaku, takupi",identity outcome; arithmetic mean across shared sequences,5572,23,independence,robust sandwich
Figure 2,C,audio_mod_dom_hz,normal,Habitual,120.51749999999998,0,2.7783462953049591,2.5909479521419745,2.9657446384679438,"mean centered height; standardized over kukuku, pipipi, tatata, kutapi, pitaku, takupi",identity outcome; arithmetic mean across shared sequences,5572,23,independence,robust sandwich
Figure 2,C,audio_mod_dom_hz,normal,Habitual,120.74333333333333,0,2.773555347199518,2.5840234298470017,2.9630872645520343,"mean centered height; standardized over kukuku, pipipi, tatata, kutapi, pitaku, takupi",identity outcome; arithmetic mean across shared sequences,5572,23,independence,robust sandwich
Figure 2,C,audio_mod_dom_hz,normal,Habitual,120.96916666666665,0,2.768764399094076,2.577077069924115,2.960451728264037,"mean centered height; standardized over kukuku, pipipi, tatata, kutapi, pitaku, takupi",identity outcome; arithmetic mean across shared sequences,5572,23,independence,robust sandwich
Figure 2,C,audio_mod_dom_hz,normal,Habitual,121.19499999999999,0,2.7639734509886345,2.5701096007555231,2.9578373012217458,"mean centered height; standardized over kukuku, pipipi, tatata, kutapi, pitaku, takupi",identity outcome; arithmetic mean across shared sequences,5572,23,independence,robust sandwich
Figure 2,C,audio_mod_dom_hz,normal,Habitual,121.42083333333332,0,2.7591825028831933,2.5631217253574445,2.9552432804089421,"mean centered height; standardized over kukuku, pipipi, tatata, kutapi, pitaku, takupi",identity outcome; arithmetic mean across shared sequences,5572,23,independence,robust sandwich
Figure 2,C,audio_mod_dom_hz,normal,Habitual,121.64666666666665,0,2.7543915547777522,2.5561141220359036,2.9526689875196008,"mean centered height; standardized over kukuku, pipipi, tatata, kutapi, pitaku, takupi",identity outcome; arithmetic mean across shared sequences,5572,23,independence,robust sandwich
Figure 2,C,audio_mod_dom_hz,normal,Habitual,121.87249999999999,0,2.7496006066723107,2.5490874450611658,2.9501137682834555,"mean centered height; standardized over kukuku, pipipi, tatata, kutapi, pitaku, takupi",identity outcome; arithmetic mean across shared sequences,5572,23,independence,robust sandwich
Figure 2,C,audio_mod_dom_hz,normal,Habitual,122.09833333333333,0,2.7448096585668686,2.5420423253551361,2.9475769917786012,"mean centered height; standardized over kukuku, pipipi, tatata, kutapi, pitaku, takupi",identity outcome; arithmetic mean across shared sequences,5572,23,independence,robust sandwich
Figure 2,C,audio_mod_dom_hz,normal,Habitual,122.32416666666666,0,2.7400187104614275,2.5349793711867403,2.9450580497361147,"mean centered height; standardized over kukuku, pipipi, tatata, kutapi, pitaku, takupi",identity outcome; arithmetic mean across shared sequences,5572,23,independence,robust sandwich
Figure 2,C,audio_mod_dom_hz,normal,Habitual,122.54999999999998,0,2.7352277623559864,2.5278991688708987,2.9425563558410741,"mean centered height; standardized over kukuku, pipipi, tatata, kutapi, pitaku, takupi",identity outcome; arithmetic mean across shared sequences,5572,23,independence,robust sandwich
Figure 2,C,audio_mod_dom_hz,normal,Habitual,122.77583333333332,0,2.7304368142505449,2.5208022834673001,2.9400713450337896,"mean centered height; standardized over kukuku, pipipi, tatata, kutapi, pitaku, takupi",identity outcome; arithmetic mean across shared sequences,5572,23,independence,robust sandwich
Figure 2,C,audio_mod_dom_hz,normal,Habitual,123.00166666666665,0,2.7256458661451028,2.5136892594756732,2.9376024728145325,"mean centered height; standardized over kukuku, pipipi, tatata, kutapi, pitaku, takupi",identity outcome; arithmetic mean across shared sequences,5572,23,independence,robust sandwich
Figure 2,C,audio_mod_dom_hz,normal,Habitual,123.22749999999999,0,2.7208549180396622,2.5065606215247311,2.9351492145545932,"mean centered height; standardized over kukuku, pipipi, tatata, kutapi, pitaku, takupi",identity outcome; arithmetic mean across shared sequences,5572,23,independence,robust sandwich
Figure 2,C,audio_mod_dom_hz,normal,Habitual,123.45333333333332,0,2.7160639699342211,2.4994168750523804,2.9327110648160617,"mean centered height; standardized over kukuku, pipipi, tatata, kutapi, pitaku, takupi",identity outcome; arithmetic mean across shared sequences,5572,23,independence,robust sandwich
Figure 2,C,audio_mod_dom_hz,normal,Habitual,123.67916666666665,0,2.7112730218287795,2.4922585069751864,2.9302875366823726,"mean centered height; standardized over kukuku, pipipi, tatata, kutapi, pitaku, takupi",identity outcome; arithmetic mean across shared sequences,5572,23,independence,robust sandwich
Figure 2,C,audio_mod_dom_hz,normal,Habitual,123.90499999999999,0,2.7064820737233375,2.485085986345374,2.9278781611013009,"mean centered height; standardized over kukuku, pipipi, tatata, kutapi, pitaku, takupi",identity outcome; arithmetic mean across shared sequences,5572,23,independence,robust sandwich
Figure 2,C,audio_mod_dom_hz,normal,Habitual,124.13083333333333,0,2.7016911256178964,2.4778997649940151,2.9254824862417776,"mean centered height; standardized over kukuku, pipipi, tatata, kutapi, pitaku, takupi",identity outcome; arithmetic mean across shared sequences,5572,23,independence,robust sandwich
Figure 2,C,audio_mod_dom_hz,normal,Habitual,124.35666666666665,0,2.6969001775124553,2.4707002781592338,2.9231000768656767,"mean centered height; standardized over kukuku, pipipi, tatata, kutapi, pitaku, takupi",identity outcome; arithmetic mean across shared sequences,5572,23,independence,robust sandwich
Figure 2,C,audio_mod_dom_hz,normal,Habitual,124.58249999999998,0,2.6921092294070137,2.4634879450986,2.9207305137154274,"mean centered height; standardized over kukuku, pipipi, tatata, kutapi, pitaku, takupi",identity outcome; arithmetic mean across shared sequences,5572,23,independence,robust sandwich
Figure 2,C,audio_mod_dom_hz,normal,Habitual,124.80833333333332,0,2.6873182813015717,2.4562631696849877,2.9183733929181557,"mean centered height; standardized over kukuku, pipipi, tatata, kutapi, pitaku, takupi",identity outcome; arithmetic mean across shared sequences,5572,23,independence,robust sandwich
Figure 2,C,audio_mod_dom_hz,normal,Habitual,125.03416666666665,0,2.682527333196131,2.4490263409854407,2.9160283254068213,"mean centered height; standardized over kukuku, pipipi, tatata, kutapi, pitaku, takupi",identity outcome; arithmetic mean across shared sequences,5572,23,independence,robust sandwich
Figure 2,C,audio_mod_dom_hz,normal,Habitual,125.25999999999999,0,2.6777363850906895,2.4417778338226674,2.9136949363587115,"mean centered height; standardized over kukuku, pipipi, tatata, kutapi, pitaku, takupi",identity outcome; arithmetic mean across shared sequences,5572,23,independence,robust sandwich
Figure 2,C,audio_mod_dom_hz,normal,Habitual,125.48583333333332,0,2.6729454369852479,2.434518009319024,2.9113728646514718,"mean centered height; standardized over kukuku, pipipi, tatata, kutapi, pitaku, takupi",identity outcome; arithmetic mean across shared sequences,5572,23,independence,robust sandwich
Figure 2,C,audio_mod_dom_hz,normal,Habitual,125.71166666666664,0,2.6681544888798068,2.4272472154228537,2.9090617623367598,"mean centered height; standardized over kukuku, pipipi, tatata, kutapi, pitaku, takupi",identity outcome; arithmetic mean across shared sequences,5572,23,independence,robust sandwich
Figure 2,C,audio_mod_dom_hz,normal,Habitual,125.93749999999999,0,2.6633635407743652,2.4199657874172407,2.9067612941314898,"mean centered height; standardized over kukuku, pipipi, tatata, kutapi, pitaku, takupi",identity outcome; arithmetic mean across shared sequences,5572,23,independence,robust sandwich
Figure 2,C,audio_mod_dom_hz,normal,Habitual,126.16333333333333,0,2.6585725926689237,2.4126740484112772,2.9044711369265701,"mean centered height; standardized over kukuku, pipipi, tatata, kutapi, pitaku, takupi",identity outcome; arithmetic mean across shared sequences,5572,23,independence,robust sandwich
Figure 2,C,audio_mod_dom_hz,normal,Habitual,126.38916666666665,0,2.6537816445634825,2.4053723098140294,2.9021909793129357,"mean centered height; standardized over kukuku, pipipi, tatata, kutapi, pitaku, takupi",identity outcome; arithmetic mean across shared sequences,5572,23,independence,robust sandwich
Figure 2,C,audio_mod_dom_hz,normal,Habitual,126.61499999999998,0,2.648990696458041,2.3980608717914542,2.8999205211246277,"mean centered height; standardized over kukuku, pipipi, tatata, kutapi, pitaku, takupi",identity outcome; arithmetic mean across shared sequences,5572,23,independence,robust sandwich
Figure 2,C,audio_mod_dom_hz,normal,Habitual,126.84083333333332,0,2.6441997483525994,2.3907400237065648,2.897659472998634,"mean centered height; standardized over kukuku, pipipi, tatata, kutapi, pitaku, takupi",identity outcome; arithmetic mean across shared sequences,5572,23,independence,robust sandwich
Figure 2,C,audio_mod_dom_hz,normal,Habitual,127.06666666666666,0,2.6394088002471583,2.3834100445431794,2.8954075559511372,"mean centered height; standardized over kukuku, pipipi, tatata, kutapi, pitaku, takupi",identity outcome; arithmetic mean across shared sequences,5572,23,independence,robust sandwich
Figure 2,C,audio_mod_dom_hz,normal,Habitual,127.29249999999999,0,2.6346178521417167,2.3760712033136393,2.8931645009697942,"mean centered height; standardized over kukuku, pipipi, tatata, kutapi, pitaku, takupi",identity outcome; arithmetic mean across shared sequences,5572,23,independence,robust sandwich
Figure 2,C,audio_mod_dom_hz,normal,Habitual,127.51833333333332,0,2.6298269040362752,2.3687237594508934,2.8909300486216569,"mean centered height; standardized over kukuku, pipipi, tatata, kutapi, pitaku, takupi",identity outcome; arithmetic mean across shared sequences,5572,23,independence,robust sandwich
Figure 2,C,audio_mod_dom_hz,normal,Habitual,127.74416666666664,0,2.6250359559308336,2.3613679631853701,2.8887039486762971,"mean centered height; standardized over kukuku, pipipi, tatata, kutapi, pitaku, takupi",identity outcome; arithmetic mean across shared sequences,5572,23,independence,robust sandwich
Figure 2,C,audio_mod_dom_hz,normal,Habitual,127.96999999999998,0,2.6202450078253925,2.3540040559070761,2.8864859597437089,"mean centered height; standardized over kukuku, pipipi, tatata, kutapi, pitaku, takupi",identity outcome; arithmetic mean across shared sequences,5572,23,independence,robust sandwich
Figure 2,C,audio_mod_dom_hz,normal,Habitual,128.19583333333333,0,2.6154540597199509,2.3466322705133797,2.8842758489265221,"mean centered height; standardized over kukuku, pipipi, tatata, kutapi, pitaku, takupi",identity outcome; arithmetic mean across shared sequences,5572,23,independence,robust sandwich
Figure 2,C,audio_mod_dom_hz,normal,Habitual,128.42166666666665,0,2.6106631116145094,2.3392528317429191,2.8820733914860996,"mean centered height; standardized over kukuku, pipipi, tatata, kutapi, pitaku, takupi",identity outcome; arithmetic mean across shared sequences,5572,23,independence,robust sandwich
Figure 2,C,audio_mod_dom_hz,normal,Habitual,128.64749999999998,0,2.6058721635090683,2.3318659564961068,2.8798783705220297,"mean centered height; standardized over kukuku, pipipi, tatata, kutapi, pitaku, takupi",identity outcome; arithmetic mean across shared sequences,5572,23,independence,robust sandwich
Figure 2,C,audio_mod_dom_hz,normal,Habitual,128.87333333333333,0,2.6010812154036267,2.3244718541426841,2.8776905766645693,"mean centered height; standardized over kukuku, pipipi, tatata, kutapi, pitaku, takupi",identity outcome; arithmetic mean across shared sequences,5572,23,independence,robust sandwich
Figure 2,C,audio_mod_dom_hz,normal,Habitual,129.09916666666666,0,2.5962902672981851,2.3170707268167825,2.8755098077795878,"mean centered height; standardized over kukuku, pipipi, tatata, kutapi, pitaku, takupi",identity outcome; arithmetic mean across shared sequences,5572,23,independence,robust sandwich
Figure 2,C,audio_mod_dom_hz,normal,Habitual,129.32499999999999,0,2.591499319192744,2.3096627696999472,2.8733358686855408,"mean centered height; standardized over kukuku, pipipi, tatata, kutapi, pitaku, takupi",identity outcome; arithmetic mean across shared sequences,5572,23,independence,robust sandwich
Figure 2,C,audio_mod_dom_hz,normal,Habitual,129.55083333333332,0,2.5867083710873024,2.302248171292554,2.8711685708820509,"mean centered height; standardized over kukuku, pipipi, tatata, kutapi, pitaku, takupi",identity outcome; arithmetic mean across shared sequences,5572,23,independence,robust sandwich
Figure 2,C,audio_mod_dom_hz,normal,Habitual,129.77666666666664,0,2.5819174229818613,2.294827113674089,2.8690077322896337,"mean centered height; standardized over kukuku, pipipi, tatata, kutapi, pitaku, takupi",identity outcome; arithmetic mean across shared sequences,5572,23,independence,robust sandwich
Figure 2,C,audio_mod_dom_hz,normal,Habitual,130.0025,0,2.5771264748764198,2.2873997727526802,2.8668531770001593,"mean centered height; standardized over kukuku, pipipi, tatata, kutapi, pitaku, takupi",identity outcome; arithmetic mean across shared sequences,5572,23,independence,robust sandwich
Figure 2,C,audio_mod_dom_hz,normal,Habitual,130.22833333333332,0,2.5723355267709782,2.2799663185043313,2.8647047350376251,"mean centered height; standardized over kukuku, pipipi, tatata, kutapi, pitaku, takupi",identity outcome; arithmetic mean across shared sequences,5572,23,independence,robust sandwich
Figure 2,C,audio_mod_dom_hz,normal,Habitual,130.45416666666665,0,2.5675445786655366,2.2725269152022518,2.8625622421288215,"mean centered height; standardized over kukuku, pipipi, tatata, kutapi, pitaku, takupi",identity outcome; arithmetic mean across shared sequences,5572,23,independence,robust sandwich
Figure 2,C,audio_mod_dom_hz,normal,Habitual,130.67999999999998,0,2.5627536305600955,2.265081721636685,2.8604255394835061,"mean centered height; standardized over kukuku, pipipi, tatata, kutapi, pitaku, takupi",identity outcome; arithmetic mean across shared sequences,5572,23,independence,robust sandwich
Figure 2,C,audio_mod_dom_hz,normal,Habitual,130.90583333333331,0,2.5579626824546544,2.2576308913256087,2.8582944735837001,"mean centered height; standardized over kukuku, pipipi, tatata, kutapi, pitaku, takupi",identity outcome; arithmetic mean across shared sequences,5572,23,independence,robust sandwich
Figure 2,C,audio_mod_dom_hz,normal,Habitual,131.13166666666666,0,2.5531717343492124,2.2501745727167046,2.8561688959817202,"mean centered height; standardized over kukuku, pipipi, tatata, kutapi, pitaku, takupi",identity outcome; arithmetic mean across shared sequences,5572,23,independence,robust sandwich
Figure 2,C,audio_mod_dom_hz,normal,Habitual,131.35749999999999,0,2.5483807862437708,2.2427129093809355,2.8540486631066062,"mean centered height; standardized over kukuku, pipipi, tatata, kutapi, pitaku, takupi",identity outcome; arithmetic mean across shared sequences,5572,23,independence,robust sandwich
Figure 2,C,audio_mod_dom_hz,normal,Habitual,131.58333333333331,0,2.5435898381383297,2.2352460401980885,2.851933636078571,"mean centered height; standardized over kukuku, pipipi, tatata, kutapi, pitaku, takupi",identity outcome; arithmetic mean across shared sequences,5572,23,independence,robust sandwich
Figure 2,C,audio_mod_dom_hz,normal,Habitual,131.80916666666664,0,2.5387988900328891,2.2277740995346185,2.8498236805311596,"mean centered height; standardized over kukuku, pipipi, tatata, kutapi, pitaku, takupi",identity outcome; arithmetic mean across shared sequences,5572,23,independence,robust sandwich
Figure 2,C,audio_mod_dom_hz,normal,Habitual,132.03499999999997,0,2.5340079419274475,2.2202972174141213,2.8477186664407736,"mean centered height; standardized over kukuku, pipipi, tatata, kutapi, pitaku, takupi",identity outcome; arithmetic mean across shared sequences,5572,23,independence,robust sandwich
Figure 2,C,audio_mod_dom_hz,normal,Habitual,132.26083333333332,0,2.5292169938220055,2.2128155196807482,2.8456184679632628,"mean centered height; standardized over kukuku, pipipi, tatata, kutapi, pitaku, takupi",identity outcome; arithmetic mean across shared sequences,5572,23,independence,robust sandwich
Figure 2,C,audio_mod_dom_hz,normal,Habitual,132.48666666666665,0,2.5244260457165644,2.2053291281558538,2.8435229632772749,"mean centered height; standardized over kukuku, pipipi, tatata, kutapi, pitaku, takupi",identity outcome; arithmetic mean across shared sequences,5572,23,independence,robust sandwich
Figure 2,C,audio_mod_dom_hz,normal,Habitual,132.71249999999998,0,2.5196350976111233,2.1978381607881707,2.8414320344340758,"mean centered height; standardized over kukuku, pipipi, tatata, kutapi, pitaku, takupi",identity outcome; arithmetic mean across shared sequences,5572,23,independence,robust sandwich
Figure 2,C,audio_mod_dom_hz,normal,Habitual,132.93833333333333,0,2.5148441495056808,2.1903427317977973,2.8393455672135643,"mean centered height; standardized over kukuku, pipipi, tatata, kutapi, pitaku, takupi",identity outcome; arithmetic mean across shared sequences,5572,23,independence,robust sandwich
Figure 2,C,audio_mod_dom_hz,normal,Habitual,133.16416666666666,0,2.5100532014002397,2.1828429518142616,2.8372634509862178,"mean centered height; standardized over kukuku, pipipi, tatata, kutapi, pitaku, takupi",identity outcome; arithmetic mean across shared sequences,5572,23,independence,robust sandwich
Figure 2,C,audio_mod_dom_hz,normal,Habitual,133.38999999999999,0,2.5052622532947986,2.1753389280088888,2.8351855785807083,"mean centered height; standardized over kukuku, pipipi, tatata, kutapi, pitaku, takupi",identity outcome; arithmetic mean across shared sequences,5572,23,independence,robust sandwich
Figure 2,C,audio_mod_dom_hz,fast,Maximally fast,92.739999999999995,0,5.6650658736570136,5.3277219324152272,6.0024098148988001,"mean centered height; standardized over kukuku, pipipi, tatata, kutapi, pitaku, takupi",identity outcome; arithmetic mean across shared sequences,5572,23,independence,robust sandwich
Figure 2,C,audio_mod_dom_hz,fast,Maximally fast,92.965833333333322,0,5.6602749255515716,5.325258104020671,5.9952917470824723,"mean centered height; standardized over kukuku, pipipi, tatata, kutapi, pitaku, takupi",identity outcome; arithmetic mean across shared sequences,5572,23,independence,robust sandwich
Figure 2,C,audio_mod_dom_hz,fast,Maximally fast,93.191666666666663,0,5.6554839774461305,5.3227842892606807,5.9881836656315803,"mean centered height; standardized over kukuku, pipipi, tatata, kutapi, pitaku, takupi",identity outcome; arithmetic mean across shared sequences,5572,23,independence,robust sandwich
Figure 2,C,audio_mod_dom_hz,fast,Maximally fast,93.41749999999999,0,5.6506930293406894,5.3203002780239785,5.9810857806574003,"mean centered height; standardized over kukuku, pipipi, tatata, kutapi, pitaku, takupi",identity outcome; arithmetic mean across shared sequences,5572,23,independence,robust sandwich
Figure 2,C,audio_mod_dom_hz,fast,Maximally fast,93.643333333333331,0,5.6459020812352474,5.317805855227606,5.9739983072428888,"mean centered height; standardized over kukuku, pipipi, tatata, kutapi, pitaku, takupi",identity outcome; arithmetic mean across shared sequences,5572,23,independence,robust sandwich
Figure 2,C,audio_mod_dom_hz,fast,Maximally fast,93.869166666666658,0,5.6411111331298063,5.3153008007089468,5.9669214655506657,"mean centered height; standardized over kukuku, pipipi, tatata, kutapi, pitaku, takupi",identity outcome; arithmetic mean across shared sequences,5572,23,independence,robust sandwich
Figure 2,C,audio_mod_dom_hz,fast,Maximally fast,94.094999999999999,0,5.6363201850243652,5.3127848891170615,5.9598554809316688,"mean centered height; standardized over kukuku, pipipi, tatata, kutapi, pitaku, takupi",identity outcome; arithmetic mean across shared sequences,5572,23,independence,robust sandwich
Figure 2,C,audio_mod_dom_hz,fast,Maximally fast,94.320833333333326,0,5.6315292369189232,5.3102578898034913,5.952800584034355,"mean centered height; standardized over kukuku, pipipi, tatata, kutapi, pitaku, takupi",identity outcome; arithmetic mean across shared sequences,5572,23,independence,robust sandwich
Figure 2,C,audio_mod_dom_hz,fast,Maximally fast,94.546666666666667,0,5.626738288813482,5.3077195667127208,5.9457570109142432,"mean centered height; standardized over kukuku, pipipi, tatata, kutapi, pitaku, takupi",identity outcome; arithmetic mean across shared sequences,5572,23,independence,robust sandwich
Figure 2,C,audio_mod_dom_hz,fast,Maximally fast,94.772499999999994,0,5.62194734070804,5.3051696782724695,5.9387250031436105,"mean centered height; standardized over kukuku, pipipi, tatata, kutapi, pitaku, takupi",identity outcome; arithmetic mean across shared sequences,5572,23,independence,robust sandwich
Figure 2,C,audio_mod_dom_hz,fast,Maximally fast,94.998333333333335,0,5.6171563926025989,5.3026079772840875,5.9317048079211103,"mean centered height; standardized over kukuku, pipipi, tatata, kutapi, pitaku, takupi",identity outcome; arithmetic mean across shared sequences,5572,23,independence,robust sandwich
Figure 2,C,audio_mod_dom_hz,fast,Maximally fast,95.224166666666662,0,5.6123654444971578,5.3000342108132186,5.924696678181097,"mean centered height; standardized over kukuku, pipipi, tatata, kutapi, pitaku, takupi",identity outcome; arithmetic mean across shared sequences,5572,23,independence,robust sandwich
Figure 2,C,audio_mod_dom_hz,fast,Maximally fast,95.449999999999989,0,5.6075744963917158,5.2974481200810599,5.9177008727023717,"mean centered height; standardized over kukuku, pipipi, tatata, kutapi, pitaku, takupi",identity outcome; arithmetic mean across shared sequences,5572,23,independence,robust sandwich
Figure 2,C,audio_mod_dom_hz,fast,Maximally fast,95.67583333333333,0,5.6027835482862747,5.2948494403564661,5.9107176562160832,"mean centered height; standardized over kukuku, pipipi, tatata, kutapi, pitaku, takupi",identity outcome; arithmetic mean across shared sequences,5572,23,independence,robust sandwich
Figure 2,C,audio_mod_dom_hz,fast,Maximally fast,95.901666666666657,0,5.5979926001808344,5.2922379008492015,5.9037472995124674,"mean centered height; standardized over kukuku, pipipi, tatata, kutapi, pitaku, takupi",identity outcome; arithmetic mean across shared sequences,5572,23,independence,robust sandwich
Figure 2,C,audio_mod_dom_hz,fast,Maximally fast,96.127499999999998,0,5.5932016520753916,5.2896132246046967,5.8967900795460864,"mean centered height; standardized over kukuku, pipipi, tatata, kutapi, pitaku, takupi",identity outcome; arithmetic mean across shared sequences,5572,23,independence,robust sandwich
Figure 2,C,audio_mod_dom_hz,fast,Maximally fast,96.353333333333325,0,5.5884107039699504,5.2869751284006696,5.8898462795392312,"mean centered height; standardized over kukuku, pipipi, tatata, kutapi, pitaku, takupi",identity outcome; arithmetic mean across shared sequences,5572,23,independence,robust sandwich
Figure 2,C,audio_mod_dom_hz,fast,Maximally fast,96.579166666666666,0,5.5836197558645093,5.28432332264597,5.8829161890830486,"mean centered height; standardized over kukuku, pipipi, tatata, kutapi, pitaku, takupi",identity outcome; arithmetic mean across shared sequences,5572,23,independence,robust sandwich
Figure 2,C,audio_mod_dom_hz,fast,Maximally fast,96.804999999999993,0,5.5788288077590682,5.2816575112821074,5.876000104236029,"mean centered height; standardized over kukuku, pipipi, tatata, kutapi, pitaku, takupi",identity outcome; arithmetic mean across shared sequences,5572,23,independence,robust sandwich
Figure 2,C,audio_mod_dom_hz,fast,Maximally fast,97.030833333333334,0,5.5740378596536262,5.2789773916878939,5.8690983276193585,"mean centered height; standardized over kukuku, pipipi, tatata, kutapi, pitaku, takupi",identity outcome; arithmetic mean across shared sequences,5572,23,independence,robust sandwich
Figure 2,C,audio_mod_dom_hz,fast,Maximally fast,97.256666666666661,0,5.5692469115481851,5.2762826545876838,5.8622111685086864,"mean centered height; standardized over kukuku, pipipi, tatata, kutapi, pitaku, takupi",identity outcome; arithmetic mean across shared sequences,5572,23,independence,robust sandwich
Figure 2,C,audio_mod_dom_hz,fast,Maximally fast,97.482499999999987,0,5.564455963442744,5.2735729839637404,5.8553389429217475,"mean centered height; standardized over kukuku, pipipi, tatata, kutapi, pitaku, takupi",identity outcome; arithmetic mean across shared sequences,5572,23,independence,robust sandwich
Figure 2,C,audio_mod_dom_hz,fast,Maximally fast,97.708333333333329,0,5.5596650153373028,5.2708480569732767,5.8484819737013289,"mean centered height; standardized over kukuku, pipipi, tatata, kutapi, pitaku, takupi",identity outcome; arithmetic mean across shared sequences,5572,23,independence,robust sandwich
Figure 2,C,audio_mod_dom_hz,fast,Maximally fast,97.934166666666655,0,5.5548740672318608,5.2681075438707561,5.8416405905929656,"mean centered height; standardized over kukuku, pipipi, tatata, kutapi, pitaku, takupi",identity outcome; arithmetic mean across shared sequences,5572,23,independence,robust sandwich
Figure 2,C,audio_mod_dom_hz,fast,Maximally fast,98.159999999999997,0,5.5500831191264188,5.2653511079361,5.8348151303167377,"mean centered height; standardized over kukuku, pipipi, tatata, kutapi, pitaku, takupi",identity outcome; arithmetic mean across shared sequences,5572,23,independence,robust sandwich
Figure 2,C,audio_mod_dom_hz,fast,Maximally fast,98.385833333333323,0,5.5452921710209777,5.2625784054094407,5.8280059366325148,"mean centered height; standardized over kukuku, pipipi, tatata, kutapi, pitaku, takupi",identity outcome; arithmetic mean across shared sequences,5572,23,independence,robust sandwich
Figure 2,C,audio_mod_dom_hz,fast,Maximally fast,98.611666666666665,0,5.5405012229155366,5.2597890854331544,5.8212133603979188,"mean centered height; standardized over kukuku, pipipi, tatata, kutapi, pitaku, takupi",identity outcome; arithmetic mean across shared sequences,5572,23,independence,robust sandwich
Figure 2,C,audio_mod_dom_hz,fast,Maximally fast,98.837499999999991,0,5.5357102748100955,5.2569827900019011,5.8144377596182899,"mean centered height; standardized over kukuku, pipipi, tatata, kutapi, pitaku, takupi",identity outcome; arithmetic mean across shared sequences,5572,23,independence,robust sandwich
Figure 2,C,audio_mod_dom_hz,fast,Maximally fast,99.063333333333333,0,5.5309193267046535,5.254159153921468,5.8076794994878389,"mean centered height; standardized over kukuku, pipipi, tatata, kutapi, pitaku, takupi",identity outcome; arithmetic mean across shared sequences,5572,23,independence,robust sandwich
Figure 2,C,audio_mod_dom_hz,fast,Maximally fast,99.289166666666659,0,5.5261283785992124,5.2513178047772486,5.8009389524211761,"mean centered height; standardized over kukuku, pipipi, tatata, kutapi, pitaku, takupi",identity outcome; arithmetic mean across shared sequences,5572,23,independence,robust sandwich
Figure 2,C,audio_mod_dom_hz,fast,Maximally fast,99.514999999999986,0,5.5213374304937712,5.2484583629132082,5.7942164980743343,"mean centered height; standardized over kukuku, pipipi, tatata, kutapi, pitaku, takupi",identity outcome; arithmetic mean across shared sequences,5572,23,independence,robust sandwich
Figure 2,C,audio_mod_dom_hz,fast,Maximally fast,99.740833333333327,0,5.5165464823883292,5.2455804414222715,5.7875125233543869,"mean centered height; standardized over kukuku, pipipi, tatata, kutapi, pitaku, takupi",identity outcome; arithmetic mean across shared sequences,5572,23,independence,robust sandwich
Figure 2,C,audio_mod_dom_hz,fast,Maximally fast,99.966666666666654,0,5.5117555342828872,5.2426836461490591,5.7808274224167153,"mean centered height; standardized over kukuku, pipipi, tatata, kutapi, pitaku, takupi",identity outcome; arithmetic mean across shared sequences,5572,23,independence,robust sandwich
Figure 2,C,audio_mod_dom_hz,fast,Maximally fast,100.1925,0,5.506964586177447,5.2397675757059803,5.7741615966489137,"mean centered height; standardized over kukuku, pipipi, tatata, kutapi, pitaku, takupi",identity outcome; arithmetic mean across shared sequences,5572,23,independence,robust sandwich
Figure 2,C,audio_mod_dom_hz,fast,Maximally fast,100.41833333333332,0,5.5021736380720059,5.2368318215036842,5.7675154546403276,"mean centered height; standardized over kukuku, pipipi, tatata, kutapi, pitaku, takupi",identity outcome; arithmetic mean across shared sequences,5572,23,independence,robust sandwich
Figure 2,C,audio_mod_dom_hz,fast,Maximally fast,100.64416666666666,0,5.4973826899665639,5.2338759677969646,5.7608894121361631,"mean centered height; standardized over kukuku, pipipi, tatata, kutapi, pitaku, takupi",identity outcome; arithmetic mean across shared sequences,5572,23,independence,robust sandwich
Figure 2,C,audio_mod_dom_hz,fast,Maximally fast,100.86999999999999,0,5.4925917418611219,5.2308995917471801,5.7542838919750636,"mean centered height; standardized over kukuku, pipipi, tatata, kutapi, pitaku, takupi",identity outcome; arithmetic mean across shared sequences,5572,23,independence,robust sandwich
Figure 2,C,audio_mod_dom_hz,fast,Maximally fast,101.09583333333333,0,5.4878007937556808,5.2279022635023313,5.7476993240090302,"mean centered height; standardized over kukuku, pipipi, tatata, kutapi, pitaku, takupi",identity outcome; arithmetic mean across shared sequences,5572,23,independence,robust sandwich
Figure 2,C,audio_mod_dom_hz,fast,Maximally fast,101.32166666666666,0,5.4830098456502396,5.2248835462959384,5.7411361450045408,"mean centered height; standardized over kukuku, pipipi, tatata, kutapi, pitaku, takupi",identity outcome; arithmetic mean across shared sequences,5572,23,independence,robust sandwich
Figure 2,C,audio_mod_dom_hz,fast,Maximally fast,101.54749999999999,0,5.4782188975447985,5.221842996565897,5.7345947985237,"mean centered height; standardized over kukuku, pipipi, tatata, kutapi, pitaku, takupi",identity outcome; arithmetic mean across shared sequences,5572,23,independence,robust sandwich
Figure 2,C,audio_mod_dom_hz,fast,Maximally fast,101.77333333333333,0,5.4734279494393565,5.2187801640944969,5.7280757347842162,"mean centered height; standardized over kukuku, pipipi, tatata, kutapi, pitaku, takupi",identity outcome; arithmetic mean across shared sequences,5572,23,independence,robust sandwich
Figure 2,C,audio_mod_dom_hz,fast,Maximally fast,101.99916666666665,0,5.4686370013339154,5.2156945921707951,5.7215794104970357,"mean centered height; standardized over kukuku, pipipi, tatata, kutapi, pitaku, takupi",identity outcome; arithmetic mean across shared sequences,5572,23,independence,robust sandwich
Figure 2,C,audio_mod_dom_hz,fast,Maximally fast,102.22499999999999,0,5.4638460532284743,5.2125858177765716,5.715106288680377,"mean centered height; standardized over kukuku, pipipi, tatata, kutapi, pitaku, takupi",identity outcome; arithmetic mean across shared sequences,5572,23,independence,robust sandwich
Figure 2,C,audio_mod_dom_hz,fast,Maximally fast,102.45083333333332,0,5.4590551051230332,5.2094533717970206,5.7086568384490457,"mean centered height; standardized over kukuku, pipipi, tatata, kutapi, pitaku, takupi",identity outcome; arithmetic mean across shared sequences,5572,23,independence,robust sandwich
Figure 2,C,audio_mod_dom_hz,fast,Maximally fast,102.67666666666666,0,5.4542641570175903,5.2062967792574169,5.7022315347777637,"mean centered height; standardized over kukuku, pipipi, tatata, kutapi, pitaku, takupi",identity outcome; arithmetic mean across shared sequences,5572,23,independence,robust sandwich
Figure 2,C,audio_mod_dom_hz,fast,Maximally fast,102.90249999999999,0,5.44947320891215,5.2031155595868972,5.6958308582374029,"mean centered height; standardized over kukuku, pipipi, tatata, kutapi, pitaku, takupi",identity outcome; arithmetic mean across shared sequences,5572,23,independence,robust sandwich
Figure 2,C,audio_mod_dom_hz,fast,Maximally fast,103.12833333333333,0,5.444682260806708,5.1999092269104583,5.6894552947029577,"mean centered height; standardized over kukuku, pipipi, tatata, kutapi, pitaku, takupi",identity outcome; arithmetic mean across shared sequences,5572,23,independence,robust sandwich
Figure 2,C,audio_mod_dom_hz,fast,Maximally fast,103.35416666666666,0,5.4398913127012669,5.196677290370344,5.6831053350321898,"mean centered height; standardized over kukuku, pipipi, tatata, kutapi, pitaku, takupi",identity outcome; arithmetic mean across shared sequences,5572,23,independence,robust sandwich
Figure 2,C,audio_mod_dom_hz,fast,Maximally fast,103.57999999999998,0,5.4351003645958258,5.1934192544777602,5.6767814747138914,"mean centered height; standardized over kukuku, pipipi, tatata, kutapi, pitaku, takupi",identity outcome; arithmetic mean across shared sequences,5572,23,independence,robust sandwich
Figure 2,C,audio_mod_dom_hz,fast,Maximally fast,103.80583333333333,0,5.4303094164903838,5.1901346194959528,5.6704842134848148,"mean centered height; standardized over kukuku, pipipi, tatata, kutapi, pitaku, takupi",identity outcome; arithmetic mean across shared sequences,5572,23,independence,robust sandwich
Figure 2,C,audio_mod_dom_hz,fast,Maximally fast,104.03166666666667,0,5.4255184683849427,5.1868228818555018,5.6642140549143836,"mean centered height; standardized over kukuku, pipipi, tatata, kutapi, pitaku, takupi",identity outcome; arithmetic mean across shared sequences,5572,23,independence,robust sandwich
Figure 2,C,audio_mod_dom_hz,fast,Maximally fast,104.25749999999999,0,5.4207275202795016,5.183483534602618,5.6579715059563851,"mean centered height; standardized over kukuku, pipipi, tatata, kutapi, pitaku, takupi",identity outcome; arithmetic mean across shared sequences,5572,23,independence,robust sandwich
Figure 2,C,audio_mod_dom_hz,fast,Maximally fast,104.48333333333332,0,5.4159365721740595,5.1801160678811247,5.6517570764669944,"mean centered height; standardized over kukuku, pipipi, tatata, kutapi, pitaku, takupi",identity outcome; arithmetic mean across shared sequences,5572,23,independence,robust sandwich
Figure 2,C,audio_mod_dom_hz,fast,Maximally fast,104.70916666666666,0,5.4111456240686184,5.1767199694486568,5.6455712786885801,"mean centered height; standardized over kukuku, pipipi, tatata, kutapi, pitaku, takupi",identity outcome; arithmetic mean across shared sequences,5572,23,independence,robust sandwich
Figure 2,C,audio_mod_dom_hz,fast,Maximally fast,104.93499999999999,0,5.4063546759631773,5.1732947252274872,5.6394146266988674,"mean centered height; standardized over kukuku, pipipi, tatata, kutapi, pitaku, takupi",identity outcome; arithmetic mean across shared sequences,5572,23,independence,robust sandwich
Figure 2,C,audio_mod_dom_hz,fast,Maximally fast,105.16083333333333,0,5.4015637278577353,5.1698398198901945,5.6332876358252761,"mean centered height; standardized over kukuku, pipipi, tatata, kutapi, pitaku, takupi",identity outcome; arithmetic mean across shared sequences,5572,23,independence,robust sandwich
Figure 2,C,audio_mod_dom_hz,fast,Maximally fast,105.38666666666666,0,5.3967727797522942,5.1663547374802583,5.6271908220243301,"mean centered height; standardized over kukuku, pipipi, tatata, kutapi, pitaku, takupi",identity outcome; arithmetic mean across shared sequences,5572,23,independence,robust sandwich
Figure 2,C,audio_mod_dom_hz,fast,Maximally fast,105.6125,0,5.3919818316468531,5.1628389620673953,5.6211247012263108,"mean centered height; standardized over kukuku, pipipi, tatata, kutapi, pitaku, takupi",identity outcome; arithmetic mean across shared sequences,5572,23,independence,robust sandwich
Figure 2,C,audio_mod_dom_hz,fast,Maximally fast,105.83833333333332,0,5.3871908835414111,5.1592919784373255,5.6150897886454967,"mean centered height; standardized over kukuku, pipipi, tatata, kutapi, pitaku, takupi",identity outcome; arithmetic mean across shared sequences,5572,23,independence,robust sandwich
Figure 2,C,audio_mod_dom_hz,fast,Maximally fast,106.06416666666667,0,5.38239993543597,5.1557132728153494,5.6090865980565905,"mean centered height; standardized over kukuku, pipipi, tatata, kutapi, pitaku, takupi",identity outcome; arithmetic mean across shared sequences,5572,23,independence,robust sandwich
Figure 2,C,audio_mod_dom_hz,fast,Maximally fast,106.28999999999999,0,5.3776089873305288,5.1521023336229028,5.6031156410381548,"mean centered height; standardized over kukuku, pipipi, tatata, kutapi, pitaku, takupi",identity outcome; arithmetic mean across shared sequences,5572,23,independence,robust sandwich
Figure 2,C,audio_mod_dom_hz,fast,Maximally fast,106.51583333333332,0,5.3728180392250868,5.1484586522660178,5.5971774261841558,"mean centered height; standardized over kukuku, pipipi, tatata, kutapi, pitaku, takupi",identity outcome; arithmetic mean across shared sequences,5572,23,independence,robust sandwich
Figure 2,C,audio_mod_dom_hz,fast,Maximally fast,106.74166666666666,0,5.3680270911196457,5.144781723954301,5.5912724582849904,"mean centered height; standardized over kukuku, pipipi, tatata, kutapi, pitaku, takupi",identity outcome; arithmetic mean across shared sequences,5572,23,independence,robust sandwich
Figure 2,C,audio_mod_dom_hz,fast,Maximally fast,106.96749999999999,0,5.3632361430142046,5.1410710485487794,5.5854012374796298,"mean centered height; standardized over kukuku, pipipi, tatata, kutapi, pitaku, takupi",identity outcome; arithmetic mean across shared sequences,5572,23,independence,robust sandwich
Figure 2,C,audio_mod_dom_hz,fast,Maximally fast,107.19333333333333,0,5.3584451949087626,5.1373261314366712,5.579564258380854,"mean centered height; standardized over kukuku, pipipi, tatata, kutapi, pitaku, takupi",identity outcome; arithmetic mean across shared sequences,5572,23,independence,robust sandwich
Figure 2,C,audio_mod_dom_hz,fast,Maximally fast,107.41916666666665,0,5.3536542468033215,5.1335464844308403,5.5737620091758027,"mean centered height; standardized over kukuku, pipipi, tatata, kutapi, pitaku, takupi",identity outcome; arithmetic mean across shared sequences,5572,23,independence,robust sandwich
Figure 2,C,audio_mod_dom_hz,fast,Maximally fast,107.645,0,5.3488632986978804,5.1297316266913722,5.5679949707043885,"mean centered height; standardized over kukuku, pipipi, tatata, kutapi, pitaku, takupi",identity outcome; arithmetic mean across shared sequences,5572,23,independence,robust sandwich
Figure 2,C,audio_mod_dom_hz,fast,Maximally fast,107.87083333333332,0,5.3440723505924392,5.1258810856664185,5.5622636155184599,"mean centered height; standardized over kukuku, pipipi, tatata, kutapi, pitaku, takupi",identity outcome; arithmetic mean across shared sequences,5572,23,independence,robust sandwich
Figure 2,C,audio_mod_dom_hz,fast,Maximally fast,108.09666666666666,0,5.3392814024869972,5.1219943980491607,5.5565684069248338,"mean centered height; standardized over kukuku, pipipi, tatata, kutapi, pitaku, takupi",identity outcome; arithmetic mean across shared sequences,5572,23,independence,robust sandwich
Figure 2,C,audio_mod_dom_hz,fast,Maximally fast,108.32249999999999,0,5.3344904543815552,5.118071110747441,5.5509097980156694,"mean centered height; standardized over kukuku, pipipi, tatata, kutapi, pitaku, takupi",identity outcome; arithmetic mean across shared sequences,5572,23,independence,robust sandwich
Figure 2,C,audio_mod_dom_hz,fast,Maximally fast,108.54833333333332,0,5.329699506276115,5.1141107818622995,5.5452882306899305,"mean centered height; standardized over kukuku, pipipi, tatata, kutapi, pitaku, takupi",identity outcome; arithmetic mean across shared sequences,5572,23,independence,robust sandwich
Figure 2,C,audio_mod_dom_hz,fast,Maximally fast,108.77416666666666,0,5.3249085581706739,5.1101129816714534,5.5397041346698943,"mean centered height; standardized over kukuku, pipipi, tatata, kutapi, pitaku, takupi",identity outcome; arithmetic mean across shared sequences,5572,23,independence,robust sandwich
Figure 2,C,audio_mod_dom_hz,fast,Maximally fast,108.99999999999999,0,5.3201176100652319,5.1060772936134216,5.5341579265170422,"mean centered height; standardized over kukuku, pipipi, tatata, kutapi, pitaku, takupi",identity outcome; arithmetic mean across shared sequences,5572,23,independence,robust sandwich
Figure 2,C,audio_mod_dom_hz,fast,Maximally fast,109.22583333333333,0,5.3153266619597899,5.1020033152678455,5.5286500086517343,"mean centered height; standardized over kukuku, pipipi, tatata, kutapi, pitaku, takupi",identity outcome; arithmetic mean across shared sequences,5572,23,independence,robust sandwich
Figure 2,C,audio_mod_dom_hz,fast,Maximally fast,109.45166666666665,0,5.3105357138543487,5.0978906593272946,5.5231807683814029,"mean centered height; standardized over kukuku, pipipi, tatata, kutapi, pitaku, takupi",identity outcome; arithmetic mean across shared sequences,5572,23,independence,robust sandwich
Figure 2,C,audio_mod_dom_hz,fast,Maximally fast,109.67749999999999,0,5.3057447657489076,5.0937389545557288,5.5177505769420865,"mean centered height; standardized over kukuku, pipipi, tatata, kutapi, pitaku, takupi",identity outcome; arithmetic mean across shared sequences,5572,23,independence,robust sandwich
Figure 2,C,audio_mod_dom_hz,fast,Maximally fast,109.90333333333332,0,5.3009538176434656,5.0895478467286308,5.5123597885583004,"mean centered height; standardized over kukuku, pipipi, tatata, kutapi, pitaku, takupi",identity outcome; arithmetic mean across shared sequences,5572,23,independence,robust sandwich
Figure 2,C,audio_mod_dom_hz,fast,Maximally fast,110.12916666666666,0,5.2961628695380245,5.085316999549752,5.507008739526297,"mean centered height; standardized over kukuku, pipipi, tatata, kutapi, pitaku, takupi",identity outcome; arithmetic mean across shared sequences,5572,23,independence,robust sandwich
Figure 2,C,audio_mod_dom_hz,fast,Maximally fast,110.35499999999999,0,5.2913719214325834,5.0810460955393246,5.5016977473258422,"mean centered height; standardized over kukuku, pipipi, tatata, kutapi, pitaku, takupi",identity outcome; arithmetic mean across shared sequences,5572,23,independence,robust sandwich
Figure 2,C,audio_mod_dom_hz,fast,Maximally fast,110.58083333333332,0,5.2865809733271423,5.0767348368886722,5.4964271097656123,"mean centered height; standardized over kukuku, pipipi, tatata, kutapi, pitaku, takupi",identity outcome; arithmetic mean across shared sequences,5572,23,independence,robust sandwich
Figure 2,C,audio_mod_dom_hz,fast,Maximally fast,110.80666666666666,0,5.2817900252217003,5.0723829462761056,5.4911971041672949,"mean centered height; standardized over kukuku, pipipi, tatata, kutapi, pitaku, takupi",identity outcome; arithmetic mean across shared sequences,5572,23,independence,robust sandwich
Figure 2,C,audio_mod_dom_hz,fast,Maximally fast,111.0325,0,5.2769990771162583,5.0679901676391701,5.4860079865933464,"mean centered height; standardized over kukuku, pipipi, tatata, kutapi, pitaku, takupi",identity outcome; arithmetic mean across shared sequences,5572,23,independence,robust sandwich
Figure 2,C,audio_mod_dom_hz,fast,Maximally fast,111.25833333333333,0,5.2722081290108171,5.0635562668983995,5.4808599911232347,"mean centered height; standardized over kukuku, pipipi, tatata, kutapi, pitaku, takupi",identity outcome; arithmetic mean across shared sequences,5572,23,independence,robust sandwich
Figure 2,C,audio_mod_dom_hz,fast,Maximally fast,111.48416666666665,0,5.267417180905376,5.0590810326279874,5.4757533291827647,"mean centered height; standardized over kukuku, pipipi, tatata, kutapi, pitaku, takupi",identity outcome; arithmetic mean across shared sequences,5572,23,independence,robust sandwich
Figure 2,C,audio_mod_dom_hz,fast,Maximally fast,111.70999999999999,0,5.2626262327999349,5.0545642766689811,5.4706881889308887,"mean centered height; standardized over kukuku, pipipi, tatata, kutapi, pitaku, takupi",identity outcome; arithmetic mean across shared sequences,5572,23,independence,robust sandwich
Figure 2,C,audio_mod_dom_hz,fast,Maximally fast,111.93583333333332,0,5.2578352846944929,5.0500058346809729,5.465664734708013,"mean centered height; standardized over kukuku, pipipi, tatata, kutapi, pitaku, takupi",identity outcome; arithmetic mean across shared sequences,5572,23,independence,robust sandwich
Figure 2,C,audio_mod_dom_hz,fast,Maximally fast,112.16166666666666,0,5.2530443365890518,5.045405566628558,5.4606831065495456,"mean centered height; standardized over kukuku, pipipi, tatata, kutapi, pitaku, takupi",identity outcome; arithmetic mean across shared sequences,5572,23,independence,robust sandwich
Figure 2,C,audio_mod_dom_hz,fast,Maximally fast,112.38749999999999,0,5.2482533884836107,5.0407633571992303,5.455743419767991,"mean centered height; standardized over kukuku, pipipi, tatata, kutapi, pitaku, takupi",identity outcome; arithmetic mean across shared sequences,5572,23,independence,robust sandwich
Figure 2,C,audio_mod_dom_hz,fast,Maximally fast,112.61333333333332,0,5.2434624403781696,5.0360791161498666,5.4508457646064725,"mean centered height; standardized over kukuku, pipipi, tatata, kutapi, pitaku, takupi",identity outcome; arithmetic mean across shared sequences,5572,23,independence,robust sandwich
Figure 2,C,audio_mod_dom_hz,fast,Maximally fast,112.83916666666666,0,5.2386714922727275,5.031352778579361,5.4459902059660941,"mean centered height; standardized over kukuku, pipipi, tatata, kutapi, pitaku, takupi",identity outcome; arithmetic mean across shared sequences,5572,23,independence,robust sandwich
Figure 2,C,audio_mod_dom_hz,fast,Maximally fast,113.065,0,5.2338805441672864,5.026584305125513,5.4411767832090598,"mean centered height; standardized over kukuku, pipipi, tatata, kutapi, pitaku, takupi",identity outcome; arithmetic mean across shared sequences,5572,23,independence,robust sandwich
Figure 2,C,audio_mod_dom_hz,fast,Maximally fast,113.29083333333332,0,5.2290895960618453,5.0217736820847509,5.4364055100389397,"mean centered height; standardized over kukuku, pipipi, tatata, kutapi, pitaku, takupi",identity outcome; arithmetic mean across shared sequences,5572,23,independence,robust sandwich
Figure 2,C,audio_mod_dom_hz,fast,Maximally fast,113.51666666666665,0,5.2242986479564033,5.0169209214538828,5.4316763744589238,"mean centered height; standardized over kukuku, pipipi, tatata, kutapi, pitaku, takupi",identity outcome; arithmetic mean across shared sequences,5572,23,independence,robust sandwich
Figure 2,C,audio_mod_dom_hz,fast,Maximally fast,113.74249999999999,0,5.2195076998509613,5.0120260608935547,5.4269893388083679,"mean centered height; standardized over kukuku, pipipi, tatata, kutapi, pitaku, takupi",identity outcome; arithmetic mean across shared sequences,5572,23,independence,robust sandwich
Figure 2,C,audio_mod_dom_hz,fast,Maximally fast,113.96833333333332,0,5.2147167517455211,5.0070891636136663,5.4223443398773759,"mean centered height; standardized over kukuku, pipipi, tatata, kutapi, pitaku, takupi",identity outcome; arithmetic mean across shared sequences,5572,23,independence,robust sandwich
Figure 2,C,audio_mod_dom_hz,fast,Maximally fast,114.19416666666666,0,5.2099258036400791,5.0021103181815771,5.417741289098581,"mean centered height; standardized over kukuku, pipipi, tatata, kutapi, pitaku, takupi",identity outcome; arithmetic mean across shared sequences,5572,23,independence,robust sandwich
Figure 2,C,audio_mod_dom_hz,fast,Maximally fast,114.41999999999999,0,5.2051348555346379,4.9970896382544616,5.4131800728148143,"mean centered height; standardized over kukuku, pipipi, tatata, kutapi, pitaku, takupi",identity outcome; arithmetic mean across shared sequences,5572,23,independence,robust sandwich
Figure 2,C,audio_mod_dom_hz,fast,Maximally fast,114.64583333333331,0,5.2003439074291968,4.9920272622376496,5.4086605526207441,"mean centered height; standardized over kukuku, pipipi, tatata, kutapi, pitaku, takupi",identity outcome; arithmetic mean across shared sequences,5572,23,independence,robust sandwich
Figure 2,C,audio_mod_dom_hz,fast,Maximally fast,114.87166666666666,0,5.1955529593237548,4.9869233528713917,5.404182565776118,"mean centered height; standardized over kukuku, pipipi, tatata, kutapi, pitaku, takupi",identity outcome; arithmetic mean across shared sequences,5572,23,independence,robust sandwich
Figure 2,C,audio_mod_dom_hz,fast,Maximally fast,115.0975,0,5.1907620112183137,4.9817780967488572,5.3997459256877702,"mean centered height; standardized over kukuku, pipipi, tatata, kutapi, pitaku, takupi",identity outcome; arithmetic mean across shared sequences,5572,23,independence,robust sandwich
Figure 2,C,audio_mod_dom_hz,fast,Maximally fast,115.32333333333332,0,5.1859710631128726,4.9765917037686727,5.3953504224570725,"mean centered height; standardized over kukuku, pipipi, tatata, kutapi, pitaku, takupi",identity outcome; arithmetic mean across shared sequences,5572,23,independence,robust sandwich
Figure 2,C,audio_mod_dom_hz,fast,Maximally fast,115.54916666666665,0,5.1811801150074306,4.9713644065256766,5.3909958234891846,"mean centered height; standardized over kukuku, pipipi, tatata, kutapi, pitaku, takupi",identity outcome; arithmetic mean across shared sequences,5572,23,independence,robust sandwich
Figure 2,C,audio_mod_dom_hz,fast,Maximally fast,115.77499999999999,0,5.1763891669019895,4.9660964596439516,5.3866818741600273,"mean centered height; standardized over kukuku, pipipi, tatata, kutapi, pitaku, takupi",identity outcome; arithmetic mean across shared sequences,5572,23,independence,robust sandwich
Figure 2,C,audio_mod_dom_hz,fast,Maximally fast,116.00083333333332,0,5.1715982187965475,4.9607881390564383,5.3824082985366566,"mean centered height; standardized over kukuku, pipipi, tatata, kutapi, pitaku, takupi",identity outcome; arithmetic mean across shared sequences,5572,23,independence,robust sandwich
Figure 2,C,audio_mod_dom_hz,fast,Maximally fast,116.22666666666666,0,5.1668072706911063,4.9554397412357778,5.3781748001464349,"mean centered height; standardized over kukuku, pipipi, tatata, kutapi, pitaku, takupi",identity outcome; arithmetic mean across shared sequences,5572,23,independence,robust sandwich
Figure 2,C,audio_mod_dom_hz,fast,Maximally fast,116.45249999999999,0,5.1620163225856652,4.9500515823811444,5.3739810627901861,"mean centered height; standardized over kukuku, pipipi, tatata, kutapi, pitaku, takupi",identity outcome; arithmetic mean across shared sequences,5572,23,independence,robust sandwich
Figure 2,C,audio_mod_dom_hz,fast,Maximally fast,116.67833333333331,0,5.1572253744802232,4.9446239975660742,5.3698267513943723,"mean centered height; standardized over kukuku, pipipi, tatata, kutapi, pitaku, takupi",identity outcome; arithmetic mean across shared sequences,5572,23,independence,robust sandwich
Figure 2,C,audio_mod_dom_hz,fast,Maximally fast,116.90416666666665,0,5.1524344263747821,4.939157339852307,5.3657115128972572,"mean centered height; standardized over kukuku, pipipi, tatata, kutapi, pitaku, takupi",identity outcome; arithmetic mean across shared sequences,5572,23,independence,robust sandwich
Figure 2,C,audio_mod_dom_hz,fast,Maximally fast,117.13,0,5.147643478269341,4.9336519793747788,5.3616349771639031,"mean centered height; standardized over kukuku, pipipi, tatata, kutapi, pitaku, takupi",identity outcome; arithmetic mean across shared sequences,5572,23,independence,robust sandwich
Figure 2,C,audio_mod_dom_hz,fast,Maximally fast,117.35583333333332,0,5.142852530163899,4.9281083024028973,5.3575967579249006,"mean centered height; standardized over kukuku, pipipi, tatata, kutapi, pitaku, takupi",identity outcome; arithmetic mean across shared sequences,5572,23,independence,robust sandwich
Figure 2,C,audio_mod_dom_hz,fast,Maximally fast,117.58166666666665,0,5.1380615820584579,4.9225267103831349,5.3535964537337808,"mean centered height; standardized over kukuku, pipipi, tatata, kutapi, pitaku, takupi",identity outcome; arithmetic mean across shared sequences,5572,23,independence,robust sandwich
Figure 2,C,audio_mod_dom_hz,fast,Maximally fast,117.80749999999999,0,5.1332706339530167,4.9169076189679473,5.3496336489380862,"mean centered height; standardized over kukuku, pipipi, tatata, kutapi, pitaku, takupi",identity outcome; arithmetic mean across shared sequences,5572,23,independence,robust sandwich
Figure 2,C,audio_mod_dom_hz,fast,Maximally fast,118.03333333333332,0,5.1284796858475756,4.9112514570358883,5.345707914659263,"mean centered height; standardized over kukuku, pipipi, tatata, kutapi, pitaku, takupi",identity outcome; arithmetic mean across shared sequences,5572,23,independence,robust sandwich
Figure 2,C,audio_mod_dom_hz,fast,Maximally fast,118.25916666666666,0,5.1236887377421336,4.9055586657075843,5.341818809776683,"mean centered height; standardized over kukuku, pipipi, tatata, kutapi, pitaku, takupi",identity outcome; arithmetic mean across shared sequences,5572,23,independence,robust sandwich
Figure 2,C,audio_mod_dom_hz,fast,Maximally fast,118.48499999999999,0,5.1188977896366925,4.8998296973620885,5.3379658819112965,"mean centered height; standardized over kukuku, pipipi, tatata, kutapi, pitaku, takupi",identity outcome; arithmetic mean across shared sequences,5572,23,independence,robust sandwich
Figure 2,C,audio_mod_dom_hz,fast,Maximally fast,118.71083333333333,0,5.1141068415312505,4.8940650146578735,5.3341486684046275,"mean centered height; standardized over kukuku, pipipi, tatata, kutapi, pitaku, takupi",identity outcome; arithmetic mean across shared sequences,5572,23,independence,robust sandwich
Figure 2,C,audio_mod_dom_hz,fast,Maximally fast,118.93666666666665,0,5.1093158934258103,4.8882650895625046,5.3303666972891159,"mean centered height; standardized over kukuku, pipipi, tatata, kutapi, pitaku, takupi",identity outcome; arithmetic mean across shared sequences,5572,23,independence,robust sandwich
Figure 2,C,audio_mod_dom_hz,fast,Maximally fast,119.16249999999999,0,5.1045249453203683,4.8824304023947125,5.326619488246024,"mean centered height; standardized over kukuku, pipipi, tatata, kutapi, pitaku, takupi",identity outcome; arithmetic mean across shared sequences,5572,23,independence,robust sandwich
Figure 2,C,audio_mod_dom_hz,fast,Maximally fast,119.38833333333332,0,5.0997339972149263,4.8765614408823872,5.3229065535474653,"mean centered height; standardized over kukuku, pipipi, tatata, kutapi, pitaku, takupi",identity outcome; arithmetic mean across shared sequences,5572,23,independence,robust sandwich
Figure 2,C,audio_mod_dom_hz,fast,Maximally fast,119.61416666666665,0,5.0949430491094851,4.8706586992396232,5.319227398979347,"mean centered height; standardized over kukuku, pipipi, tatata, kutapi, pitaku, takupi",identity outcome; arithmetic mean across shared sequences,5572,23,independence,robust sandwich
Figure 2,C,audio_mod_dom_hz,fast,Maximally fast,119.83999999999999,0,5.090152101004044,4.8647226772657159,5.3155815247423721,"mean centered height; standardized over kukuku, pipipi, tatata, kutapi, pitaku, takupi",identity outcome; arithmetic mean across shared sequences,5572,23,independence,robust sandwich
Figure 2,C,audio_mod_dom_hz,fast,Maximally fast,120.06583333333332,0,5.0853611528986029,4.8587538794686784,5.3119684263285274,"mean centered height; standardized over kukuku, pipipi, tatata, kutapi, pitaku, takupi",identity outcome; arithmetic mean across shared sequences,5572,23,independence,robust sandwich
Figure 2,C,audio_mod_dom_hz,fast,Maximally fast,120.29166666666666,0,5.0805702047931609,4.8527528142155392,5.3083875953707826,"mean centered height; standardized over kukuku, pipipi, tatata, kutapi, pitaku, takupi",identity outcome; arithmetic mean across shared sequences,5572,23,independence,robust sandwich
Figure 2,C,audio_mod_dom_hz,fast,Maximally fast,120.51749999999998,0,5.0757792566877198,4.8467199929113987,5.3048385204640409,"mean centered height; standardized over kukuku, pipipi, tatata, kutapi, pitaku, takupi",identity outcome; arithmetic mean across shared sequences,5572,23,independence,robust sandwich
Figure 2,C,audio_mod_dom_hz,fast,Maximally fast,120.74333333333333,0,5.0709883085822787,4.840655929208892,5.3013206879556654,"mean centered height; standardized over kukuku, pipipi, tatata, kutapi, pitaku, takupi",identity outcome; arithmetic mean across shared sequences,5572,23,independence,robust sandwich
Figure 2,C,audio_mod_dom_hz,fast,Maximally fast,120.96916666666665,0,5.0661973604768367,4.8345611382494758,5.2978335827041976,"mean centered height; standardized over kukuku, pipipi, tatata, kutapi, pitaku, takupi",identity outcome; arithmetic mean across shared sequences,5572,23,independence,robust sandwich
Figure 2,C,audio_mod_dom_hz,fast,Maximally fast,121.19499999999999,0,5.0614064123713947,4.8284361359376344,5.2943766888051549,"mean centered height; standardized over kukuku, pipipi, tatata, kutapi, pitaku, takupi",identity outcome; arithmetic mean across shared sequences,5572,23,independence,robust sandwich
Figure 2,C,audio_mod_dom_hz,fast,Maximally fast,121.42083333333332,0,5.0566154642659544,4.8222814382488526,5.2909494902830563,"mean centered height; standardized over kukuku, pipipi, tatata, kutapi, pitaku, takupi",identity outcome; arithmetic mean across shared sequences,5572,23,independence,robust sandwich
Figure 2,C,audio_mod_dom_hz,fast,Maximally fast,121.64666666666665,0,5.0518245161605133,4.8160975605719623,5.2875514717490644,"mean centered height; standardized over kukuku, pipipi, tatata, kutapi, pitaku, takupi",identity outcome; arithmetic mean across shared sequences,5572,23,independence,robust sandwich
Figure 2,C,audio_mod_dom_hz,fast,Maximally fast,121.87249999999999,0,5.0470335680550713,4.8098850170862502,5.2841821190238925,"mean centered height; standardized over kukuku, pipipi, tatata, kutapi, pitaku, takupi",identity outcome; arithmetic mean across shared sequences,5572,23,independence,robust sandwich
Figure 2,C,audio_mod_dom_hz,fast,Maximally fast,122.09833333333333,0,5.0422426199496293,4.8036443201734613,5.2808409197257973,"mean centered height; standardized over kukuku, pipipi, tatata, kutapi, pitaku, takupi",identity outcome; arithmetic mean across shared sequences,5572,23,independence,robust sandwich
Figure 2,C,audio_mod_dom_hz,fast,Maximally fast,122.32416666666666,0,5.0374516718441882,4.7973759798646656,5.2775273638237108,"mean centered height; standardized over kukuku, pipipi, tatata, kutapi, pitaku, takupi",identity outcome; arithmetic mean across shared sequences,5572,23,independence,robust sandwich
Figure 2,C,audio_mod_dom_hz,fast,Maximally fast,122.54999999999998,0,5.0326607237387471,4.7910805033217656,5.2742409441557285,"mean centered height; standardized over kukuku, pipipi, tatata, kutapi, pitaku, takupi",identity outcome; arithmetic mean across shared sequences,5572,23,independence,robust sandwich
Figure 2,C,audio_mod_dom_hz,fast,Maximally fast,122.77583333333332,0,5.0278697756333051,4.7847583943532639,5.2709811569133462,"mean centered height; standardized over kukuku, pipipi, tatata, kutapi, pitaku, takupi",identity outcome; arithmetic mean across shared sequences,5572,23,independence,robust sandwich
Figure 2,C,audio_mod_dom_hz,fast,Maximally fast,123.00166666666665,0,5.0230788275278639,4.7784101529637431,5.2677475020919848,"mean centered height; standardized over kukuku, pipipi, tatata, kutapi, pitaku, takupi",identity outcome; arithmetic mean across shared sequences,5572,23,independence,robust sandwich
Figure 2,C,audio_mod_dom_hz,fast,Maximally fast,123.22749999999999,0,5.0182878794224228,4.7720362749364016,5.2645394839084441,"mean centered height; standardized over kukuku, pipipi, tatata, kutapi, pitaku, takupi",identity outcome; arithmetic mean across shared sequences,5572,23,independence,robust sandwich
Figure 2,C,audio_mod_dom_hz,fast,Maximally fast,123.45333333333332,0,5.0134969313169817,4.7656372514478713,5.2613566111860921,"mean centered height; standardized over kukuku, pipipi, tatata, kutapi, pitaku, takupi",identity outcome; arithmetic mean across shared sequences,5572,23,independence,robust sandwich
Figure 2,C,audio_mod_dom_hz,fast,Maximally fast,123.67916666666665,0,5.0087059832115397,4.759213568714431,5.2581983977086484,"mean centered height; standardized over kukuku, pipipi, tatata, kutapi, pitaku, takupi",identity outcome; arithmetic mean across shared sequences,5572,23,independence,robust sandwich
Figure 2,C,audio_mod_dom_hz,fast,Maximally fast,123.90499999999999,0,5.0039150351060977,4.7527657076686562,5.2550643625435391,"mean centered height; standardized over kukuku, pipipi, tatata, kutapi, pitaku, takupi",identity outcome; arithmetic mean across shared sequences,5572,23,independence,robust sandwich
Figure 2,C,audio_mod_dom_hz,fast,Maximally fast,124.13083333333333,0,4.9991240870006566,4.7462941436654926,5.2519540303358205,"mean centered height; standardized over kukuku, pipipi, tatata, kutapi, pitaku, takupi",identity outcome; arithmetic mean across shared sequences,5572,23,independence,robust sandwich
Figure 2,C,audio_mod_dom_hz,fast,Maximally fast,124.35666666666665,0,4.9943331388952155,4.7397993462166248,5.2488669315738061,"mean centered height; standardized over kukuku, pipipi, tatata, kutapi, pitaku, takupi",identity outcome; arithmetic mean across shared sequences,5572,23,independence,robust sandwich
Figure 2,C,audio_mod_dom_hz,fast,Maximally fast,124.58249999999998,0,4.9895421907897743,4.733281778752068,5.2458026028274807,"mean centered height; standardized over kukuku, pipipi, tatata, kutapi, pitaku, takupi",identity outcome; arithmetic mean across shared sequences,5572,23,independence,robust sandwich
Figure 2,C,audio_mod_dom_hz,fast,Maximally fast,124.80833333333332,0,4.9847512426843323,4.7267418984077647,5.2427605869609,"mean centered height; standardized over kukuku, pipipi, tatata, kutapi, pitaku, takupi",identity outcome; arithmetic mean across shared sequences,5572,23,independence,robust sandwich
Figure 2,C,audio_mod_dom_hz,fast,Maximally fast,125.03416666666665,0,4.9799602945788912,4.7201801558380412,5.2397404333197413,"mean centered height; standardized over kukuku, pipipi, tatata, kutapi, pitaku, takupi",identity outcome; arithmetic mean across shared sequences,5572,23,independence,robust sandwich
Figure 2,C,audio_mod_dom_hz,fast,Maximally fast,125.25999999999999,0,4.9751693464734501,4.7135969950516916,5.2367416978952086,"mean centered height; standardized over kukuku, pipipi, tatata, kutapi, pitaku, takupi",identity outcome; arithmetic mean across shared sequences,5572,23,independence,robust sandwich
Figure 2,C,audio_mod_dom_hz,fast,Maximally fast,125.48583333333332,0,4.970378398368009,4.706992853270517,5.233763943465501,"mean centered height; standardized over kukuku, pipipi, tatata, kutapi, pitaku, takupi",identity outcome; arithmetic mean across shared sequences,5572,23,independence,robust sandwich
Figure 2,C,audio_mod_dom_hz,fast,Maximally fast,125.71166666666664,0,4.965587450262567,4.7003681608091048,5.2308067397160292,"mean centered height; standardized over kukuku, pipipi, tatata, kutapi, pitaku, takupi",identity outcome; arithmetic mean across shared sequences,5572,23,independence,robust sandwich
Figure 2,C,audio_mod_dom_hz,fast,Maximally fast,125.93749999999999,0,4.9607965021571259,4.693723340974655,5.2278696633395967,"mean centered height; standardized over kukuku, pipipi, tatata, kutapi, pitaku, takupi",identity outcome; arithmetic mean across shared sequences,5572,23,independence,robust sandwich
Figure 2,C,audio_mod_dom_hz,fast,Maximally fast,126.16333333333333,0,4.9560055540516847,4.6870588099856931,5.2249522981176764,"mean centered height; standardized over kukuku, pipipi, tatata, kutapi, pitaku, takupi",identity outcome; arithmetic mean across shared sequences,5572,23,independence,robust sandwich
Figure 2,C,audio_mod_dom_hz,fast,Maximally fast,126.38916666666665,0,4.9512146059462427,4.680374976908503,5.2220542349839825,"mean centered height; standardized over kukuku, pipipi, tatata, kutapi, pitaku, takupi",identity outcome; arithmetic mean across shared sequences,5572,23,independence,robust sandwich
Figure 2,C,audio_mod_dom_hz,fast,Maximally fast,126.61499999999998,0,4.9464236578408016,4.6736722436101799,5.2191750720714234,"mean centered height; standardized over kukuku, pipipi, tatata, kutapi, pitaku, takupi",identity outcome; arithmetic mean across shared sequences,5572,23,independence,robust sandwich
Figure 2,C,audio_mod_dom_hz,fast,Maximally fast,126.84083333333332,0,4.9416327097353605,4.6669510047271636,5.2163144147435574,"mean centered height; standardized over kukuku, pipipi, tatata, kutapi, pitaku, takupi",identity outcome; arithmetic mean across shared sequences,5572,23,independence,robust sandwich
Figure 2,C,audio_mod_dom_hz,fast,Maximally fast,127.06666666666666,0,4.9368417616299185,4.6602116476482376,5.2134718756115994,"mean centered height; standardized over kukuku, pipipi, tatata, kutapi, pitaku, takupi",identity outcome; arithmetic mean across shared sequences,5572,23,independence,robust sandwich
Figure 2,C,audio_mod_dom_hz,fast,Maximally fast,127.29249999999999,0,4.9320508135244774,4.6534545525109321,5.2106470745380227,"mean centered height; standardized over kukuku, pipipi, tatata, kutapi, pitaku, takupi",identity outcome; arithmetic mean across shared sequences,5572,23,independence,robust sandwich
Figure 2,C,audio_mod_dom_hz,fast,Maximally fast,127.51833333333332,0,4.9272598654190363,4.6466800922103477,5.2078396386277248,"mean centered height; standardized over kukuku, pipipi, tatata, kutapi, pitaku, takupi",identity outcome; arithmetic mean across shared sequences,5572,23,independence,robust sandwich
Figure 2,C,audio_mod_dom_hz,fast,Maximally fast,127.74416666666664,0,4.9224689173135943,4.6398886324194564,5.2050492022077322,"mean centered height; standardized over kukuku, pipipi, tatata, kutapi, pitaku, takupi",identity outcome; arithmetic mean across shared sequences,5572,23,independence,robust sandwich
Figure 2,C,audio_mod_dom_hz,fast,Maximally fast,127.96999999999998,0,4.9176779692081531,4.6330805316199566,5.2022754067963497,"mean centered height; standardized over kukuku, pipipi, tatata, kutapi, pitaku, takupi",identity outcome; arithmetic mean across shared sequences,5572,23,independence,robust sandwich
Figure 2,C,audio_mod_dom_hz,fast,Maximally fast,128.19583333333333,0,4.912887021102712,4.6262561411428154,5.1995179010626087,"mean centered height; standardized over kukuku, pipipi, tatata, kutapi, pitaku, takupi",identity outcome; arithmetic mean across shared sequences,5572,23,independence,robust sandwich
Figure 2,C,audio_mod_dom_hz,fast,Maximally fast,128.42166666666665,0,4.90809607299727,4.6194158052176677,5.1967763407768723,"mean centered height; standardized over kukuku, pipipi, tatata, kutapi, pitaku, takupi",identity outcome; arithmetic mean across shared sequences,5572,23,independence,robust sandwich
Figure 2,C,audio_mod_dom_hz,fast,Maximally fast,128.64749999999998,0,4.9033051248918289,4.6125598610302756,5.1940503887533822,"mean centered height; standardized over kukuku, pipipi, tatata, kutapi, pitaku, takupi",identity outcome; arithmetic mean across shared sequences,5572,23,independence,robust sandwich
Figure 2,C,audio_mod_dom_hz,fast,Maximally fast,128.87333333333333,0,4.8985141767863869,4.6056886387873135,5.1913397147854603,"mean centered height; standardized over kukuku, pipipi, tatata, kutapi, pitaku, takupi",identity outcome; arithmetic mean across shared sequences,5572,23,independence,robust sandwich
Figure 2,C,audio_mod_dom_hz,fast,Maximally fast,129.09916666666666,0,4.8937232286809458,4.5988024617877485,5.188643995574143,"mean centered height; standardized over kukuku, pipipi, tatata, kutapi, pitaku, takupi",identity outcome; arithmetic mean across shared sequences,5572,23,independence,robust sandwich
Figure 2,C,audio_mod_dom_hz,fast,Maximally fast,129.32499999999999,0,4.8889322805755047,4.5919016465001654,5.1859629146508439,"mean centered height; standardized over kukuku, pipipi, tatata, kutapi, pitaku, takupi",identity outcome; arithmetic mean across shared sequences,5572,23,independence,robust sandwich
Figure 2,C,audio_mod_dom_hz,fast,Maximally fast,129.55083333333332,0,4.8841413324700627,4.5849865026453944,5.1832961622947309,"mean centered height; standardized over kukuku, pipipi, tatata, kutapi, pitaku, takupi",identity outcome; arithmetic mean across shared sequences,5572,23,independence,robust sandwich
Figure 2,C,audio_mod_dom_hz,fast,Maximally fast,129.77666666666664,0,4.8793503843646224,4.5780573332838577,5.1806434354453872,"mean centered height; standardized over kukuku, pipipi, tatata, kutapi, pitaku, takupi",identity outcome; arithmetic mean across shared sequences,5572,23,independence,robust sandwich
Figure 2,C,audio_mod_dom_hz,fast,Maximally fast,130.0025,0,4.8745594362591804,4.5711144349070603,5.1780044376113006,"mean centered height; standardized over kukuku, pipipi, tatata, kutapi, pitaku, takupi",identity outcome; arithmetic mean across shared sequences,5572,23,independence,robust sandwich
Figure 2,C,audio_mod_dom_hz,fast,Maximally fast,130.22833333333332,0,4.8697684881537384,4.5641580975327356,5.1753788787747412,"mean centered height; standardized over kukuku, pipipi, tatata, kutapi, pitaku, takupi",identity outcome; arithmetic mean across shared sequences,5572,23,independence,robust sandwich
Figure 2,C,audio_mod_dom_hz,fast,Maximally fast,130.45416666666665,0,4.8649775400482973,4.5571886048031232,5.1727664752934714,"mean centered height; standardized over kukuku, pipipi, tatata, kutapi, pitaku, takupi",identity outcome; arithmetic mean across shared sequences,5572,23,independence,robust sandwich
Figure 2,C,audio_mod_dom_hz,fast,Maximally fast,130.67999999999998,0,4.8601865919428562,4.5502062340859508,5.1701669497997615,"mean centered height; standardized over kukuku, pipipi, tatata, kutapi, pitaku, takupi",identity outcome; arithmetic mean across shared sequences,5572,23,independence,robust sandwich
Figure 2,C,audio_mod_dom_hz,fast,Maximally fast,130.90583333333331,0,4.8553956438374151,4.5432112565776821,5.167580031097148,"mean centered height; standardized over kukuku, pipipi, tatata, kutapi, pitaku, takupi",identity outcome; arithmetic mean across shared sequences,5572,23,independence,robust sandwich
Figure 2,C,audio_mod_dom_hz,fast,Maximally fast,131.13166666666666,0,4.8506046957319731,4.5362039374086569,5.1650054540552892,"mean centered height; standardized over kukuku, pipipi, tatata, kutapi, pitaku, takupi",identity outcome; arithmetic mean across shared sequences,5572,23,independence,robust sandwich
Figure 2,C,audio_mod_dom_hz,fast,Maximally fast,131.35749999999999,0,4.8458137476265319,4.5291845357497387,5.1624429595033252,"mean centered height; standardized over kukuku, pipipi, tatata, kutapi, pitaku, takupi",identity outcome; arithmetic mean across shared sequences,5572,23,independence,robust sandwich
Figure 2,C,audio_mod_dom_hz,fast,Maximally fast,131.58333333333331,0,4.8410227995210908,4.5221533049201428,5.1598922941220389,"mean centered height; standardized over kukuku, pipipi, tatata, kutapi, pitaku, takupi",identity outcome; arithmetic mean across shared sequences,5572,23,independence,robust sandwich
Figure 2,C,audio_mod_dom_hz,fast,Maximally fast,131.80916666666664,0,4.8362318514156497,4.5151104924961425,5.1573532103351569,"mean centered height; standardized over kukuku, pipipi, tatata, kutapi, pitaku, takupi",identity outcome; arithmetic mean across shared sequences,5572,23,independence,robust sandwich
Figure 2,C,audio_mod_dom_hz,fast,Maximally fast,132.03499999999997,0,4.8314409033102077,4.5080563404203566,5.1548254662000588,"mean centered height; standardized over kukuku, pipipi, tatata, kutapi, pitaku, takupi",identity outcome; arithmetic mean across shared sequences,5572,23,independence,robust sandwich
Figure 2,C,audio_mod_dom_hz,fast,Maximally fast,132.26083333333332,0,4.8266499552047657,4.5009910851113641,5.1523088252981672,"mean centered height; standardized over kukuku, pipipi, tatata, kutapi, pitaku, takupi",identity outcome; arithmetic mean across shared sequences,5572,23,independence,robust sandwich
Figure 2,C,audio_mod_dom_hz,fast,Maximally fast,132.48666666666665,0,4.8218590070993246,4.4939149575733985,5.1498030566252506,"mean centered height; standardized over kukuku, pipipi, tatata, kutapi, pitaku, takupi",identity outcome; arithmetic mean across shared sequences,5572,23,independence,robust sandwich
Figure 2,C,audio_mod_dom_hz,fast,Maximally fast,132.71249999999998,0,4.8170680589938835,4.4868281835059021,5.1473079344818649,"mean centered height; standardized over kukuku, pipipi, tatata, kutapi, pitaku, takupi",identity outcome; arithmetic mean across shared sequences,5572,23,independence,robust sandwich
Figure 2,C,audio_mod_dom_hz,fast,Maximally fast,132.93833333333333,0,4.8122771108884415,4.4797309834127574,5.1448232383641255,"mean centered height; standardized over kukuku, pipipi, tatata, kutapi, pitaku, takupi",identity outcome; arithmetic mean across shared sequences,5572,23,independence,robust sandwich
Figure 2,C,audio_mod_dom_hz,fast,Maximally fast,133.16416666666666,0,4.8074861627830003,4.4726235727109946,5.142348752855006,"mean centered height; standardized over kukuku, pipipi, tatata, kutapi, pitaku, takupi",identity outcome; arithmetic mean across shared sequences,5572,23,independence,robust sandwich
Figure 2,C,audio_mod_dom_hz,fast,Maximally fast,133.38999999999999,0,4.8026952146775592,4.4655061618388112,5.1398842675163072,"mean centered height; standardized over kukuku, pipipi, tatata, kutapi, pitaku, takupi",identity outcome; arithmetic mean across shared sequences,5572,23,independence,robust sandwich
