participant_id,sequence,rate,index,analysis_ok,ema_cycles_ok,ema_cycle_rate_hz,jaw_open_amp_median_mm,audio_mod_dom_hz,co_me_mean_mm,height_m
sub-055,kukuku,normal,1,True,False,,,2.5,96.785,1.6
sub-055,tatata,normal,2,True,True,2.455725865848822,1.5466727944803385,5.5,96.785,1.6
sub-055,kutapi,normal,3,True,True,2.0424255975768792,0.786731449124602,4.0,96.785,1.6
sub-055,dadada,normal,4,True,False,,,4.75,96.785,1.6
sub-055,kukuku,normal,5,True,True,1.313677841005833,1.9960789471912728,4.5,96.785,1.6
sub-055,pitaku,normal,6,True,True,3.676366075638384,1.217585034163017,2.25,96.785,1.6
sub-055,dadada,normal,7,True,True,3.5764362395337628,1.7507872533938116,3.0,96.785,1.6
sub-055,tatata,normal,8,True,True,1.5077979079819663,1.5837328901934722,5.0,96.785,1.6
sub-055,kutapi,normal,9,True,False,,,2.0,96.785,1.6
sub-055,bibibi,normal,10,True,True,4.019178346357075,1.543319537177582,4.0,96.785,1.6
sub-055,tatata,normal,11,True,False,,,5.25,96.785,1.6
sub-055,kutapi,normal,12,True,True,3.692657210390104,1.197541212098276,2.5,96.785,1.6
sub-055,dadada,normal,13,True,False,,,3.0,96.785,1.6
sub-055,kukuku,normal,14,True,False,,,2.25,96.785,1.6
sub-055,takupi,normal,15,True,False,,,3.550295857988165,96.785,1.6
sub-055,gugugu,normal,16,True,False,,,4.0,96.785,1.6
sub-055,kukuku,normal,17,True,True,1.4013054548397423,3.176595836371545,2.0,96.785,1.6
sub-055,pitaku,normal,18,True,False,,,4.021937842778794,96.785,1.6
sub-055,gugugu,normal,19,True,False,,,3.75,96.785,1.6
sub-055,pipipi,normal,20,True,False,,,3.806734992679356,96.785,1.6
sub-055,kutapi,normal,21,True,True,3.974449933184729,2.7089994843069594,2.5,96.785,1.6
sub-055,dadada,normal,22,True,False,,,4.0,96.785,1.6
sub-055,kukuku,normal,23,True,False,,,4.25,96.785,1.6
sub-055,pitaku,normal,24,True,True,3.633617744147084,3.930678742978568,3.5,96.785,1.6
sub-055,tatata,normal,25,True,True,1.3766128898530798,2.069047080560064,3.25,96.785,1.6
sub-055,pipipi,normal,26,True,True,2.4084094489144445,3.594715849480126,2.75,96.785,1.6
sub-055,takupi,normal,27,True,False,,,4.25,96.785,1.6
sub-055,kukuku,normal,28,True,True,3.887914475852555,3.067818837788468,2.0,96.785,1.6
sub-055,dadada,normal,29,True,True,2.6651695180950887,2.5555541658941276,4.25,96.785,1.6
sub-055,pitaku,normal,30,True,False,,,4.25,96.785,1.6
sub-055,kukuku,normal,31,True,False,,,2.366863905325443,96.785,1.6
sub-055,gugugu,normal,32,True,False,,,4.0,96.785,1.6
sub-055,kutapi,normal,33,True,False,,,2.0,96.785,1.6
sub-055,pipipi,normal,34,True,True,3.810867390203038,3.3268365648396276,2.5,96.785,1.6
sub-055,dadada,normal,35,True,True,1.030473622412693,2.854177999481869,4.5,96.785,1.6
sub-055,pitaku,normal,36,True,False,,,3.25,96.785,1.6
sub-055,kukuku,normal,37,True,False,,,2.0,96.785,1.6
sub-055,bibibi,normal,38,True,False,,,4.25,96.785,1.6
sub-055,pitaku,normal,39,True,True,3.628343988350064,3.5705271167785213,2.0,96.785,1.6
sub-055,dadada,normal,40,True,False,,,2.5396825396825395,96.785,1.6
sub-055,gugugu,normal,41,True,False,,,3.75,96.785,1.6
sub-055,kutapi,normal,42,True,True,3.834246875677416,2.3874823275849115,3.75,96.785,1.6
sub-055,dadada,normal,43,True,False,,,2.25,96.785,1.6
sub-055,pipipi,normal,44,True,False,,,3.75,96.785,1.6
sub-055,takupi,normal,45,True,False,,,2.5,96.785,1.6
sub-055,kukuku,normal,46,True,True,3.4152035012864412,4.14983794040072,2.0,96.785,1.6
sub-055,tatata,normal,47,True,True,2.676583472100294,2.977308556622552,3.75,96.785,1.6
sub-055,pitaku,normal,48,True,True,1.0619919128894113,4.692339536012261,2.25,96.785,1.6
sub-055,dadada,normal,49,True,False,,,2.0,96.785,1.6
sub-055,bibibi,normal,50,True,True,2.3945679721663553,2.6251842942904027,2.25,96.785,1.6
sub-055,pitaku,normal,51,True,False,,,3.5,96.785,1.6
sub-055,kukuku,normal,52,True,True,3.633617678694295,3.818211812784286,3.0,96.785,1.6
sub-055,dadada,normal,53,True,True,2.3320232863261894,2.1811579137597175,2.0,96.785,1.6
sub-055,pitaku,normal,54,True,False,,,2.5,96.785,1.6
sub-055,kukuku,normal,55,True,False,,,7.10059171597633,96.785,1.6
sub-055,gugugu,normal,56,True,False,,,3.75,96.785,1.6
sub-055,takupi,normal,57,True,True,3.5510354587239705,2.6306944832992976,3.0,96.785,1.6
sub-055,dadada,normal,58,True,False,,,2.25,96.785,1.6
sub-055,bibibi,normal,59,True,True,2.40377784898238,3.2100264884273386,2.0,96.785,1.6
sub-055,kutapi,normal,60,True,False,,,2.348993288590604,96.785,1.6
sub-055,tatata,normal,61,True,False,,,2.7613412228796843,96.785,1.6
sub-055,gugugu,normal,62,True,False,,,3.75,96.785,1.6
sub-055,pitaku,normal,63,True,False,,,2.0,96.785,1.6
sub-055,bibibi,normal,64,True,False,,,5.128205128205128,96.785,1.6
sub-055,gugugu,normal,65,True,False,,,3.75,96.785,1.6
sub-055,takupi,normal,66,True,False,,,3.5,96.785,1.6
sub-055,kukuku,normal,67,True,False,,,2.5594149908592323,96.785,1.6
sub-055,gugugu,normal,68,True,False,,,3.5,96.785,1.6
sub-055,takupi,normal,69,True,False,,,2.0,96.785,1.6
sub-055,pipipi,normal,70,True,True,3.8579147555067568,5.484625977107686,3.0,96.785,1.6
sub-055,dadada,normal,71,True,True,2.1700770499725506,4.417929543838791,2.5,96.785,1.6
sub-055,takupi,normal,72,True,False,,,3.5,96.785,1.6
sub-055,kukuku,normal,73,True,False,,,2.75,96.785,1.6
sub-055,bibibi,normal,74,True,True,2.31047020477669,4.274597450829211,3.25,96.785,1.6
sub-055,takupi,normal,75,True,False,,,3.25,96.785,1.6
sub-055,pipipi,normal,76,True,True,3.4434280462374365,4.262599262965109,2.0,96.785,1.6
sub-055,tatata,normal,77,True,True,2.09549770458372,3.2957327399054623,3.0,96.785,1.6
sub-055,kutapi,normal,78,True,False,,,3.5,96.785,1.6
sub-055,pipipi,normal,79,True,True,2.446114248109959,2.7351783255201205,3.75,96.785,1.6
sub-055,takupi,normal,80,True,False,,,2.7993779160186625,96.785,1.6
sub-055,bibibi,normal,81,True,False,,,2.75,96.785,1.6
sub-055,pipipi,normal,82,True,False,,,3.75,96.785,1.6
sub-055,takupi,normal,83,True,True,3.36012014544218,3.095298313402205,2.0,96.785,1.6
sub-055,dadada,normal,84,True,False,,,2.0,96.785,1.6
sub-055,pipipi,normal,85,True,True,2.3517680039595312,6.189110629900491,2.0,96.785,1.6
sub-055,takupi,normal,86,True,False,,,3.0,96.785,1.6
sub-055,bibibi,normal,87,True,True,3.4386924184442664,5.781125092840088,3.5,96.785,1.6
sub-055,tatata,normal,88,True,True,2.4800886787787513,4.355410169205534,4.0,96.785,1.6
sub-055,pitaku,normal,89,True,False,,,3.290676416819013,96.785,1.6
sub-055,gugugu,normal,90,True,True,0.9570939464812332,5.794258933685607,3.5,96.785,1.6
sub-055,dadada,normal,91,True,True,1.8408905656914445,3.975250892729469,3.75,96.785,1.6
sub-055,takupi,normal,92,True,False,,,3.25,96.785,1.6
sub-055,pipipi,normal,93,True,True,3.1968406498836077,6.387411618479127,2.0,96.785,1.6
sub-055,tatata,normal,94,True,True,1.908343044434337,3.4989522683785452,3.0,96.785,1.6
sub-055,pitaku,normal,95,True,True,3.405898349058558,3.402155408377973,2.5,96.785,1.6
sub-055,dadada,normal,96,True,True,3.205037677191002,3.782318140319907,3.0,96.785,1.6
sub-055,tatata,normal,97,True,True,1.3476708292231705,2.833090649080624,2.25,96.785,1.6
sub-055,kutapi,normal,98,True,True,3.472124150290253,2.986876862252153,2.25,96.785,1.6
sub-055,dadada,normal,99,True,True,2.6594993491584913,5.075918353476728,2.25,96.785,1.6
sub-055,tatata,normal,100,True,False,,,2.510460251046025,96.785,1.6
sub-055,kutapi,normal,101,True,True,1.354975313968013,3.098480882153008,2.0,96.785,1.6
sub-055,dadada,normal,102,True,True,3.3421516768328665,3.4517280547436116,2.0,96.785,1.6
sub-055,tatata,normal,103,True,True,1.514191068607501,2.910498547507164,2.25,96.785,1.6
sub-055,pitaku,normal,104,True,False,,,2.5,96.785,1.6
sub-055,kukuku,normal,105,True,True,3.280747315316252,6.609541651158798,3.0,96.785,1.6
sub-055,tatata,normal,106,True,True,0.6558052083606989,2.865947813320176,3.5,96.785,1.6
sub-055,kutapi,normal,107,True,False,,,5.118829981718465,96.785,1.6
sub-055,gugugu,normal,108,True,False,,,3.25,96.785,1.6
sub-055,tatata,normal,109,True,True,1.0526018754825197,4.133312318193631,2.75,96.785,1.6
sub-055,kutapi,normal,110,True,False,,,2.9250457038391224,96.785,1.6
sub-055,gugugu,normal,111,True,False,,,3.5,96.785,1.6
sub-055,kukuku,normal,112,True,True,2.540578713690025,3.854878480224585,2.5,96.785,1.6
sub-055,takupi,normal,113,True,True,0.8394659013670195,2.1760406597527595,3.25,96.785,1.6
sub-055,pipipi,normal,114,True,True,3.0787308550135277,4.774788302834872,2.25,96.785,1.6
sub-055,tatata,normal,115,True,False,,,3.0,96.785,1.6
sub-055,pitaku,normal,116,True,False,,,3.0,96.785,1.6
sub-055,bibibi,normal,117,True,True,2.31904402065954,3.5188404234570303,3.0,96.785,1.6
sub-055,kutapi,normal,118,True,False,,,3.5,96.785,1.6
sub-055,pipipi,normal,119,True,False,,,2.75,96.785,1.6
sub-055,dadada,normal,120,False,False,,,2.375296912114014,96.785,1.6
sub-055,pitaku,normal,121,True,False,,,3.0,96.785,1.6
sub-055,kukuku,normal,122,True,False,,,3.25,96.785,1.6
sub-055,pipipi,normal,123,True,False,,,2.5,96.785,1.6
sub-055,kutapi,normal,124,True,True,2.670864464196911,4.292542494734368,2.25,96.785,1.6
sub-055,tatata,normal,125,True,True,1.0245611223312738,2.327182686932465,2.5,96.785,1.6
sub-055,bibibi,normal,126,True,False,,,3.5,96.785,1.6
sub-055,takupi,normal,127,True,False,,,3.25,96.785,1.6
sub-055,pipipi,normal,128,True,True,2.8801026941109544,6.620245687174773,2.25,96.785,1.6
sub-055,tatata,normal,129,True,True,1.9025335909347856,3.298450930741046,3.25,96.785,1.6
sub-055,kutapi,normal,130,True,False,,,3.0,96.785,1.6
sub-055,pipipi,normal,131,True,False,,,2.75,96.785,1.6
sub-055,bibibi,normal,132,True,False,,,2.0,96.785,1.6
sub-055,kutapi,normal,133,True,False,,,3.550295857988165,96.785,1.6
sub-055,gugugu,normal,134,True,False,,,3.25,96.785,1.6
sub-055,pipipi,normal,135,True,False,,,2.25,96.785,1.6
sub-055,takupi,normal,136,True,False,,,3.290676416819013,96.785,1.6
sub-055,gugugu,normal,137,True,False,,,3.5,96.785,1.6
sub-055,bibibi,normal,138,True,False,,,2.0,96.785,1.6
sub-055,takupi,normal,139,True,False,,,2.7613412228796843,96.785,1.6
sub-055,gugugu,normal,140,True,False,,,3.5,96.785,1.6
sub-055,bibibi,normal,141,True,False,,,3.0,96.785,1.6
sub-055,pitaku,normal,142,True,False,,,2.25,96.785,1.6
sub-055,kukuku,normal,143,True,False,,,2.1937842778793417,96.785,1.6
sub-055,gugugu,normal,144,True,False,,,3.0,96.785,1.6
sub-055,kutapi,normal,145,True,False,,,3.0,96.785,1.6
sub-055,bibibi,normal,146,True,False,,,2.25,96.785,1.6
sub-055,pipipi,normal,147,True,False,,,2.0,96.785,1.6
sub-055,takupi,normal,148,True,False,,,3.0,96.785,1.6
sub-055,bibibi,normal,149,True,True,3.1093646980716705,3.8034121112968062,2.25,96.785,1.6
sub-055,tatata,normal,150,True,True,0.894109162106446,3.0964461582125145,3.0,96.785,1.6
sub-055,pitaku,normal,151,True,False,,,2.5594149908592323,96.785,1.6
sub-055,gugugu,normal,152,True,False,,,3.0,96.785,1.6
sub-055,pipipi,normal,153,True,True,1.4107952693282295,3.5072343491361053,3.5,96.785,1.6
sub-055,kutapi,normal,154,True,True,1.1692840118099266,1.1751284531490302,2.0,96.785,1.6
sub-055,bibibi,normal,155,True,False,,,3.1558185404339247,96.785,1.6
sub-055,gugugu,normal,156,True,False,,,3.25,96.785,1.6
sub-055,pitaku,normal,157,True,True,0.949460393942128,2.691293961610177,3.25,96.785,1.6
sub-055,kukuku,normal,158,True,False,,,2.0,96.785,1.6
sub-055,bibibi,normal,159,True,False,,,3.5,96.785,1.6
sub-055,pitaku,normal,160,False,False,,,7.758620689655173,96.785,1.6
sub-055,dadada,normal,161,True,False,,,2.75,96.785,1.6
sub-055,bibibi,normal,162,True,False,,,2.75,96.785,1.6
sub-055,takupi,normal,163,True,False,,,2.25,96.785,1.6
sub-055,pipipi,normal,164,True,False,,,2.0,96.785,1.6
sub-055,kukuku,normal,165,True,False,,,2.5,96.785,1.6
sub-055,takupi,normal,166,True,False,,,3.1558185404339247,96.785,1.6
sub-055,gugugu,normal,167,True,False,,,3.25,96.785,1.6
sub-055,pipipi,normal,168,True,False,,,2.5,96.785,1.6
sub-055,kutapi,normal,169,True,True,2.7684704871874564,4.316393047422256,3.25,96.785,1.6
sub-055,tatata,normal,170,True,False,,,2.1937842778793417,96.785,1.6
sub-055,gugugu,normal,171,True,False,,,3.25,96.785,1.6
sub-055,kutapi,normal,172,True,False,,,3.25,96.785,1.6
sub-055,bibibi,normal,173,True,True,3.289380065697728,6.076349052378205,2.25,96.785,1.6
sub-055,tatata,normal,174,True,True,2.1700771266755843,4.117263517615738,2.0,96.785,1.6
sub-055,pitaku,normal,175,True,False,,,4.339250493096647,96.785,1.6
sub-055,gugugu,normal,176,True,False,,,3.0,96.785,1.6
sub-055,kukuku,normal,177,True,False,,,2.5,96.785,1.6
sub-055,takupi,normal,178,True,False,,,2.5,96.785,1.6
sub-055,bibibi,normal,179,True,True,2.948029304163058,5.50742185079085,3.0,96.785,1.6
sub-055,dadada,normal,180,False,False,,,2.3121387283236996,96.785,1.6
sub-055,pitaku,fast,1,True,False,,,5.0,96.785,1.6
sub-055,kukuku,fast,2,True,False,,,4.5,96.785,1.6
sub-055,takupi,fast,3,True,True,1.7972169779406986,2.7894042025697816,5.5,96.785,1.6
sub-055,kutapi,fast,4,True,True,1.6868615494706556,2.9267095868584505,5.25,96.785,1.6
sub-055,pipipi,fast,5,True,True,5.081156130722586,1.1076578828445722,5.5,96.785,1.6
sub-055,takupi,fast,6,True,True,1.940938521984093,4.128622138898152,6.5,96.785,1.6
sub-055,kutapi,fast,7,True,True,3.36917630231201,2.49787811705323,6.25,96.785,1.6
sub-055,tatata,fast,8,True,True,4.892228603357166,3.2266447537167102,5.25,96.785,1.6
sub-055,kukuku,fast,9,True,False,,,5.0,96.785,1.6
sub-055,takupi,fast,10,True,True,1.1595217144320555,4.285106267117298,6.0,96.785,1.6
sub-055,kutapi,fast,11,True,True,1.8754154661031597,3.4809452338807296,5.75,96.785,1.6
sub-055,tatata,fast,12,True,True,4.844823287433162,2.802644440259268,4.5,96.785,1.6
sub-055,kukuku,fast,13,True,False,,,5.25,96.785,1.6
sub-055,takupi,fast,14,True,False,,,6.75,96.785,1.6
sub-055,kutapi,fast,15,True,False,,,6.0,96.785,1.6
sub-055,tatata,fast,16,True,True,5.143886453324098,2.9513510585518477,6.0,96.785,1.6
sub-055,pitaku,fast,17,True,False,,,6.0,96.785,1.6
sub-055,kutapi,fast,18,True,True,1.7946366233420756,3.5580521832329337,6.0,96.785,1.6
sub-055,tatata,fast,19,True,True,5.296459356600661,1.9717776923095671,6.25,96.785,1.6
sub-055,kukuku,fast,20,True,False,,,4.5,96.785,1.6
sub-055,takupi,fast,21,True,False,,,5.5,96.785,1.6
sub-055,kutapi,fast,22,True,True,3.6981196897185873,3.593100651572943,6.25,96.785,1.6
sub-055,tatata,fast,23,True,True,5.470303961159223,2.2675692834904124,6.0,96.785,1.6
sub-055,pipipi,fast,24,True,False,,,5.5,96.785,1.6
sub-055,takupi,fast,25,True,False,,,2.0,96.785,1.6
sub-055,kukuku,fast,26,True,False,,,5.0,96.785,1.6
sub-055,pipipi,fast,27,True,True,4.480159337365169,3.016379429872031,5.5,96.785,1.6
sub-055,kutapi,fast,28,True,True,2.3320232371732876,2.5012185871066457,5.5,96.785,1.6
sub-055,tatata,fast,29,True,True,5.330338827824659,2.978370901053606,6.0,96.785,1.6
sub-055,pipipi,fast,30,True,True,4.664046474346575,3.4144484044272296,4.75,96.785,1.6
sub-055,takupi,fast,31,True,False,,,6.5,96.785,1.6
sub-055,pitaku,fast,32,True,False,,,6.0,96.785,1.6
sub-055,tatata,fast,33,True,True,5.081156321645863,3.591822338146711,5.5,96.785,1.6
sub-055,pipipi,fast,34,True,True,4.152705830979675,2.980966810969516,4.75,96.785,1.6
sub-055,kutapi,fast,35,True,True,3.351111139744992,2.945524019872435,5.75,96.785,1.6
sub-055,takupi,fast,36,True,True,2.019328683562007,3.0289165357658447,6.0,96.785,1.6
sub-055,kukuku,fast,37,True,False,,,4.5,96.785,1.6
sub-055,pitaku,fast,38,True,False,,,6.0,96.785,1.6
sub-055,kutapi,fast,39,True,True,3.387437547763909,3.5025471669965764,5.75,96.785,1.6
sub-055,pipipi,fast,40,True,True,4.409045697089532,2.0233380916841313,4.25,96.785,1.6
sub-055,tatata,fast,41,True,True,5.387779250936866,3.109437368650825,5.25,96.785,1.6
sub-055,pitaku,fast,42,True,True,2.3517681772668917,3.5988844178465387,6.25,96.785,1.6
sub-055,kukuku,fast,43,True,True,1.5782383664360513,1.4358889967320128,4.25,96.785,1.6
sub-055,tatata,fast,44,True,True,4.8826749461615355,3.7368886123832623,5.0,96.785,1.6
sub-055,kutapi,fast,45,True,True,3.433969192904815,3.182614230334064,5.75,96.785,1.6
sub-055,pipipi,fast,46,True,True,1.927470757467005,5.520627347319053,5.0,96.785,1.6
sub-055,tatata,fast,47,True,True,4.930827559042814,3.23010275573756,5.5,96.785,1.6
sub-055,pitaku,fast,48,True,False,,,6.75,96.785,1.6
sub-055,kukuku,fast,49,True,False,,,4.75,96.785,1.6
sub-055,pipipi,fast,50,True,False,,,4.75,96.785,1.6
sub-055,takupi,fast,51,True,False,,,6.25,96.785,1.6
sub-055,kukuku,fast,52,True,False,,,5.25,96.785,1.6
sub-055,tatata,fast,53,True,True,4.789137111943882,3.916483555531084,5.5,96.785,1.6
sub-055,pitaku,fast,54,True,False,,,4.25,96.785,1.6
sub-055,kutapi,fast,55,True,False,,,5.75,96.785,1.6
sub-055,pipipi,fast,56,True,False,,,4.5,96.785,1.6
sub-055,tatata,fast,57,True,True,4.770857962661653,3.9933501194090137,5.25,96.785,1.6
sub-055,kutapi,fast,58,True,True,1.9561264260052469,4.573680472670725,5.5,96.785,1.6
sub-055,pipipi,fast,59,True,True,2.1625688342860774,1.649019379999391,4.25,96.785,1.6
sub-055,kukuku,fast,60,True,False,,,2.0,96.785,1.6
sub-055,pitaku,fast,61,True,False,,,5.75,96.785,1.6
sub-055,kutapi,fast,62,True,True,1.9112608544640408,2.5696722341274665,6.0,96.785,1.6
sub-055,pipipi,fast,63,True,False,,,4.5,96.785,1.6
sub-055,kukuku,fast,64,True,False,,,4.75,96.785,1.6
sub-055,pitaku,fast,65,True,False,,,6.0,96.785,1.6
sub-055,takupi,fast,66,True,True,1.9653531427979285,5.700812360396491,6.0,96.785,1.6
sub-055,pipipi,fast,67,True,False,,,4.25,96.785,1.6
sub-055,kukuku,fast,68,True,False,,,4.5,96.785,1.6
sub-055,takupi,fast,69,True,False,,,6.0,96.785,1.6
sub-055,pipipi,fast,70,True,True,4.97993864071507,2.8524116961328234,5.25,96.785,1.6
sub-055,kutapi,fast,71,True,False,,,5.75,96.785,1.6
sub-055,tatata,fast,72,True,True,4.863675481787872,4.327664913251935,5.0,96.785,1.6
sub-055,kukuku,fast,73,True,False,,,4.75,96.785,1.6
sub-055,takupi,fast,74,True,True,3.22155824438011,1.8232213024561457,6.25,96.785,1.6
sub-055,pipipi,fast,75,True,True,2.6426312871447832,2.0257713165007054,5.0,96.785,1.6
sub-055,kukuku,fast,76,True,False,,,4.5,96.785,1.6
sub-055,pitaku,fast,77,True,True,1.2088632483747412,3.1019080990945813,6.5,96.785,1.6
sub-055,kutapi,fast,78,True,True,1.980926464056232,3.3506632410345185,6.0,96.785,1.6
sub-055,tatata,fast,79,True,True,4.355277347803077,4.101167710263223,4.75,96.785,1.6
sub-055,kukuku,fast,80,True,False,,,4.25,96.785,1.6
sub-055,takupi,fast,81,True,True,1.9777920428044065,1.5929706403476995,5.75,96.785,1.6
sub-055,pipipi,fast,82,True,False,,,4.5,96.785,1.6
sub-055,tatata,fast,83,True,True,4.512507476723411,2.376069008731614,5.0,96.785,1.6
sub-055,kutapi,fast,84,True,True,3.19684033517234,4.047668388560398,6.0,96.785,1.6
sub-055,pitaku,fast,85,True,False,,,6.0,96.785,1.6
sub-055,tatata,fast,86,True,True,4.496275435440235,2.859554747648202,4.75,96.785,1.6
sub-055,pipipi,fast,87,True,False,,,4.75,96.785,1.6
sub-055,takupi,fast,88,True,False,,,5.75,96.785,1.6
sub-055,pitaku,fast,89,True,False,,,6.25,96.785,1.6
sub-055,tatata,fast,90,True,True,4.448272494848346,2.982436405600014,4.75,96.785,1.6
sub-055,pipipi,fast,91,True,False,,,4.5,96.785,1.6
sub-055,takupi,fast,92,True,False,,,5.75,96.785,1.6
sub-055,pitaku,fast,93,True,False,,,6.0,96.785,1.6
sub-055,tatata,fast,94,True,True,4.464159182329946,3.365071082447592,4.5,96.785,1.6
sub-055,kukuku,fast,95,True,False,,,5.0,96.785,1.6
sub-055,pitaku,fast,96,True,False,,,5.75,96.785,1.6
sub-055,takupi,fast,97,True,False,,,5.75,96.785,1.6
sub-055,pipipi,fast,98,True,True,4.520667526410072,3.551991780427634,5.0,96.785,1.6
sub-055,kutapi,fast,99,True,True,1.9653530991389696,3.435987681006522,5.5,96.785,1.6
sub-055,pitaku,fast,100,True,False,,,6.25,96.785,1.6
sub-055,kukuku,fast,101,True,False,,,4.25,96.785,1.6
sub-055,takupi,fast,102,True,True,1.9500228495970584,3.4131270049455127,6.0,96.785,1.6
sub-055,pitaku,fast,103,True,True,2.358423861493801,1.5047455707748991,6.0,96.785,1.6
sub-055,tatata,fast,104,True,True,4.892229536562484,3.187497878057096,5.0,96.785,1.6
sub-055,kutapi,fast,105,True,True,3.3601200177196633,3.160908046282435,5.5,96.785,1.6
sub-055,pitaku,fast,106,True,True,2.4200670795580144,1.752090519665896,6.0,96.785,1.6
sub-055,kukuku,fast,107,True,False,,,4.25,96.785,1.6
sub-055,takupi,fast,108,True,True,1.9746676881385696,3.0613645542878984,6.0,96.785,1.6
sub-055,pitaku,fast,109,True,False,,,6.0,96.785,1.6
sub-055,kukuku,fast,110,True,False,,,4.25,96.785,1.6
sub-055,pipipi,fast,111,True,True,1.62544167307115,2.9306768563379286,4.75,96.785,1.6
sub-055,takupi,fast,112,True,True,1.9653532179115007,3.23868338338102,6.0,96.785,1.6
sub-055,kukuku,fast,113,True,False,,,4.5,96.785,1.6
sub-055,pitaku,fast,114,True,True,1.982497456925796,2.2912179286003704,5.75,96.785,1.6
sub-055,takupi,fast,115,True,False,,,6.0,96.785,1.6
sub-055,pipipi,fast,116,True,True,4.159616128425007,1.9797910060724175,4.5,96.785,1.6
sub-055,kutapi,fast,117,True,True,1.888164118718602,2.7389822855589863,6.0,96.785,1.6
sub-055,pitaku,fast,118,True,True,1.649029876770072,2.229886521030918,6.25,96.785,1.6
sub-055,tatata,fast,119,True,True,4.863675667672041,2.8397581336614035,5.0,96.785,1.6
sub-055,kutapi,fast,120,True,True,2.012825517861054,3.889460375250579,5.5,96.785,1.6
sub-105,pipipi,normal,1,True,False,,,4.25,112.035,1.73
sub-105,kukuku,normal,2,True,False,,,4.5,112.035,1.73
sub-105,pitaku,normal,3,True,True,2.122180549366702,3.05511913518154,4.75,112.035,1.73
sub-105,kutapi,normal,4,True,True,3.6709672351747065,2.804865693640635,3.25,112.035,1.73
sub-105,tatata,normal,5,True,False,,,2.9250457038391224,112.035,1.73
sub-105,gugugu,normal,6,True,False,,,3.75,112.035,1.73
sub-105,pitaku,normal,7,True,False,,,3.25,112.035,1.73
sub-105,bibibi,normal,8,True,True,3.7992837190789897,3.425727615823126,2.75,112.035,1.73
sub-105,tatata,normal,9,True,False,,,3.0,112.035,1.73
sub-105,kutapi,normal,10,True,False,,,3.5,112.035,1.73
sub-105,bibibi,normal,11,True,False,,,3.0,112.035,1.73
sub-105,pipipi,normal,12,True,True,1.96844778516061,3.1339217957954055,2.5,112.035,1.73
sub-105,kutapi,normal,13,True,False,,,3.25,112.035,1.73
sub-105,bibibi,normal,14,True,True,3.869858648845163,2.4300742726629085,3.5,112.035,1.73
sub-105,tatata,normal,15,True,True,1.005198507098502,2.988227704160562,2.0,112.035,1.73
sub-105,kutapi,normal,16,True,True,0.7296931369392805,1.2222259289725912,3.0,112.035,1.73
sub-105,pipipi,normal,17,True,True,3.893969917685319,3.130433557712533,4.0,112.035,1.73
sub-105,dadada,normal,18,True,True,1.8573021449880944,2.4537327856192572,3.0,112.035,1.73
sub-105,pitaku,normal,19,True,False,,,2.25,112.035,1.73
sub-105,bibibi,normal,20,True,False,,,4.4673539518900345,112.035,1.73
sub-105,dadada,normal,21,True,True,0.9678391284208884,3.1619559106632193,2.0,112.035,1.73
sub-105,takupi,normal,22,True,False,,,2.75,112.035,1.73
sub-105,kukuku,normal,23,True,True,3.79928338709902,3.3173135140823025,3.75,112.035,1.73
sub-105,dadada,normal,24,True,True,1.5059810052476834,2.895694527240103,4.25,112.035,1.73
sub-105,takupi,normal,25,True,False,,,4.0,112.035,1.73
sub-105,kukuku,normal,26,True,True,3.980777816419036,4.628461438972825,2.0,112.035,1.73
sub-105,dadada,normal,27,True,True,1.2912853660698111,3.96629024281814,3.5,112.035,1.73
sub-105,takupi,normal,28,True,False,,,2.25,112.035,1.73
sub-105,pipipi,normal,29,True,True,3.8638770768333144,3.6693768914131937,3.5,112.035,1.73
sub-105,tatata,normal,30,True,True,2.2123260785054466,3.8638383233591185,3.75,112.035,1.73
sub-105,kutapi,normal,31,True,True,3.822520594359564,4.795535412505728,3.75,112.035,1.73
sub-105,dadada,normal,32,True,True,1.301368281473792,3.6794296195289937,3.0,112.035,1.73
sub-105,kukuku,normal,33,True,True,2.1185834480603005,3.7625055159603846,3.25,112.035,1.73
sub-105,takupi,normal,34,True,True,3.9245344877726143,4.218483386975839,4.0,112.035,1.73
sub-105,dadada,normal,35,True,False,,,3.5,112.035,1.73
sub-105,kukuku,normal,36,True,True,2.705550290812938,4.5320605057169345,4.0,112.035,1.73
sub-105,pitaku,normal,37,True,True,3.8460437980171607,4.735874321094373,3.5,112.035,1.73
sub-105,dadada,normal,38,True,False,,,3.550295857988165,112.035,1.73
sub-105,gugugu,normal,39,True,True,1.0072233959351953,1.3189679477048148,4.0,112.035,1.73
sub-105,kutapi,normal,40,True,False,,,2.2181146025878005,112.035,1.73
sub-125,kukuku,normal,1,True,False,,,2.25,101.0,1.71
sub-125,tatata,normal,2,True,True,1.0373149879851642,0.970854840568096,3.5,101.0,1.71
sub-125,kutapi,normal,3,True,True,2.4224119389963623,0.9315488066611496,3.75,101.0,1.71
sub-125,dadada,normal,4,True,False,,,2.25,101.0,1.71
sub-125,kukuku,normal,5,True,False,,,2.0,101.0,1.71
sub-125,pitaku,normal,6,True,True,3.742408863838692,1.0571911841100974,2.0,101.0,1.71
sub-125,dadada,normal,7,True,True,3.501301289977936,3.9276743477871054,3.25,101.0,1.71
sub-125,tatata,normal,8,True,False,,,3.0,101.0,1.71
sub-125,kutapi,normal,9,True,False,,,2.0,101.0,1.71
sub-125,bibibi,normal,10,True,True,3.4817954332092556,2.311466564873278,3.5,101.0,1.71
sub-125,tatata,normal,11,True,True,2.2809572272301515,2.3052044510265883,3.75,101.0,1.71
sub-125,kutapi,normal,12,True,True,3.633617908494544,3.8763424527125263,2.75,101.0,1.71
sub-125,dadada,normal,13,True,False,,,2.25,101.0,1.71
sub-125,kukuku,normal,14,True,False,,,2.5,101.0,1.71
sub-125,takupi,normal,15,True,False,,,3.1558185404339247,101.0,1.71
sub-125,gugugu,normal,16,True,False,,,3.25,101.0,1.71
sub-125,kukuku,normal,17,True,False,,,3.0,101.0,1.71
sub-125,pitaku,normal,18,True,False,,,4.021937842778794,101.0,1.71
sub-125,gugugu,normal,19,True,False,,,3.5,101.0,1.71
sub-125,pipipi,normal,20,False,False,,,2.6143790849673203,101.0,1.71
sub-125,kutapi,normal,21,True,True,4.058325875588264,1.4679071961575725,2.0,101.0,1.71
sub-125,dadada,normal,22,True,False,,,2.0,101.0,1.71
sub-125,kukuku,normal,23,True,False,,,3.25,101.0,1.71
sub-125,pitaku,normal,24,True,True,3.5459982118615185,3.2697417209719006,3.25,101.0,1.71
sub-125,tatata,normal,25,True,False,,,4.0,101.0,1.71
sub-125,pipipi,normal,26,True,False,,,2.5,101.0,1.71
sub-125,takupi,normal,27,True,False,,,4.0,101.0,1.71
sub-125,kukuku,normal,28,True,False,,,2.25,101.0,1.71
sub-125,dadada,normal,29,True,False,,,4.0,101.0,1.71
sub-125,pitaku,normal,30,True,False,,,2.25,101.0,1.71
sub-125,kukuku,normal,31,True,False,,,4.733727810650887,101.0,1.71
sub-125,gugugu,normal,32,True,False,,,3.5,101.0,1.71
sub-125,kutapi,normal,33,True,True,1.937929255319667,1.372034321789327,3.75,101.0,1.71
sub-125,pipipi,normal,34,True,True,3.7706315827486736,3.6670350355319936,3.0,101.0,1.71
sub-125,dadada,normal,35,True,False,,,2.25,101.0,1.71
sub-125,pitaku,normal,36,True,False,,,3.5,101.0,1.71
sub-125,kukuku,normal,37,True,False,,,2.0,101.0,1.71
sub-125,bibibi,normal,38,True,False,,,3.25,101.0,1.71
sub-125,pitaku,normal,39,True,True,3.834246532764372,6.617711386564437,3.0,101.0,1.71
sub-125,dadada,normal,40,True,False,,,2.2181146025878005,101.0,1.71
sub-125,gugugu,normal,41,True,True,0.9842239702216904,1.6065486750333449,3.5,101.0,1.71
sub-125,kutapi,normal,42,True,True,3.687210743898368,4.314950986597239,3.75,101.0,1.71
sub-125,dadada,normal,43,True,False,,,2.25,101.0,1.71
sub-125,pipipi,normal,44,True,False,,,2.75,101.0,1.71
sub-125,takupi,normal,45,True,False,,,2.5,101.0,1.71
sub-125,kukuku,normal,46,True,True,4.084851118240349,4.3883539416843345,2.0,101.0,1.71
sub-125,tatata,normal,47,True,False,,,2.5,101.0,1.71
sub-125,pitaku,normal,48,True,True,3.930705793023733,6.779167868532355,3.0,101.0,1.71
sub-125,dadada,normal,49,True,False,,,2.25,101.0,1.71
sub-125,bibibi,normal,50,True,False,,,3.75,101.0,1.71
sub-125,pitaku,normal,51,True,True,1.792063716389314,0.8463358589959418,3.75,101.0,1.71
sub-125,kukuku,normal,52,True,True,4.091536635618812,2.6969410064934465,4.75,101.0,1.71
sub-125,dadada,normal,53,True,False,,,2.25,101.0,1.71
sub-125,pitaku,normal,54,True,False,,,3.5,101.0,1.71
sub-125,kukuku,normal,55,True,False,,,5.128205128205128,101.0,1.71
sub-125,gugugu,normal,56,True,False,,,3.5,101.0,1.71
sub-125,takupi,normal,57,True,True,3.373723190773406,8.863509364994432,3.75,101.0,1.71
sub-125,dadada,normal,58,True,False,,,3.75,101.0,1.71
sub-125,bibibi,normal,59,True,True,2.3019602986768817,3.6960990058333625,2.5,101.0,1.71
sub-125,kutapi,normal,60,True,False,,,6.4171122994652405,101.0,1.71
sub-125,tatata,normal,61,True,False,,,2.366863905325443,101.0,1.71
sub-125,gugugu,normal,62,True,False,,,3.5,101.0,1.71
sub-125,pitaku,normal,63,True,False,,,3.75,101.0,1.71
sub-125,bibibi,normal,64,True,False,,,2.366863905325443,101.0,1.71
sub-125,gugugu,normal,65,True,True,1.5624554861623294,0.7907016099448159,4.0,101.0,1.71
sub-125,takupi,normal,66,True,False,,,3.5,101.0,1.71
sub-125,kukuku,normal,67,True,False,,,2.9250457038391224,101.0,1.71
sub-125,gugugu,normal,68,True,False,,,3.75,101.0,1.71
sub-125,takupi,normal,69,True,True,4.180482906119946,0.5824338616896725,4.0,101.0,1.71
sub-125,pipipi,normal,70,True,True,4.019178099452938,2.179452241359636,3.5,101.0,1.71
sub-125,dadada,normal,71,True,False,,,2.0,101.0,1.71
sub-125,takupi,normal,72,True,False,,,3.75,101.0,1.71
sub-125,kukuku,normal,73,True,False,,,2.25,101.0,1.71
sub-125,bibibi,normal,74,True,True,1.5151083502180165,3.1026548001429006,2.75,101.0,1.71
sub-125,takupi,normal,75,True,False,,,4.0,101.0,1.71
sub-125,pipipi,normal,76,True,True,3.4866510151460637,3.4493461184546996,2.5,101.0,1.71
sub-125,tatata,normal,77,True,True,2.144021250308514,4.5104623182181705,3.25,101.0,1.71
sub-125,kutapi,normal,78,True,False,,,3.25,101.0,1.71
sub-125,pipipi,normal,79,True,False,,,4.0,101.0,1.71
sub-125,takupi,normal,80,True,False,,,2.3076923076923075,101.0,1.71
sub-125,bibibi,normal,81,True,False,,,3.5,101.0,1.71
sub-125,pipipi,normal,82,True,False,,,2.5,101.0,1.71
sub-125,takupi,normal,83,True,True,3.9431060815592063,3.249753175956686,2.5,101.0,1.71
sub-125,dadada,normal,84,True,False,,,4.0,101.0,1.71
sub-125,pipipi,normal,85,True,False,,,2.25,101.0,1.71
sub-125,takupi,normal,86,True,False,,,3.75,101.0,1.71
sub-125,bibibi,normal,87,True,True,3.58156053826438,3.8184028365526537,3.75,101.0,1.71
sub-125,tatata,normal,88,True,False,,,3.75,101.0,1.71
sub-125,pitaku,normal,89,True,False,,,7.312614259597806,101.0,1.71
sub-125,gugugu,normal,90,True,False,,,3.5,101.0,1.71
sub-125,dadada,normal,91,True,False,,,4.25,101.0,1.71
sub-125,takupi,normal,92,True,False,,,4.0,101.0,1.71
sub-125,pipipi,normal,93,True,True,3.7312376950873687,3.0895832457931505,3.5,101.0,1.71
sub-125,tatata,normal,94,True,False,,,3.5,101.0,1.71
sub-125,pitaku,normal,95,True,True,4.071546019069279,5.202356939312992,4.0,101.0,1.71
sub-125,dadada,normal,96,True,True,3.387438015865227,6.674008646557615,2.0,101.0,1.71
sub-125,tatata,normal,97,True,True,2.7900996157461355,3.4446285857641517,4.75,101.0,1.71
sub-125,kutapi,normal,98,True,True,3.912252356351389,2.976849576453473,3.75,101.0,1.71
sub-125,dadada,normal,99,True,True,3.8638782932125775,1.799263810503601,4.0,101.0,1.71
sub-125,tatata,normal,100,True,False,,,3.0592734225621414,101.0,1.71
sub-125,kutapi,normal,101,True,True,3.980778694887168,4.323325489042336,3.75,101.0,1.71
sub-125,dadada,normal,102,True,True,3.846044646752526,3.497708379579451,3.75,101.0,1.71
sub-125,tatata,normal,103,True,False,,,4.0,101.0,1.71
sub-125,pitaku,normal,104,True,False,,,3.25,101.0,1.71
sub-125,kukuku,normal,105,True,True,4.098244295719905,2.9024588568984884,4.0,101.0,1.71
sub-125,tatata,normal,106,True,True,3.004722380275411,3.1310273529108947,4.5,101.0,1.71
sub-125,kutapi,normal,107,True,False,,,2.1937842778793417,101.0,1.71
sub-125,gugugu,normal,108,True,False,,,4.0,101.0,1.71
sub-125,tatata,normal,109,True,True,2.7715399339125746,2.8673153203931268,4.25,101.0,1.71
sub-125,kutapi,normal,110,True,False,,,2.1937842778793417,101.0,1.71
sub-125,gugugu,normal,111,True,False,,,3.75,101.0,1.71
sub-125,kukuku,normal,112,True,False,,,3.75,101.0,1.71
sub-125,takupi,normal,113,True,False,,,3.5,101.0,1.71
sub-125,pipipi,normal,114,True,True,2.910278254236487,11.465024814709423,2.0,101.0,1.71
sub-125,tatata,normal,115,True,False,,,2.5,101.0,1.71
sub-125,pitaku,normal,116,True,False,,,3.75,101.0,1.71
sub-125,bibibi,normal,117,True,True,1.7617540665180704,4.031857434503365,2.75,101.0,1.71
sub-125,kutapi,normal,118,True,False,,,3.0,101.0,1.71
sub-125,pipipi,normal,119,True,False,,,2.5,101.0,1.71
sub-125,dadada,normal,120,True,False,,,2.6936026936026933,101.0,1.71
sub-125,pitaku,normal,121,True,False,,,3.5,101.0,1.71
sub-125,kukuku,normal,122,True,False,,,3.0,101.0,1.71
sub-125,pipipi,normal,123,True,False,,,3.5,101.0,1.71
sub-125,kutapi,normal,124,True,True,3.511136485628388,7.537184984671878,3.25,101.0,1.71
sub-125,tatata,normal,125,True,False,,,3.5,101.0,1.71
sub-125,bibibi,normal,126,True,False,,,4.25,101.0,1.71
sub-125,takupi,normal,127,True,False,,,2.0,101.0,1.71
sub-125,pipipi,normal,128,True,True,2.482551318537649,6.265727094104054,3.75,101.0,1.71
sub-125,tatata,normal,129,True,True,2.6342773211458512,3.5846182942571705,3.0,101.0,1.71
sub-125,kutapi,normal,130,True,False,,,2.0,101.0,1.71
sub-125,pipipi,normal,131,True,False,,,3.75,101.0,1.71
sub-125,bibibi,normal,132,True,False,,,4.0,101.0,1.71
sub-125,kutapi,normal,133,True,False,,,3.1558185404339247,101.0,1.71
sub-125,gugugu,normal,134,True,False,,,3.5,101.0,1.71
sub-125,pipipi,normal,135,True,False,,,3.25,101.0,1.71
sub-125,takupi,normal,136,True,False,,,4.021937842778794,101.0,1.71
sub-125,gugugu,normal,137,True,False,,,2.75,101.0,1.71
sub-125,bibibi,normal,138,True,False,,,3.5,101.0,1.71
sub-125,takupi,normal,139,True,False,,,3.1558185404339247,101.0,1.71
sub-125,gugugu,normal,140,True,False,,,3.25,101.0,1.71
sub-125,bibibi,normal,141,True,False,,,2.0,101.0,1.71
sub-125,pitaku,normal,142,True,False,,,3.75,101.0,1.71
sub-125,kukuku,normal,143,True,False,,,2.1937842778793417,101.0,1.71
sub-125,gugugu,normal,144,True,False,,,3.75,101.0,1.71
sub-125,kutapi,normal,145,True,False,,,3.5,101.0,1.71
sub-125,bibibi,normal,146,True,False,,,4.25,101.0,1.71
sub-125,pipipi,normal,147,True,False,,,2.0,101.0,1.71
sub-125,takupi,normal,148,True,False,,,4.25,101.0,1.71
sub-125,bibibi,normal,149,True,True,3.443428280212259,9.54946473517053,2.75,101.0,1.71
sub-125,tatata,normal,150,True,False,,,4.5,101.0,1.71
sub-125,pitaku,normal,151,True,False,,,2.1937842778793417,101.0,1.71
sub-125,gugugu,normal,152,True,False,,,3.5,101.0,1.71
sub-125,pipipi,normal,153,True,True,2.866890976415253,4.430742733497398,4.0,101.0,1.71
sub-125,kutapi,normal,154,True,False,,,3.75,101.0,1.71
sub-125,bibibi,normal,155,True,False,,,5.917159763313609,101.0,1.71
sub-125,gugugu,normal,156,True,False,,,3.25,101.0,1.71
sub-125,pitaku,normal,157,True,False,,,2.0,101.0,1.71
sub-125,kukuku,normal,158,True,False,,,3.5,101.0,1.71
sub-125,bibibi,normal,159,True,False,,,4.0,101.0,1.71
sub-125,pitaku,normal,160,True,False,,,2.716468590831919,101.0,1.71
sub-125,dadada,normal,161,True,False,,,2.25,101.0,1.71
sub-125,bibibi,normal,162,True,True,1.9983446360704749,2.9187290165436073,4.0,101.0,1.71
sub-125,takupi,normal,163,True,False,,,3.5,101.0,1.71
sub-125,pipipi,normal,164,True,False,,,2.0,101.0,1.71
sub-125,kukuku,normal,165,True,False,,,2.5,101.0,1.71
sub-125,takupi,normal,166,True,False,,,2.7613412228796843,101.0,1.71
sub-125,gugugu,normal,167,True,False,,,2.5,101.0,1.71
sub-125,pipipi,normal,168,True,False,,,3.25,101.0,1.71
sub-125,kutapi,normal,169,True,True,3.026548595307704,5.717094442033925,2.5,101.0,1.71
sub-125,tatata,normal,170,True,False,,,2.1937842778793417,101.0,1.71
sub-125,gugugu,normal,171,True,False,,,3.25,101.0,1.71
sub-125,kutapi,normal,172,True,False,,,2.0,101.0,1.71
sub-125,bibibi,normal,173,True,True,3.302416300824523,5.0355820573062795,2.5,101.0,1.71
sub-125,tatata,normal,174,True,False,,,3.75,101.0,1.71
sub-125,pitaku,normal,175,True,False,,,3.550295857988165,101.0,1.71
sub-125,gugugu,normal,176,True,False,,,3.25,101.0,1.71
sub-125,kukuku,normal,177,True,False,,,2.75,101.0,1.71
sub-125,takupi,normal,178,True,False,,,2.75,101.0,1.71
sub-125,bibibi,normal,179,True,True,3.612614363763243,5.8131367763991015,3.5,101.0,1.71
sub-125,dadada,normal,180,False,False,,,3.947368421052632,101.0,1.71
sub-125,pitaku,fast,1,True,False,,,4.75,101.0,1.71
sub-125,kukuku,fast,2,True,False,,,4.75,101.0,1.71
sub-125,takupi,fast,3,True,True,3.0863327950928863,2.2518386875261616,5.0,101.0,1.71
sub-125,kutapi,fast,4,True,True,3.753647994031889,3.1287487357796007,5.25,101.0,1.71
sub-125,pipipi,fast,5,True,True,4.6467092268127095,0.6463360468428121,4.75,101.0,1.71
sub-125,takupi,fast,6,True,True,1.8037009841451932,2.685535789415896,5.0,101.0,1.71
sub-125,kutapi,fast,7,True,True,3.4339691813533486,3.268183056833883,5.0,101.0,1.71
sub-125,tatata,fast,8,True,True,4.62949919263933,4.4448530308273435,4.75,101.0,1.71
sub-125,kukuku,fast,9,True,False,,,4.5,101.0,1.71
sub-125,takupi,fast,10,True,False,,,5.5,101.0,1.71
sub-125,kutapi,fast,11,True,True,3.581560979978851,2.8812587840329194,5.75,101.0,1.71
sub-125,tatata,fast,12,True,True,4.826118849469571,3.3050281210715085,5.25,101.0,1.71
sub-125,kukuku,fast,13,True,False,,,4.75,101.0,1.71
sub-125,takupi,fast,14,True,True,2.0128257359301434,2.275422655836856,5.75,101.0,1.71
sub-125,kutapi,fast,15,True,True,3.918384896591282,3.232556077815648,5.5,101.0,1.71
sub-125,tatata,fast,16,True,True,4.629499192639329,4.624451585474828,4.75,101.0,1.71
sub-125,pitaku,fast,17,True,False,,,5.25,101.0,1.71
sub-125,kutapi,fast,18,True,True,3.306785137599521,3.1858801770998406,5.0,101.0,1.71
sub-125,tatata,fast,19,True,True,4.6815160375004465,3.953553198909839,4.75,101.0,1.71
sub-125,kukuku,fast,20,True,True,4.138956231829864,0.8398183138673971,4.25,101.0,1.71
sub-125,takupi,fast,21,True,True,1.7531057973650568,3.6150399393034984,5.25,101.0,1.71
sub-125,kutapi,fast,22,True,True,3.148525021464195,3.493206534563093,5.25,101.0,1.71
sub-125,tatata,fast,23,True,True,4.807555513543406,5.056174581162368,4.75,101.0,1.71
sub-125,pipipi,fast,24,True,False,,,4.75,101.0,1.71
sub-125,takupi,fast,25,True,True,3.0863319346204583,2.1200761873882037,5.0,101.0,1.71
sub-125,kukuku,fast,26,True,True,1.3796516926283502,2.384872420442123,4.5,101.0,1.71
sub-125,pipipi,fast,27,True,True,1.79980479988666,0.945148812158508,4.5,101.0,1.71
sub-125,kutapi,fast,28,True,True,3.753646947511368,3.965783480372995,5.25,101.0,1.71
sub-125,tatata,fast,29,True,True,4.472144663761309,4.1600703533359,4.5,101.0,1.71
sub-125,pipipi,fast,30,True,False,,,4.5,101.0,1.71
sub-125,takupi,fast,31,True,True,3.306784215664777,1.5848372865309708,3.0,101.0,1.71
sub-125,pitaku,fast,32,True,False,,,5.25,101.0,1.71
sub-125,tatata,fast,33,True,True,4.7891357606179525,3.329238559803061,5.0,101.0,1.71
sub-125,pipipi,fast,34,True,False,,,5.0,101.0,1.71
sub-125,kutapi,fast,35,True,True,3.968141058797732,3.5471895947213863,5.5,101.0,1.71
sub-125,takupi,fast,36,True,False,,,5.25,101.0,1.71
sub-125,kukuku,fast,37,True,True,2.2768022468511573,1.3909740132338797,4.5,101.0,1.71
sub-125,pitaku,fast,38,True,True,1.9903892253523656,2.924039590716843,5.5,101.0,1.71
sub-125,kutapi,fast,39,True,True,3.918383804141961,4.901324618013838,5.25,101.0,1.71
sub-125,pipipi,fast,40,True,False,,,4.75,101.0,1.71
sub-125,tatata,fast,41,True,True,4.999858592202356,4.8548463428097985,4.75,101.0,1.71
sub-125,pitaku,fast,42,True,False,,,5.25,101.0,1.71
sub-125,kukuku,fast,43,True,False,,,4.5,101.0,1.71
sub-125,tatata,fast,44,True,True,4.59545826489187,6.210650474320325,4.5,101.0,1.71
sub-125,kutapi,fast,45,True,True,3.8698595914878897,3.238958940555163,5.5,101.0,1.71
sub-125,pipipi,fast,46,True,False,,,4.75,101.0,1.71
sub-125,tatata,fast,47,True,True,4.77085743530759,3.6244054625187263,5.0,101.0,1.71
sub-125,pitaku,fast,48,True,False,,,5.75,101.0,1.71
sub-125,kukuku,fast,49,True,False,,,4.25,101.0,1.71
sub-125,pipipi,fast,50,True,False,,,4.75,101.0,1.71
sub-125,takupi,fast,51,True,True,1.4810007678324508,2.3984541020571815,2.25,101.0,1.71
sub-125,kukuku,fast,52,True,False,,,4.75,101.0,1.71
sub-125,tatata,fast,53,True,True,4.752717292968018,4.928270001649437,4.75,101.0,1.71
sub-125,pitaku,fast,54,True,False,,,5.0,101.0,1.71
sub-125,kutapi,fast,55,True,True,3.742409125899965,3.078708009510976,5.75,101.0,1.71
sub-125,pipipi,fast,56,True,False,,,5.0,101.0,1.71
sub-125,tatata,fast,57,True,True,4.5870262313783075,5.0766083392737675,4.5,101.0,1.71
sub-125,kutapi,fast,58,True,True,3.776328241844678,3.0183578575825,5.75,101.0,1.71
sub-125,pipipi,fast,59,True,True,4.362878352707115,1.1012568758264871,4.75,101.0,1.71
sub-125,kukuku,fast,60,True,False,,,4.5,101.0,1.71
sub-125,pitaku,fast,61,True,False,,,5.0,101.0,1.71
sub-125,kutapi,fast,62,True,True,3.3067841865192813,3.704760227609116,5.0,101.0,1.71
sub-125,pipipi,fast,63,True,False,,,4.25,101.0,1.71
sub-125,kukuku,fast,64,True,True,2.055862537013632,2.5749229664648743,4.75,101.0,1.71
sub-125,pitaku,fast,65,True,True,3.213276150396628,3.573574885373274,5.25,101.0,1.71
sub-125,takupi,fast,66,True,False,,,6.0,101.0,1.71
sub-125,pipipi,fast,67,True,True,1.6254413816700757,1.7405604397292436,4.75,101.0,1.71
sub-125,kukuku,fast,68,True,True,2.8668908773034136,1.790837634489736,4.5,101.0,1.71
sub-125,takupi,fast,69,True,False,,,5.5,101.0,1.71
sub-125,pipipi,fast,70,True,False,,,5.0,101.0,1.71
sub-125,kutapi,fast,71,True,True,3.961852369268742,4.498489602162354,6.0,101.0,1.71
sub-125,tatata,fast,72,True,True,5.296459417391054,4.1626515251904745,5.25,101.0,1.71
sub-125,kukuku,fast,73,True,False,,,4.5,101.0,1.71
sub-125,takupi,fast,74,True,True,2.0711920836856472,2.1406493907157165,6.25,101.0,1.71
sub-125,pipipi,fast,75,True,False,,,5.25,101.0,1.71
sub-125,kukuku,fast,76,True,False,,,4.5,101.0,1.71
sub-125,pitaku,fast,77,True,False,,,6.25,101.0,1.71
sub-125,kutapi,fast,78,True,True,3.623085282621126,3.336176191697099,5.25,101.0,1.71
sub-125,tatata,fast,79,True,True,5.530816028780038,3.233143660388994,6.0,101.0,1.71
sub-125,kukuku,fast,80,True,True,1.2400440699447304,2.090451099373592,3.75,101.0,1.71
sub-125,takupi,fast,81,True,True,1.9684484289647364,1.873217822108093,6.0,101.0,1.71
sub-125,pipipi,fast,82,True,True,4.215732723077936,1.16453519690094,5.25,101.0,1.71
sub-125,tatata,fast,83,True,True,4.882674814033623,5.972835265237833,5.0,101.0,1.71
sub-125,kutapi,fast,84,True,True,4.084852132001986,4.00684499259756,6.0,101.0,1.71
sub-125,pitaku,fast,85,True,True,2.02259668671943,3.588942731286716,6.25,101.0,1.71
sub-125,tatata,fast,86,True,True,4.835453587592293,7.508633476930478,4.75,101.0,1.71
sub-125,pipipi,fast,87,True,False,,,5.0,101.0,1.71
sub-125,takupi,fast,88,True,False,,,2.75,101.0,1.71
sub-125,pitaku,fast,89,True,False,,,6.25,101.0,1.71
sub-125,tatata,fast,90,True,True,1.1190373790444117,1.761742132211527,2.0,101.0,1.71
sub-125,pipipi,fast,91,True,False,,,5.25,101.0,1.71
sub-125,takupi,fast,92,True,True,1.9530699256134496,3.7499999899429657,6.0,101.0,1.71
sub-125,pitaku,fast,93,True,True,2.1852530636234397,3.042901558183586,6.5,101.0,1.71
sub-125,tatata,fast,94,True,True,5.0199387646289475,2.7991473545572187,5.25,101.0,1.71
sub-125,kukuku,fast,95,True,False,,,5.25,101.0,1.71
sub-125,pitaku,fast,96,True,True,1.811543119409576,2.5953330408159427,5.25,101.0,1.71
sub-125,takupi,fast,97,True,False,,,3.0,101.0,1.71
sub-125,pipipi,fast,98,True,True,4.734714971184121,0.6688131264601065,4.5,101.0,1.71
sub-125,kutapi,fast,99,True,True,3.85791590244632,3.2960033612819295,6.0,101.0,1.71
sub-125,pitaku,fast,100,True,False,,,2.0,101.0,1.71
sub-125,kukuku,fast,101,True,True,4.480159818114891,1.376242454399896,4.5,101.0,1.71
sub-125,takupi,fast,102,True,True,2.0626478370528956,1.579372090832349,6.0,101.0,1.71
sub-125,pitaku,fast,103,True,False,,,6.25,101.0,1.71
sub-125,tatata,fast,104,True,True,4.595458048728142,7.903580545608268,4.5,101.0,1.71
sub-125,kutapi,fast,105,True,True,4.111725622546233,3.0846450298581347,6.5,101.0,1.71
sub-125,pitaku,fast,106,True,True,2.1096448763781512,3.030200398411372,6.25,101.0,1.71
sub-125,kukuku,fast,107,True,False,,,4.25,101.0,1.71
sub-125,takupi,fast,108,True,True,3.1644673145672275,3.7171498788317674,5.5,101.0,1.71
sub-125,pitaku,fast,109,True,False,,,5.5,101.0,1.71
sub-125,kukuku,fast,110,True,False,,,4.75,101.0,1.71
sub-125,pipipi,fast,111,True,False,,,5.25,101.0,1.71
sub-125,takupi,fast,112,True,False,,,6.0,101.0,1.71
sub-125,kukuku,fast,113,True,False,,,4.75,101.0,1.71
sub-125,pitaku,fast,114,True,True,2.2360726104723696,3.462093655215037,6.25,101.0,1.71
sub-125,takupi,fast,115,True,True,1.824765823728547,2.5214009813196245,3.25,101.0,1.71
sub-125,pipipi,fast,116,True,False,,,5.25,101.0,1.71
sub-125,kutapi,fast,117,True,True,3.405898063362547,3.2095012562855505,5.5,101.0,1.71
sub-125,pitaku,fast,118,True,False,,,6.0,101.0,1.71
sub-125,tatata,fast,119,True,True,5.296460123957861,5.254691920012476,5.25,101.0,1.71
sub-125,kutapi,fast,120,True,True,4.064925493509121,3.872007902104438,6.0,101.0,1.71
sub-159,pipipi,normal,1,True,False,,,2.75,118.03999999999999,1.62
sub-159,kukuku,normal,2,True,False,,,2.75,118.03999999999999,1.62
sub-159,pitaku,normal,3,True,False,,,2.0,118.03999999999999,1.62
sub-159,kutapi,normal,4,True,True,3.059887504170607,3.3273020113296923,2.75,118.03999999999999,1.62
sub-159,tatata,normal,5,True,False,,,2.1937842778793417,118.03999999999999,1.62
sub-159,gugugu,normal,6,True,False,,,2.75,118.03999999999999,1.62
sub-159,pitaku,normal,7,True,False,,,2.75,118.03999999999999,1.62
sub-159,bibibi,normal,8,True,True,2.8701815050601445,3.411840937898266,2.0,118.03999999999999,1.62
sub-159,tatata,normal,9,True,False,,,2.25,118.03999999999999,1.62
sub-159,kutapi,normal,10,True,True,3.0047212631098383,1.0467116228134312,2.5,118.03999999999999,1.62
sub-159,bibibi,normal,11,True,False,,,2.25,118.03999999999999,1.62
sub-159,pipipi,normal,12,True,True,0.9719782624056708,2.7168786725473053,2.75,118.03999999999999,1.62
sub-159,kutapi,normal,13,True,True,3.1288211400593067,1.3031667593910647,2.5,118.03999999999999,1.62
sub-159,bibibi,normal,14,True,True,2.9584947821389176,5.16699230196285,2.0,118.03999999999999,1.62
sub-159,tatata,normal,15,True,False,,,3.75,118.03999999999999,1.62
sub-159,kutapi,normal,16,True,True,1.6577772486123246,1.2438882233045856,3.25,118.03999999999999,1.62
sub-159,pipipi,normal,17,True,True,3.0787291759943174,2.9249099544930237,3.25,118.03999999999999,1.62
sub-159,dadada,normal,18,True,False,,,3.25,118.03999999999999,1.62
sub-159,pitaku,normal,19,True,True,2.9725661009600306,1.340921612522369,2.0,118.03999999999999,1.62
sub-159,bibibi,normal,20,True,False,,,2.25,118.03999999999999,1.62
sub-159,dadada,normal,21,True,True,0.6741985147876225,3.319383222150363,3.0,118.03999999999999,1.62
sub-159,takupi,normal,22,True,True,1.2375881647685665,2.1663692103967582,2.25,118.03999999999999,1.62
sub-159,kukuku,normal,23,True,True,3.148524046388544,3.542327572448966,3.25,118.03999999999999,1.62
sub-159,dadada,normal,24,True,False,,,2.75,118.03999999999999,1.62
sub-159,takupi,normal,25,True,True,1.351312482612164,1.8124891279351525,2.75,118.03999999999999,1.62
sub-159,kukuku,normal,26,True,True,3.1564748646875045,5.198473320553319,2.0,118.03999999999999,1.62
sub-159,dadada,normal,27,True,True,0.6763874710044653,5.596416465991289,2.75,118.03999999999999,1.62
sub-159,takupi,normal,28,True,True,2.9725661032491133,1.2211928287928735,2.75,118.03999999999999,1.62
sub-159,pipipi,normal,29,True,True,3.0486927961371997,4.443588781967224,2.5,118.03999999999999,1.62
sub-159,tatata,normal,30,True,True,1.9439565263083232,2.9368380721205503,3.0,118.03999999999999,1.62
sub-159,kutapi,normal,31,True,True,3.0863309788055604,4.70521975187731,2.25,118.03999999999999,1.62
sub-159,dadada,normal,32,True,True,1.0154053992008545,1.4853366636855458,2.0,118.03999999999999,1.62
sub-159,kukuku,normal,33,True,False,,,2.5,118.03999999999999,1.62
sub-159,takupi,normal,34,True,True,2.983207748010148,3.2061067194918778,2.25,118.03999999999999,1.62
sub-159,dadada,normal,35,True,False,,,3.0,118.03999999999999,1.62
sub-159,kukuku,normal,36,True,False,,,2.0,118.03999999999999,1.62
sub-159,pitaku,normal,37,True,True,2.676582540505893,4.62858426745842,2.0,118.03999999999999,1.62
sub-159,dadada,normal,38,True,False,,,2.7613412228796843,118.03999999999999,1.62
sub-159,gugugu,normal,39,True,False,,,3.0,118.03999999999999,1.62
sub-159,kutapi,normal,40,True,False,,,2.308802308802309,118.03999999999999,1.62
sub-159,dadada,normal,41,True,True,3.1327421002458755,0.6748993443018723,2.0,118.03999999999999,1.62
sub-159,kukuku,normal,42,True,False,,,2.25,118.03999999999999,1.62
sub-159,pitaku,normal,43,True,True,3.0302159951469196,0.9953930524228588,3.0,118.03999999999999,1.62
sub-159,bibibi,normal,44,True,True,2.9903447320528813,1.3953327319553883,2.75,118.03999999999999,1.62
sub-159,pipipi,normal,45,True,True,0.974251050661032,1.5724939187652467,2.25,118.03999999999999,1.62
sub-159,takupi,normal,46,True,False,,,2.9250457038391224,118.03999999999999,1.62
sub-159,gugugu,normal,47,True,False,,,3.0,118.03999999999999,1.62
sub-159,dadada,normal,48,True,True,1.584238400504568,4.336821619652612,3.0,118.03999999999999,1.62
sub-159,kutapi,normal,49,True,False,,,2.9250457038391224,118.03999999999999,1.62
sub-159,gugugu,normal,50,True,False,,,3.0,118.03999999999999,1.62
sub-159,tatata,normal,51,True,True,1.0897681761099427,4.568690531621775,2.5,118.03999999999999,1.62
sub-159,kutapi,normal,52,True,False,,,2.9250457038391224,118.03999999999999,1.62
sub-159,gugugu,normal,53,True,False,,,3.0,118.03999999999999,1.62
sub-159,dadada,normal,54,True,True,1.5683363839373956,1.6721082115935682,2.0,118.03999999999999,1.62
sub-159,pitaku,normal,55,True,False,,,2.25,118.03999999999999,1.62
sub-159,bibibi,normal,56,True,False,,,2.366863905325443,118.03999999999999,1.62
sub-159,gugugu,normal,57,True,False,,,3.0,118.03999999999999,1.62
sub-159,kutapi,normal,58,True,True,2.13851855944928,0.9609116965342106,2.0,118.03999999999999,1.62
sub-159,bibibi,normal,59,True,False,,,2.366863905325443,118.03999999999999,1.62
sub-159,gugugu,normal,60,True,False,,,3.0,118.03999999999999,1.62
sub-159,takupi,normal,61,True,True,3.196839289687105,1.3624844753929128,3.25,118.03999999999999,1.62
sub-159,bibibi,normal,62,True,True,2.99751597666105,1.7421420746166223,3.0,118.03999999999999,1.62
sub-159,pipipi,normal,63,True,True,1.615984695885789,1.7270217105012198,2.0,118.03999999999999,1.62
sub-159,kutapi,normal,64,True,False,,,2.366863905325443,118.03999999999999,1.62
sub-159,gugugu,normal,65,True,False,,,3.0,118.03999999999999,1.62
sub-159,kukuku,normal,66,True,True,1.4933860958992329,2.23850403909963,2.25,118.03999999999999,1.62
sub-159,takupi,normal,67,True,False,,,2.25,118.03999999999999,1.62
sub-159,pipipi,normal,68,True,True,3.0636376526168085,3.696245921961818,2.5,118.03999999999999,1.62
sub-159,tatata,normal,69,True,True,2.093742315356211,3.864913424103091,2.0,118.03999999999999,1.62
sub-159,kutapi,normal,70,True,True,3.306783498062588,1.064363453988881,2.25,118.03999999999999,1.62
sub-159,bibibi,normal,71,True,True,2.990344885807794,1.3139833931430491,2.75,118.03999999999999,1.62
sub-159,pipipi,normal,72,True,True,2.009588685317778,1.3992309920526838,2.25,118.03999999999999,1.62
sub-159,takupi,normal,73,True,False,,,2.7613412228796843,118.03999999999999,1.62
sub-159,gugugu,normal,74,True,False,,,3.0,118.03999999999999,1.62
sub-159,pipipi,normal,75,True,False,,,2.0,118.03999999999999,1.62
sub-159,takupi,normal,76,True,True,3.109363587730493,4.605023403958084,2.0,118.03999999999999,1.62
sub-159,dadada,normal,77,True,True,3.052415536673157,2.2681372394726544,2.75,118.03999999999999,1.62
sub-159,bibibi,normal,78,True,True,1.9824966887671025,1.7537648114713464,2.0,118.03999999999999,1.62
sub-159,pitaku,normal,79,True,True,3.1093635877304924,3.7878531092817,3.0,118.03999999999999,1.62
sub-159,tatata,normal,80,True,False,,,2.261712439418417,118.03999999999999,1.62
sub-159,pipipi,normal,81,True,True,2.1569699043317265,3.6980497987622103,2.0,118.03999999999999,1.62
sub-159,kutapi,normal,82,True,True,3.078729210739497,4.192078172181698,2.25,118.03999999999999,1.62
sub-159,tatata,normal,83,True,False,,,2.25,118.03999999999999,1.62
sub-159,kukuku,normal,84,True,True,2.948028442359046,1.8968075020937365,3.0,118.03999999999999,1.62
sub-159,pitaku,normal,85,True,False,,,2.9250457038391224,118.03999999999999,1.62
sub-159,gugugu,normal,86,True,False,,,3.0,118.03999999999999,1.62
sub-159,kukuku,normal,87,True,False,,,2.0,118.03999999999999,1.62
sub-159,pitaku,normal,88,True,True,3.0265473597100128,4.306277893943356,2.25,118.03999999999999,1.62
sub-159,tatata,normal,89,True,False,,,2.9250457038391224,118.03999999999999,1.62
sub-159,gugugu,normal,90,True,False,,,3.0,118.03999999999999,1.62
sub-159,kutapi,normal,91,True,True,2.7963401779871035,1.7212478685671533,2.25,118.03999999999999,1.62
sub-159,pipipi,normal,92,True,True,1.9112600299086169,1.40204677224634,2.5,118.03999999999999,1.62
sub-159,bibibi,normal,93,True,True,1.040769408459813,1.8315346687052072,2.75,118.03999999999999,1.62
sub-159,pitaku,normal,94,True,True,3.1055007690937533,3.742028055985155,3.0,118.03999999999999,1.62
sub-159,dadada,normal,95,True,True,3.0561468448905513,3.972023267300413,2.0,118.03999999999999,1.62
sub-159,tatata,normal,96,True,True,1.205365534773612,4.026154002725995,2.75,118.03999999999999,1.62
sub-159,pitaku,normal,97,True,False,,,2.75,118.03999999999999,1.62
sub-159,kukuku,normal,98,True,True,2.976104903714847,4.928792320912147,2.5,118.03999999999999,1.62
sub-159,tatata,normal,99,True,True,1.57129360095567,5.171475738290679,3.25,118.03999999999999,1.62
sub-159,pitaku,normal,100,True,False,,,2.263083451202263,118.03999999999999,1.62
sub-159,bibibi,normal,101,True,True,0.5339444622627441,1.4709873151475827,2.0,118.03999999999999,1.62
sub-159,kukuku,normal,102,True,False,,,2.25,118.03999999999999,1.62
sub-159,takupi,normal,103,True,True,3.12490996539271,1.1753825014300323,3.0,118.03999999999999,1.62
sub-159,pipipi,normal,104,True,False,,,2.25,118.03999999999999,1.62
sub-159,kukuku,normal,105,True,False,,,3.25,118.03999999999999,1.62
sub-159,takupi,normal,106,True,False,,,2.7613412228796843,118.03999999999999,1.62
sub-159,gugugu,normal,107,True,False,,,3.25,118.03999999999999,1.62
sub-159,kukuku,normal,108,True,False,,,2.5,118.03999999999999,1.62
sub-159,takupi,normal,109,True,False,,,2.9250457038391224,118.03999999999999,1.62
sub-159,gugugu,normal,110,True,True,0.7179574877410018,1.197280455098375,3.0,118.03999999999999,1.62
sub-159,kukuku,normal,111,True,False,,,2.75,118.03999999999999,1.62
sub-159,pitaku,normal,112,True,True,3.056146665420743,5.051285726926467,2.25,118.03999999999999,1.62
sub-159,tatata,normal,113,True,False,,,2.1937842778793417,118.03999999999999,1.62
sub-159,gugugu,normal,114,True,False,,,3.0,118.03999999999999,1.62
sub-159,takupi,normal,115,True,True,3.387436276848466,1.2151464354721178,2.25,118.03999999999999,1.62
sub-159,bibibi,normal,116,True,True,3.071164585152541,3.635773755101196,3.0,118.03999999999999,1.62
sub-159,tatata,normal,117,True,True,2.111425652292372,2.9433042874808986,3.0,118.03999999999999,1.62
sub-159,kutapi,normal,118,True,False,,,2.7613412228796843,118.03999999999999,1.62
sub-159,gugugu,normal,119,True,False,,,3.0,118.03999999999999,1.62
sub-159,bibibi,normal,120,True,False,,,2.34375,118.03999999999999,1.62
sub-159,takupi,normal,121,True,True,3.004721227443284,0.9550382166004764,2.75,118.03999999999999,1.62
sub-159,pipipi,normal,122,True,False,,,3.0,118.03999999999999,1.62
sub-159,kukuku,normal,123,True,False,,,2.0,118.03999999999999,1.62
sub-159,takupi,normal,124,True,False,,,2.366863905325443,118.03999999999999,1.62
sub-159,gugugu,normal,125,True,False,,,3.0,118.03999999999999,1.62
sub-159,pipipi,normal,126,True,True,1.8938848948733429,2.0882146455846584,3.25,118.03999999999999,1.62
sub-159,kutapi,normal,127,True,True,3.0863309397935956,3.37902138886471,3.0,118.03999999999999,1.62
sub-159,dadada,normal,128,True,True,3.0047212274432846,1.571601204733177,2.75,118.03999999999999,1.62
sub-159,pipipi,normal,129,True,True,2.0763522103262564,0.9993525788545136,2.5,118.03999999999999,1.62
sub-159,kutapi,normal,130,True,True,1.292620507359262,4.95797271555297,3.0,118.03999999999999,1.62
sub-159,tatata,normal,131,True,False,,,2.1937842778793417,118.03999999999999,1.62
sub-159,gugugu,normal,132,True,False,,,3.0,118.03999999999999,1.62
sub-159,takupi,normal,133,True,True,3.1485240065904443,1.4009775581224098,2.75,118.03999999999999,1.62
sub-159,pipipi,normal,134,True,True,3.2636136569618963,4.831223093365875,2.0,118.03999999999999,1.62
sub-159,dadada,normal,135,True,False,,,2.5,118.03999999999999,1.62
sub-159,takupi,normal,136,True,True,2.6510371805226014,1.291711063305967,3.25,118.03999999999999,1.62
sub-159,pipipi,normal,137,True,False,,,2.7613412228796843,118.03999999999999,1.62
sub-159,gugugu,normal,138,True,False,,,3.0,118.03999999999999,1.62
sub-159,pitaku,normal,139,True,True,3.34214981448237,1.5293289814982245,3.0,118.03999999999999,1.62
sub-159,bibibi,normal,140,False,False,,,2.1164021164021163,118.03999999999999,1.62
sub-159,dadada,normal,141,True,True,1.4645155037340956,3.6419213740457086,3.0,118.03999999999999,1.62
sub-159,kutapi,normal,142,True,False,,,2.9250457038391224,118.03999999999999,1.62
sub-159,gugugu,normal,143,True,False,,,3.0,118.03999999999999,1.62
sub-159,tatata,normal,144,True,True,2.032461760060245,3.1595114636242996,2.5,118.03999999999999,1.62
sub-159,pitaku,normal,145,True,True,3.2508816188219782,4.420661808848604,2.5,118.03999999999999,1.62
sub-159,dadada,normal,146,True,True,3.180569929865269,1.7785764760954883,2.5,118.03999999999999,1.62
sub-159,bibibi,normal,147,True,True,1.5683362389423472,2.3382848194256756,2.25,118.03999999999999,1.62
sub-159,pitaku,normal,148,True,True,3.1968388297622776,5.073537268926124,3.25,118.03999999999999,1.62
sub-159,dadada,normal,149,True,False,,,2.0,118.03999999999999,1.62
sub-159,kukuku,normal,150,True,False,,,2.5,118.03999999999999,1.62
sub-159,takupi,normal,151,True,True,3.156474703123865,5.666427627866605,2.0,118.03999999999999,1.62
sub-159,dadada,normal,152,True,True,0.8765525823541729,3.83374199323686,2.75,118.03999999999999,1.62
sub-159,kukuku,normal,153,True,False,,,3.0,118.03999999999999,1.62
sub-159,pitaku,normal,154,True,True,2.986771762095701,5.741168993531271,3.0,118.03999999999999,1.62
sub-159,tatata,normal,155,True,True,0.873489854952516,0.8236994616399178,2.0,118.03999999999999,1.62
sub-159,kukuku,normal,156,True,True,1.57030651059931,1.8432380103991797,2.75,118.03999999999999,1.62
sub-159,pitaku,normal,157,True,True,3.2636135311672345,0.9624420514006182,2.0,118.03999999999999,1.62
sub-159,bibibi,normal,158,True,True,2.99034445559103,4.354702995724764,2.5,118.03999999999999,1.62
sub-159,tatata,normal,159,True,True,1.8726052171341585,4.062817273897564,3.25,118.03999999999999,1.62
sub-159,kutapi,normal,160,True,False,,,4.005006257822278,118.03999999999999,1.62
sub-159,bibibi,normal,161,True,True,2.993925906052232,2.1933920950818995,2.25,118.03999999999999,1.62
sub-159,dadada,normal,162,True,True,1.398170095947211,3.158486560520453,2.75,118.03999999999999,1.62
sub-159,kutapi,normal,163,True,True,3.2215568705587807,1.2522163311040173,3.25,118.03999999999999,1.62
sub-159,bibibi,normal,164,True,True,0.9103889772591456,1.1733303215715631,2.5,118.03999999999999,1.62
sub-159,kukuku,normal,165,True,True,2.1532542046112093,2.4304716899156205,2.5,118.03999999999999,1.62
sub-159,pitaku,normal,166,True,True,0.7142651804438895,5.288644294525917,2.75,118.03999999999999,1.62
sub-159,tatata,normal,167,True,True,3.2215568705587807,1.3964788788799658,3.25,118.03999999999999,1.62
sub-159,bibibi,normal,168,True,True,2.062646973229054,4.3616635464936,3.0,118.03999999999999,1.62
sub-159,kutapi,normal,169,True,True,2.5175509884729244,1.517007589531146,2.25,118.03999999999999,1.62
sub-159,pipipi,normal,170,True,True,3.0863310266093995,3.809443106719737,2.75,118.03999999999999,1.62
sub-159,dadada,normal,171,True,True,1.5566177656000084,2.4209097698765465,3.25,118.03999999999999,1.62
sub-159,pitaku,normal,172,True,True,3.2721572402534216,3.6679152308213543,2.0,118.03999999999999,1.62
sub-159,tatata,normal,173,True,True,2.3429504513154766,1.825049281484457,2.0,118.03999999999999,1.62
sub-159,pipipi,normal,174,True,True,2.1738505491770557,3.2476320648046375,2.75,118.03999999999999,1.62
sub-159,takupi,normal,175,True,False,,,3.1558185404339247,118.03999999999999,1.62
sub-159,gugugu,normal,176,True,True,1.5963781172117584,0.9334886371729416,3.0,118.03999999999999,1.62
sub-159,kukuku,normal,177,True,True,1.5160267626158968,3.7228570851976857,2.75,118.03999999999999,1.62
sub-159,takupi,normal,178,True,True,3.156474913577796,1.7887438356662075,2.0,118.03999999999999,1.62
sub-159,pipipi,normal,179,True,True,3.0412750992136424,4.125324432773424,3.0,118.03999999999999,1.62
sub-159,tatata,normal,180,True,False,,,2.6415094339622645,118.03999999999999,1.62
sub-159,takupi,fast,1,True,False,,,4.0,118.03999999999999,1.62
sub-159,kutapi,fast,2,True,True,2.147704613189698,1.7365987416943476,3.5,118.03999999999999,1.62
sub-159,tatata,fast,3,True,True,3.828373919988988,3.1298916530072365,4.0,118.03999999999999,1.62
sub-159,kukuku,fast,4,True,False,,,3.75,118.03999999999999,1.62
sub-159,takupi,fast,5,True,True,2.1257892599938852,4.074500740965509,4.0,118.03999999999999,1.62
sub-159,kutapi,fast,6,True,True,2.248136843302886,1.6268411598892882,4.25,118.03999999999999,1.62
sub-159,tatata,fast,7,True,True,3.787769954170922,2.874791552359128,3.75,118.03999999999999,1.62
sub-159,pipipi,fast,8,True,True,3.8579138422111248,1.452439643498023,4.0,118.03999999999999,1.62
sub-159,takupi,fast,9,True,True,2.079807129578044,3.068323976437978,4.0,118.03999999999999,1.62
sub-159,kukuku,fast,10,True,False,,,4.25,118.03999999999999,1.62
sub-159,pipipi,fast,11,True,True,4.1665469495880165,1.1912453912942231,4.25,118.03999999999999,1.62
sub-159,kutapi,fast,12,True,True,2.863606150919598,3.3086030214796587,4.25,118.03999999999999,1.62
sub-159,tatata,fast,13,True,True,4.111723963409227,3.482361726744924,4.25,118.03999999999999,1.62
sub-159,kukuku,fast,14,True,True,1.801100986853609,0.7328097295014562,3.75,118.03999999999999,1.62
sub-159,pitaku,fast,15,True,True,2.0128246133275436,5.071216600328238,4.25,118.03999999999999,1.62
sub-159,tatata,fast,16,True,True,4.071544250411742,3.491538477163181,4.25,118.03999999999999,1.62
sub-159,pipipi,fast,17,True,True,3.980777340370715,1.66631113031757,4.25,118.03999999999999,1.62
sub-159,kutapi,fast,18,True,True,2.7807877305370514,3.269134491587547,4.25,118.03999999999999,1.62
sub-159,pitaku,fast,19,True,True,2.1185831947057707,6.214228368843922,4.25,118.03999999999999,1.62
sub-159,tatata,fast,20,True,True,3.9681399519885856,3.7935979436037286,4.0,118.03999999999999,1.62
sub-159,kukuku,fast,41,True,True,4.138953775862317,1.748862551202194,4.0,118.03999999999999,1.62
sub-159,pitaku,fast,42,True,True,1.9289568523308944,4.346517894244151,4.0,118.03999999999999,1.62
sub-159,takupi,fast,43,True,True,4.098242755116131,3.775733987270861,4.25,118.03999999999999,1.62
sub-159,pipipi,fast,44,True,True,2.1385184607534984,3.0056361316304807,4.25,118.03999999999999,1.62
sub-159,tatata,fast,45,True,True,4.222851487535202,3.5222992088715337,4.25,118.03999999999999,1.62
sub-159,kutapi,fast,46,True,True,2.114998376159763,5.1554385790971216,4.5,118.03999999999999,1.62
sub-159,takupi,fast,47,True,True,4.125293862410627,1.674610025251945,4.25,118.03999999999999,1.62
sub-159,kukuku,fast,48,True,True,2.0763522264292686,4.35841107028702,4.25,118.03999999999999,1.62
sub-159,tatata,fast,49,True,True,4.098242755116131,1.7175560794649458,3.5,118.03999999999999,1.62
sub-159,pitaku,fast,50,True,True,3.056146797824988,2.2227297022785004,4.5,118.03999999999999,1.62
sub-159,takupi,fast,51,True,True,4.138953775862317,1.76769602922694,4.25,118.03999999999999,1.62
sub-159,pipipi,fast,52,True,True,1.4367402762188732,7.047300110342505,4.25,118.03999999999999,1.62
sub-159,kukuku,fast,53,True,True,4.04519106896576,4.515925938989452,4.25,118.03999999999999,1.62
sub-159,takupi,fast,54,True,True,4.098242755116131,1.570331114886037,4.25,118.03999999999999,1.62
sub-159,kutapi,fast,61,True,True,2.8026102601876635,3.963896845468565,4.25,118.03999999999999,1.62
sub-159,tatata,fast,62,True,True,3.551034591033232,1.630277462027938,4.0,118.03999999999999,1.62
sub-159,kukuku,fast,63,True,True,2.3539814991406742,2.1421182760675705,4.5,118.03999999999999,1.62
sub-159,takupi,fast,64,True,True,1.90980011618594,7.302796624704718,4.25,118.03999999999999,1.62
sub-159,kutapi,fast,65,True,True,2.392275935011862,5.806763377669029,4.0,118.03999999999999,1.62
sub-159,tatata,fast,66,True,True,2.7262032192883265,6.308329102403368,4.0,118.03999999999999,1.62
sub-159,pipipi,fast,81,True,True,4.045191463649378,5.00710032175122,4.0,118.03999999999999,1.62
sub-159,takupi,fast,82,True,True,2.306206941453244,8.89234292840148,4.75,118.03999999999999,1.62
sub-159,kukuku,fast,83,True,True,1.7629959975566405,4.634115971415701,4.25,118.03999999999999,1.62
sub-159,tatata,fast,84,True,True,4.302802623985054,1.1576817837428015,4.5,118.03999999999999,1.62
sub-159,pitaku,fast,85,True,True,3.121009144238846,4.637835388942109,4.75,118.03999999999999,1.62
sub-159,kukuku,fast,86,True,False,,,4.75,118.03999999999999,1.62
sub-159,tatata,fast,87,True,True,0.9184159899101084,0.7546562483446317,3.5,118.03999999999999,1.62
sub-159,pitaku,fast,88,True,True,4.012726042592803,1.4027094897912409,4.0,118.03999999999999,1.62
sub-159,kukuku,fast,89,True,True,2.9068934006224607,2.34817777354747,4.5,118.03999999999999,1.62
sub-159,pipipi,fast,90,True,True,2.634276422060396,5.067051503284686,4.5,118.03999999999999,1.62
sub-159,takupi,fast,91,True,False,,,3.5,118.03999999999999,1.62
sub-159,kukuku,fast,92,True,True,1.4705460732560682,7.847994553829175,4.25,118.03999999999999,1.62
sub-159,pipipi,fast,93,True,True,2.614987787170832,6.188135724952122,4.5,118.03999999999999,1.62
sub-159,kutapi,fast,94,True,True,4.258821677232225,1.3222588079243884,4.5,118.03999999999999,1.62
sub-159,tatata,fast,95,True,True,1.4252727049802256,7.702525448609746,4.25,118.03999999999999,1.62
sub-159,pipipi,fast,96,True,False,,,4.25,118.03999999999999,1.62
sub-159,takupi,fast,97,True,True,3.9807775868396744,4.9170426809713,3.75,118.03999999999999,1.62
sub-159,pitaku,fast,98,True,True,1.1499210324449474,2.7654564602858387,3.5,118.03999999999999,1.62
sub-159,tatata,fast,99,True,True,2.5354242642346003,2.0441854603402536,4.0,118.03999999999999,1.62
sub-159,pipipi,fast,100,True,True,2.052486309142296,6.016690795528046,4.0,118.03999999999999,1.62
sub-159,kutapi,fast,101,True,False,,,4.5,118.03999999999999,1.62
sub-159,pitaku,fast,102,True,True,3.1093635114287874,7.8344310606648575,4.75,118.03999999999999,1.62
sub-159,kukuku,fast,103,True,True,4.058325102579131,5.568782347257937,4.5,118.03999999999999,1.62
sub-159,pipipi,fast,104,True,True,2.4365772545699267,4.747124839543622,4.5,118.03999999999999,1.62
sub-159,kutapi,fast,105,True,True,1.5862488979624012,6.797152422758668,4.25,118.03999999999999,1.62
sub-159,tatata,fast,106,True,True,3.9061379112324137,1.654941150440509,4.0,118.03999999999999,1.62
sub-159,pitaku,fast,107,True,True,1.899641537377465,2.4424903558214943,3.25,118.03999999999999,1.62
sub-159,kukuku,fast,108,True,True,2.4271148186298492,1.984069456407882,4.0,118.03999999999999,1.62
sub-159,pipipi,fast,109,True,True,1.156303544490631,2.559029651006667,4.25,118.03999999999999,1.62
sub-159,kutapi,fast,110,True,True,2.022595682191541,2.8336995993905747,3.75,118.03999999999999,1.62
sub-159,tatata,fast,111,True,True,3.7877700957405223,3.91804988508125,3.75,118.03999999999999,1.62
sub-159,pipipi,fast,112,True,False,,,4.0,118.03999999999999,1.62
sub-159,takupi,fast,113,True,False,,,3.25,118.03999999999999,1.62
sub-159,kukuku,fast,114,True,False,,,4.0,118.03999999999999,1.62
sub-159,pipipi,fast,115,True,True,1.0381761890318706,2.648008174769214,4.5,118.03999999999999,1.62
sub-159,kutapi,fast,116,True,False,,,3.75,118.03999999999999,1.62
sub-159,pitaku,fast,117,True,False,,,4.5,118.03999999999999,1.62
sub-159,kukuku,fast,118,True,False,,,4.25,118.03999999999999,1.62
sub-159,takupi,fast,119,True,True,3.770630864538076,5.476422562425752,3.75,118.03999999999999,1.62
sub-159,pipipi,fast,120,True,True,1.846328111660816,3.658247096185751,4.0,118.03999999999999,1.62
sub-191,kukuku,normal,1,True,True,3.2636145128804235,1.8718245356212344,3.0,102.365,1.6
sub-191,tatata,normal,2,True,True,2.25829152381789,1.9283105353457524,3.0,102.365,1.6
sub-191,kutapi,normal,3,True,True,3.501300723902527,2.0045151594481148,3.5,102.365,1.6
sub-191,dadada,normal,4,True,False,,,2.75,102.365,1.6
sub-191,kukuku,normal,5,True,False,,,3.25,102.365,1.6
sub-191,pitaku,normal,6,True,True,3.73123689084538,0.7595688487115897,3.0,102.365,1.6
sub-191,dadada,normal,7,True,True,3.5611520183282113,1.9092191569186872,3.25,102.365,1.6
sub-191,tatata,normal,8,True,True,2.016071545860003,2.612412456630839,3.25,102.365,1.6
sub-191,kutapi,normal,9,True,True,1.1915770814425186,0.8602620165629027,2.5,102.365,1.6
sub-191,bibibi,normal,10,True,True,3.481794870287471,2.112544720055018,3.5,102.365,1.6
sub-191,tatata,normal,11,True,True,2.1043171017393973,2.500005345320643,3.5,102.365,1.6
sub-191,kutapi,normal,12,True,True,1.846328446725557,1.630008273528574,2.25,102.365,1.6
sub-191,dadada,normal,13,True,False,,,2.75,102.365,1.6
sub-191,kukuku,normal,14,True,False,,,2.25,102.365,1.6
sub-191,takupi,normal,15,True,False,,,2.7613412228796843,102.365,1.6
sub-191,gugugu,normal,16,True,False,,,3.25,102.365,1.6
sub-191,kukuku,normal,17,True,False,,,3.25,102.365,1.6
sub-191,pitaku,normal,18,True,False,,,2.1937842778793417,102.365,1.6
sub-191,gugugu,normal,19,True,False,,,3.25,102.365,1.6
sub-191,pipipi,normal,20,False,False,,,2.1739130434782608,102.365,1.6
sub-191,kutapi,normal,21,True,True,3.298059095443093,1.570583173857921,3.0,102.365,1.6
sub-191,dadada,normal,22,True,False,,,3.25,102.365,1.6
sub-191,kukuku,normal,23,True,True,1.7457603312471115,2.662382163287486,3.5,102.365,1.6
sub-191,pitaku,normal,24,True,True,3.2850575484176927,2.80242331171884,3.25,102.365,1.6
sub-191,tatata,normal,25,True,True,3.12491099293233,1.128328169024707,2.75,102.365,1.6
sub-191,pipipi,normal,26,True,True,2.224135938030128,2.996952534079836,3.0,102.365,1.6
sub-191,takupi,normal,27,True,False,,,3.25,102.365,1.6
sub-191,kukuku,normal,28,True,False,,,2.0,102.365,1.6
sub-191,dadada,normal,29,True,True,1.60663804263873,2.3396405859888336,3.25,102.365,1.6
sub-191,pitaku,normal,30,True,False,,,3.0,102.365,1.6
sub-191,kukuku,normal,31,True,False,,,2.366863905325443,102.365,1.6
sub-191,gugugu,normal,32,True,True,1.021212742788343,0.4902728659787989,3.25,102.365,1.6
sub-191,kutapi,normal,33,True,True,3.2551156176378444,0.837293671927247,2.75,102.365,1.6
sub-191,pipipi,normal,34,True,True,3.221557724672506,3.154246759897113,2.0,102.365,1.6
sub-191,dadada,normal,35,True,False,,,3.25,102.365,1.6
sub-191,pitaku,normal,36,True,False,,,3.25,102.365,1.6
sub-191,kukuku,normal,37,True,True,3.3782821545214383,1.0226994052796474,2.0,102.365,1.6
sub-191,bibibi,normal,38,True,False,,,3.25,102.365,1.6
sub-191,pitaku,normal,39,True,True,2.8668908192039733,1.196624544437258,2.25,102.365,1.6
sub-191,dadada,normal,40,False,False,,,2.3980815347721824,102.365,1.6
sub-191,gugugu,normal,41,True,False,,,3.25,102.365,1.6
sub-191,kutapi,normal,42,True,True,3.2937139160867908,1.5673190882894117,3.25,102.365,1.6
sub-191,dadada,normal,43,True,True,3.263614702754406,1.4343985780015922,2.75,102.365,1.6
sub-191,pipipi,normal,44,True,False,,,3.0,102.365,1.6
sub-191,takupi,normal,45,True,False,,,2.25,102.365,1.6
sub-191,kukuku,normal,46,True,True,3.0192377564128923,4.560567288216323,2.0,102.365,1.6
sub-191,tatata,normal,47,True,True,2.458140474247664,3.1597236065840777,3.25,102.365,1.6
sub-191,pitaku,normal,48,True,True,3.093971364244894,3.001814989347828,2.0,102.365,1.6
sub-191,dadada,normal,49,True,False,,,2.0,102.365,1.6
sub-191,bibibi,normal,50,True,False,,,2.5,102.365,1.6
sub-191,pitaku,normal,51,True,False,,,2.75,102.365,1.6
sub-191,kukuku,normal,52,True,True,2.979652994409862,3.209063018224196,2.5,102.365,1.6
sub-191,dadada,normal,53,True,True,1.054377419784848,2.109563513151209,3.25,102.365,1.6
sub-191,pitaku,normal,54,True,False,,,2.5,102.365,1.6
sub-191,kukuku,normal,55,True,False,,,2.366863905325443,102.365,1.6
sub-191,gugugu,normal,56,True,False,,,3.25,102.365,1.6
sub-191,takupi,normal,57,True,True,2.77769873589986,2.3647649078340116,2.25,102.365,1.6
sub-191,dadada,normal,58,True,True,3.1805710716410616,1.321922446008589,2.25,102.365,1.6
sub-191,bibibi,normal,59,True,True,1.724088870558534,2.7987974807034277,3.0,102.365,1.6
sub-191,kutapi,normal,60,False,False,,,2.4509803921568625,102.365,1.6
sub-191,tatata,normal,61,True,False,,,2.366863905325443,102.365,1.6
sub-191,gugugu,normal,62,True,False,,,3.25,102.365,1.6
sub-191,pitaku,normal,63,True,True,2.4974317092200535,1.5261077022793297,2.25,102.365,1.6
sub-191,bibibi,normal,64,True,False,,,2.366863905325443,102.365,1.6
sub-191,gugugu,normal,65,True,False,,,3.0,102.365,1.6
sub-191,takupi,normal,66,True,True,1.3368605031707343,0.7169189732713983,3.25,102.365,1.6
sub-191,kukuku,normal,67,True,False,,,8.043875685557587,102.365,1.6
sub-191,gugugu,normal,68,True,False,,,3.0,102.365,1.6
sub-191,takupi,normal,69,True,True,3.0486940743039916,1.353744642041523,2.75,102.365,1.6
sub-191,pipipi,normal,70,True,True,2.385428569589001,3.2771780847375265,2.0,102.365,1.6
sub-191,dadada,normal,71,True,True,1.5005577076406202,2.9726943383719497,2.5,102.365,1.6
sub-191,takupi,normal,72,True,False,,,3.0,102.365,1.6
sub-191,kukuku,normal,73,True,False,,,2.0,102.365,1.6
sub-191,bibibi,normal,74,True,True,1.9715529502596791,3.7217230090968623,2.0,102.365,1.6
sub-191,takupi,normal,75,True,False,,,3.25,102.365,1.6
sub-191,pipipi,normal,76,True,True,3.124911426161592,2.884813641446594,2.5,102.365,1.6
sub-191,tatata,normal,77,True,False,,,3.0,102.365,1.6
sub-191,kutapi,normal,78,True,True,3.0978056269259895,1.1308820564935829,2.0,102.365,1.6
sub-191,pipipi,normal,79,True,True,2.076353107084114,3.270058665854684,3.0,102.365,1.6
sub-191,takupi,normal,80,True,False,,,4.140786749482402,102.365,1.6
sub-191,bibibi,normal,81,True,True,2.4014685318361946,1.536938032262187,2.5,102.365,1.6
sub-191,pipipi,normal,82,True,False,,,2.25,102.365,1.6
sub-191,takupi,normal,83,True,True,3.071165530272087,1.7508484253509256,2.0,102.365,1.6
sub-191,dadada,normal,84,True,True,3.1016485628306185,1.7733236915515749,3.0,102.365,1.6
sub-191,pipipi,normal,85,True,True,2.019328547367915,3.6184072941346943,2.75,102.365,1.6
sub-191,takupi,normal,86,True,False,,,2.5,102.365,1.6
sub-191,bibibi,normal,87,True,True,2.913669862053006,2.9504889279995554,3.0,102.365,1.6
sub-191,tatata,normal,88,True,True,1.4500746761261478,3.086399021063569,3.0,102.365,1.6
sub-191,pitaku,normal,89,True,False,,,2.1937842778793417,102.365,1.6
sub-191,gugugu,normal,90,True,False,,,3.0,102.365,1.6
sub-191,dadada,normal,91,True,True,2.3854281885891977,3.030932946107299,3.0,102.365,1.6
sub-191,takupi,normal,92,True,True,3.0119623393270825,1.0132117328709391,2.75,102.365,1.6
sub-191,pipipi,normal,93,True,True,2.9068938856296267,4.1851271074571486,2.25,102.365,1.6
sub-191,tatata,normal,94,True,True,2.8215900018526847,2.020667790483383,3.0,102.365,1.6
sub-191,pitaku,normal,95,True,True,2.8734813122315854,2.256793903985855,3.0,102.365,1.6
sub-191,dadada,normal,96,True,True,1.6350089873390967,4.536993164333795,2.0,102.365,1.6
sub-191,tatata,normal,97,True,True,2.4605597850801955,4.564906277698475,2.25,102.365,1.6
sub-191,kutapi,normal,98,True,True,3.109364106519252,1.9640517947977791,2.5,102.365,1.6
sub-191,dadada,normal,99,True,True,2.95499851257858,4.105177512961115,2.75,102.365,1.6
sub-191,tatata,normal,100,True,True,1.820778398864879,1.5444702998246769,3.5,102.365,1.6
sub-191,kutapi,normal,101,True,True,1.6994756922417216,3.057401820964047,2.75,102.365,1.6
sub-191,dadada,normal,102,True,True,2.8152350712697896,1.9919780865459875,2.75,102.365,1.6
sub-191,tatata,normal,103,True,True,1.977791727284472,3.1777830768946203,3.0,102.365,1.6
sub-191,pitaku,normal,104,True,False,,,2.0,102.365,1.6
sub-191,kukuku,normal,105,True,True,2.8247782410029068,4.176653996179568,2.25,102.365,1.6
sub-191,tatata,normal,106,True,True,1.956125777220323,3.011559526394471,3.0,102.365,1.6
sub-191,kutapi,normal,107,True,False,,,2.1937842778793417,102.365,1.6
sub-191,gugugu,normal,108,True,False,,,2.75,102.365,1.6
sub-191,tatata,normal,109,True,False,,,2.5,102.365,1.6
sub-191,kutapi,normal,110,True,False,,,2.9250457038391224,102.365,1.6
sub-191,gugugu,normal,111,True,False,,,2.75,102.365,1.6
sub-191,kukuku,normal,112,True,False,,,2.5,102.365,1.6
sub-191,takupi,normal,113,True,True,3.037580490021353,0.8943153032688089,3.0,102.365,1.6
sub-191,pipipi,normal,114,True,True,2.8801022388105677,4.328818763204481,2.0,102.365,1.6
sub-191,tatata,normal,115,True,True,2.2461174692610717,2.050489392981107,3.25,102.365,1.6
sub-191,pitaku,normal,116,True,True,0.8728801477959404,3.2738822250513575,2.5,102.365,1.6
sub-191,bibibi,normal,117,True,True,2.02587418418766,4.023052642039018,3.0,102.365,1.6
sub-191,kutapi,normal,118,True,False,,,2.75,102.365,1.6
sub-191,pipipi,normal,119,True,True,3.0412758434155385,3.719496877104385,2.5,102.365,1.6
sub-191,dadada,normal,120,True,False,,,2.092050209205021,102.365,1.6
sub-191,pitaku,normal,121,True,False,,,3.0,102.365,1.6
sub-191,kukuku,normal,122,True,True,2.9001492326168634,1.4204611808258951,2.0,102.365,1.6
sub-191,pipipi,normal,123,True,True,1.5508242174415237,2.289876643916532,2.5,102.365,1.6
sub-191,kutapi,normal,124,True,True,2.790098926914884,4.070766816154956,2.5,102.365,1.6
sub-191,tatata,normal,125,True,True,2.900149232616864,1.1035966954391894,2.0,102.365,1.6
sub-191,bibibi,normal,126,True,True,2.637055525860481,2.9904574568278495,2.75,102.365,1.6
sub-191,takupi,normal,127,True,True,2.765407785968735,2.317098273045742,2.0,102.365,1.6
sub-191,pipipi,normal,128,True,True,2.637055525860481,6.105259878960336,2.0,102.365,1.6
sub-191,tatata,normal,129,True,True,1.1995818802858618,3.181521688704952,3.0,102.365,1.6
sub-191,kutapi,normal,130,True,True,2.951509608637233,2.651104425854448,2.75,102.365,1.6
sub-191,pipipi,normal,131,True,True,2.906893765715973,1.7212083438263803,2.0,102.365,1.6
sub-191,bibibi,normal,132,True,False,,,2.5,102.365,1.6
sub-191,kutapi,normal,133,True,False,,,2.366863905325443,102.365,1.6
sub-191,gugugu,normal,134,True,False,,,3.0,102.365,1.6
sub-191,pipipi,normal,135,True,False,,,2.75,102.365,1.6
sub-191,takupi,normal,136,True,False,,,2.1937842778793417,102.365,1.6
sub-191,gugugu,normal,137,True,False,,,2.75,102.365,1.6
sub-191,bibibi,normal,138,True,False,,,2.25,102.365,1.6
sub-191,takupi,normal,139,True,False,,,2.7613412228796843,102.365,1.6
sub-191,gugugu,normal,140,True,False,,,2.75,102.365,1.6
sub-191,bibibi,normal,141,True,True,2.9549983548545153,2.4171206845451207,2.75,102.365,1.6
sub-191,pitaku,normal,142,True,False,,,3.0,102.365,1.6
sub-191,kukuku,normal,143,True,False,,,3.656307129798903,102.365,1.6
sub-191,gugugu,normal,144,True,False,,,3.0,102.365,1.6
sub-191,kutapi,normal,145,True,True,1.984070323973746,1.918679786140545,2.0,102.365,1.6
sub-191,bibibi,normal,146,True,True,2.8152349191519375,1.8044571603995152,2.75,102.365,1.6
sub-191,pipipi,normal,147,True,True,1.2820146708753437,1.1461478036509654,2.5,102.365,1.6
sub-191,takupi,normal,148,True,False,,,2.5,102.365,1.6
sub-191,bibibi,normal,149,True,True,2.900149197455824,4.996086346751669,2.5,102.365,1.6
sub-191,tatata,normal,150,True,True,1.412389044184701,2.253270891135795,2.0,102.365,1.6
sub-191,pitaku,normal,151,True,False,,,2.1937842778793417,102.365,1.6
sub-191,gugugu,normal,152,True,True,0.9328091821667612,1.2352563922442084,2.75,102.365,1.6
sub-191,pipipi,normal,153,True,True,1.6025183385941797,4.0285493721199925,3.0,102.365,1.6
sub-191,kutapi,normal,154,True,True,1.9983442111965788,1.2075289165335432,2.0,102.365,1.6
sub-191,bibibi,normal,155,True,False,,,3.550295857988165,102.365,1.6
sub-191,gugugu,normal,156,True,False,,,3.0,102.365,1.6
sub-191,pitaku,normal,157,True,False,,,2.5,102.365,1.6
sub-191,kukuku,normal,158,True,False,,,2.5,102.365,1.6
sub-191,bibibi,normal,159,True,True,2.8734811588585285,1.6073864069335526,3.0,102.365,1.6
sub-191,pitaku,normal,160,True,False,,,2.551834130781499,102.365,1.6
sub-191,dadada,normal,161,True,True,2.9515097731519804,1.107874904356602,2.25,102.365,1.6
sub-191,bibibi,normal,162,True,True,2.055862481792539,2.1366976730720157,2.75,102.365,1.6
sub-191,takupi,normal,163,True,True,1.578237864810434,1.5870280575845568,2.5,102.365,1.6
sub-191,pipipi,normal,164,True,False,,,2.75,102.365,1.6
sub-191,kukuku,normal,165,True,True,1.8327923591346975,2.8036484014076404,2.75,102.365,1.6
sub-191,takupi,normal,166,True,False,,,6.3116370808678495,102.365,1.6
sub-191,gugugu,normal,167,True,False,,,3.0,102.365,1.6
sub-191,pipipi,normal,168,True,False,,,2.75,102.365,1.6
sub-191,kutapi,normal,169,True,True,2.7654079401103173,4.418307931003895,2.75,102.365,1.6
sub-191,tatata,normal,170,True,False,,,2.1937842778793417,102.365,1.6
sub-191,gugugu,normal,171,True,False,,,2.75,102.365,1.6
sub-191,kutapi,normal,172,True,False,,,2.0,102.365,1.6
sub-191,bibibi,normal,173,True,True,2.8215900427310694,4.662776132389233,2.5,102.365,1.6
sub-191,tatata,normal,174,True,True,2.690988996619728,2.827503563635652,2.0,102.365,1.6
sub-191,pitaku,normal,175,True,False,,,2.7613412228796843,102.365,1.6
sub-191,gugugu,normal,176,True,False,,,2.75,102.365,1.6
sub-191,kukuku,normal,177,True,True,0.924529873468834,2.346590305899957,2.5,102.365,1.6
sub-191,takupi,normal,178,True,False,,,2.5,102.365,1.6
sub-191,bibibi,normal,179,True,True,2.876788006743069,4.2609557602397885,2.75,102.365,1.6
sub-191,dadada,normal,180,True,False,,,2.31023102310231,102.365,1.6
sub-191,pitaku,fast,1,True,True,4.125294758449157,2.875071773488023,5.75,102.365,1.6
sub-191,kukuku,fast,2,True,False,,,6.0,102.365,1.6
sub-191,takupi,fast,3,True,True,3.3067838936774985,1.991146729890069,5.5,102.365,1.6
sub-191,kutapi,fast,4,True,True,3.467307383661844,3.0372863190315336,5.5,102.365,1.6
sub-191,pipipi,fast,5,True,True,5.143886056831664,1.0487635193888585,5.25,102.365,1.6
sub-191,takupi,fast,6,True,True,2.383154073994461,3.409636034783607,5.75,102.365,1.6
sub-191,kutapi,fast,7,True,True,4.019177851479404,2.8012317040162262,6.0,102.365,1.6
sub-191,tatata,fast,8,True,True,5.506450712819801,2.01002279372642,5.5,102.365,1.6
sub-191,kukuku,fast,9,True,False,,,5.25,102.365,1.6
sub-191,takupi,fast,10,True,True,2.7114193314752595,3.245744760850183,5.25,102.365,1.6
sub-191,kutapi,fast,11,True,True,3.7090929133830697,3.3348582221383003,5.5,102.365,1.6
sub-191,tatata,fast,12,True,True,5.399413873909696,2.664787186072987,5.25,102.365,1.6
sub-191,kukuku,fast,13,True,False,,,5.25,102.365,1.6
sub-191,takupi,fast,14,True,True,1.7843887392007056,4.51962510935568,5.25,102.365,1.6
sub-191,kutapi,fast,15,True,True,3.48179474041809,2.467659644523007,5.5,102.365,1.6
sub-191,tatata,fast,16,True,True,4.901820830627823,1.8445695531595463,5.25,102.365,1.6
sub-191,pitaku,fast,17,True,True,3.342150566337151,1.8942673857900756,5.5,102.365,1.6
sub-191,kutapi,fast,18,True,True,3.3874371593769497,2.640643335190112,5.75,102.365,1.6
sub-191,tatata,fast,19,True,True,5.274111020295758,2.1800353976902622,5.25,102.365,1.6
sub-191,kukuku,fast,20,True,False,,,5.0,102.365,1.6
sub-191,takupi,fast,21,True,True,2.3991639472384527,3.582331012611822,5.75,102.365,1.6
sub-191,kutapi,fast,22,True,True,3.85197046690673,2.7431536123754565,6.0,102.365,1.6
sub-191,tatata,fast,23,True,True,5.219058106518724,2.864565540082884,5.5,102.365,1.6
sub-191,pipipi,fast,24,True,True,5.399414326182438,0.971293625393474,5.5,102.365,1.6
sub-191,takupi,fast,25,True,True,1.849059787738512,4.424712770332125,5.5,102.365,1.6
sub-191,kukuku,fast,26,True,False,,,5.25,102.365,1.6
sub-191,pipipi,fast,27,True,True,5.530816002262099,0.9441491148644888,5.5,102.365,1.6
sub-191,kutapi,fast,28,True,True,3.720132191997719,2.9560363821991196,5.75,102.365,1.6
sub-191,tatata,fast,29,True,True,4.873155619926838,3.1231408464241346,5.25,102.365,1.6
sub-191,pipipi,fast,30,True,True,5.040179098835621,0.8949534679330275,5.0,102.365,1.6
sub-191,takupi,fast,31,True,True,2.665169331580456,3.407195629925555,5.0,102.365,1.6
sub-191,pitaku,fast,32,True,True,4.528856581562442,1.9328848958352207,5.25,102.365,1.6
sub-191,tatata,fast,33,True,True,5.019937415707767,1.6593855917559566,5.25,102.365,1.6
sub-191,pipipi,fast,34,True,True,5.112328901886438,1.1630607105873398,5.25,102.365,1.6
sub-191,kutapi,fast,35,True,True,3.324373448168175,2.745145122972856,5.25,102.365,1.6
sub-191,takupi,fast,36,True,True,2.093742741224847,4.628891012322419,5.0,102.365,1.6
sub-191,kukuku,fast,37,True,True,1.5262080787682952,1.6726187644456054,2.0,102.365,1.6
sub-191,pitaku,fast,38,True,True,2.4271153718664737,3.297712946888727,5.25,102.365,1.6
sub-191,kutapi,fast,39,True,True,3.1171182456639253,2.705274129190906,5.25,102.365,1.6
sub-191,pipipi,fast,40,True,True,4.78913569544534,1.0553442059309024,5.0,102.365,1.6
sub-191,tatata,fast,41,True,True,5.030038425329409,3.319391745651634,5.0,102.365,1.6
sub-191,pitaku,fast,42,True,True,4.638087379199846,2.6039282378571613,4.75,102.365,1.6
sub-191,kukuku,fast,43,True,False,,,4.5,102.365,1.6
sub-191,tatata,fast,44,True,True,4.8826740183373385,3.053428369861413,4.75,102.365,1.6
sub-191,kutapi,fast,45,True,True,3.168477943458449,3.307348673339055,4.75,102.365,1.6
sub-191,pipipi,fast,46,True,True,4.734714199599843,1.6257863021009271,4.75,102.365,1.6
sub-191,tatata,fast,47,True,True,4.528857060486806,3.4191742720644083,4.5,102.365,1.6
sub-191,pitaku,fast,48,True,True,2.48501898348779,2.212664444311587,4.75,102.365,1.6
sub-191,kukuku,fast,49,True,False,,,4.5,102.365,1.6
sub-191,pipipi,fast,50,True,True,4.432498399625385,1.5291087650157529,4.5,102.365,1.6
sub-191,takupi,fast,51,True,True,2.340757581824641,4.806422496682288,4.5,102.365,1.6
sub-191,kukuku,fast,52,True,False,,,4.5,102.365,1.6
sub-191,tatata,fast,53,True,True,4.578624720492156,3.675289273555941,4.5,102.365,1.6
sub-191,pitaku,fast,54,True,True,2.3233541797292903,2.3232830403894003,4.75,102.365,1.6
sub-191,kutapi,fast,55,True,True,3.071165967308006,2.978651793258446,4.75,102.365,1.6
sub-191,pipipi,fast,56,True,True,4.595457899611611,1.0051934505035494,4.75,102.365,1.6
sub-191,tatata,fast,57,True,True,4.595457899611612,3.1202580753243465,4.5,102.365,1.6
sub-191,kutapi,fast,58,True,True,3.1406144439556742,3.744094164350833,4.5,102.365,1.6
sub-191,pipipi,fast,59,True,True,4.570254291387052,1.195865879530552,4.5,102.365,1.6
sub-191,kukuku,fast,60,True,False,,,4.5,102.365,1.6
sub-191,pitaku,fast,61,True,True,4.545325706342379,2.106247495310889,4.75,102.365,1.6
sub-191,kutapi,fast,62,True,True,3.1249114231103854,3.0336486748445437,4.75,102.365,1.6
sub-191,pipipi,fast,63,True,True,4.464159175871979,0.8851999811437095,4.5,102.365,1.6
sub-191,kukuku,fast,64,True,False,,,4.25,102.365,1.6
sub-191,pitaku,fast,65,True,True,1.9638092211220015,1.8627963422928655,4.5,102.365,1.6
sub-191,takupi,fast,66,True,True,2.436578107688409,2.930160452595416,4.5,102.365,1.6
sub-191,pipipi,fast,67,True,True,4.432498472497,0.9786215841338032,4.5,102.365,1.6
sub-191,kukuku,fast,68,True,False,,,4.75,102.365,1.6
sub-191,takupi,fast,69,True,True,2.983208995809437,2.7652542990340123,5.0,102.365,1.6
sub-191,pipipi,fast,70,True,True,4.638087455451408,1.1798933975313188,5.0,102.365,1.6
sub-191,kutapi,fast,71,True,True,3.4866515181147957,2.5417713563982707,5.0,102.365,1.6
sub-191,tatata,fast,72,True,True,5.081156785545343,2.244697801015011,5.0,102.365,1.6
sub-191,kukuku,fast,73,True,False,,,4.75,102.365,1.6
sub-191,takupi,fast,74,True,True,3.0228889219931183,2.110110250586705,4.75,102.365,1.6
sub-191,pipipi,fast,75,True,True,4.545325706342379,0.7503347639652063,4.75,102.365,1.6
sub-191,kukuku,fast,76,True,False,,,5.0,102.365,1.6
sub-191,pitaku,fast,77,True,True,3.5815603703270895,1.8360432888132,5.0,102.365,1.6
sub-191,kutapi,fast,78,True,True,3.4866515181147957,2.6936303550813756,5.0,102.365,1.6
sub-191,tatata,fast,79,True,True,4.672764744837961,3.466185001449042,4.5,102.365,1.6
sub-191,kukuku,fast,80,True,True,2.3104705531315237,1.1064687482344144,4.5,102.365,1.6
sub-191,takupi,fast,81,True,True,2.962001647037828,2.558060313570667,5.25,102.365,1.6
sub-191,pipipi,fast,82,True,True,5.050362404242278,1.25996192616501,5.0,102.365,1.6
sub-191,tatata,fast,83,True,True,4.770857614694518,3.990241273447559,5.0,102.365,1.6
sub-191,kutapi,fast,84,True,True,3.415204084835966,2.033458902685227,5.75,102.365,1.6
sub-191,pitaku,fast,85,True,True,1.7396864231732267,3.26635501299332,5.0,102.365,1.6
sub-191,tatata,fast,86,True,True,4.940571917193533,2.451432658711912,5.0,102.365,1.6
sub-191,pipipi,fast,87,True,True,4.86367585622554,1.300237426437458,5.0,102.365,1.6
sub-191,takupi,fast,88,True,True,3.117118940274223,3.445432793473421,4.75,102.365,1.6
sub-191,pitaku,fast,89,True,True,2.5614030636269742,1.9412492945667683,5.25,102.365,1.6
sub-191,tatata,fast,90,True,True,4.807556519422936,2.742593915139002,5.25,102.365,1.6
sub-191,pipipi,fast,91,True,True,4.807556519422936,0.8733177848655664,5.0,102.365,1.6
sub-191,takupi,fast,92,True,False,,,5.25,102.365,1.6
sub-191,pitaku,fast,93,True,True,2.406091809528322,2.004971145295853,5.5,102.365,1.6
sub-191,tatata,fast,94,True,True,4.79832896372347,2.375725566721143,4.75,102.365,1.6
sub-191,kukuku,fast,95,True,False,,,5.0,102.365,1.6
sub-191,pitaku,fast,96,True,True,2.7291805568776493,2.526424301439148,5.25,102.365,1.6
sub-191,takupi,fast,97,True,True,4.432498918616892,2.9845076435598816,5.25,102.365,1.6
sub-191,pipipi,fast,98,True,True,5.143887633950469,1.0627437257521528,5.25,102.365,1.6
sub-191,kutapi,fast,99,True,True,3.221558492396814,2.8679168011842595,5.25,102.365,1.6
sub-191,pitaku,fast,100,True,True,2.7869892866219925,1.799070450615563,5.5,102.365,1.6
sub-191,kukuku,fast,101,True,False,,,5.0,102.365,1.6
sub-191,takupi,fast,102,True,True,3.267880776922698,3.03681449767054,5.0,102.365,1.6
sub-191,pitaku,fast,103,True,True,2.7838850716546366,2.008979704819754,5.25,102.365,1.6
sub-191,tatata,fast,104,True,True,5.175836013138435,3.568672850645905,5.5,102.365,1.6
sub-191,kutapi,fast,105,True,True,3.5713268490655197,3.34592975913241,5.75,102.365,1.6
sub-191,pitaku,fast,106,True,True,2.68520815719212,1.8542909423652585,5.25,102.365,1.6
sub-191,kukuku,fast,107,True,False,,,4.75,102.365,1.6
sub-191,takupi,fast,108,True,True,3.289379992560348,3.9175651436327215,5.0,102.365,1.6
sub-191,pitaku,fast,109,True,True,2.969036572857321,2.236466655874205,5.5,102.365,1.6
sub-191,kukuku,fast,110,True,True,1.6721931734754942,1.552929553484283,5.0,102.365,1.6
sub-191,pipipi,fast,111,True,True,5.081156086068829,1.271677740037072,5.25,102.365,1.6
sub-191,takupi,fast,112,True,True,2.48501868225235,6.296373377354385,5.5,102.365,1.6
sub-191,kukuku,fast,113,True,False,,,4.75,102.365,1.6
sub-191,pitaku,fast,114,True,True,2.6204704343248055,3.445253552293779,5.0,102.365,1.6
sub-191,takupi,fast,115,True,True,2.304081838106787,3.324159370048686,5.25,102.365,1.6
sub-191,pipipi,fast,116,True,True,5.143886408119062,1.3685464985925382,5.25,102.365,1.6
sub-191,kutapi,fast,117,True,True,3.4817949781975823,2.796725338933511,5.5,102.365,1.6
sub-191,pitaku,fast,118,True,True,2.431837348585471,2.3753910105423266,5.25,102.365,1.6
sub-191,tatata,fast,119,True,True,4.629497767307155,2.737805261134275,5.0,102.365,1.6
sub-191,kutapi,fast,120,True,True,3.0338941678954656,3.1666597223073234,5.0,102.365,1.6
sub-246,kukuku,normal,1,True,True,3.90613928270199,2.2605124289727394,3.25,102.0,1.75
sub-246,tatata,normal,2,True,True,2.6370560558325673,1.6195652012095287,3.5,102.0,1.75
sub-246,kutapi,normal,3,True,True,4.071545832132367,1.2360543192290605,4.25,102.0,1.75
sub-246,dadada,normal,4,True,False,,,3.0,102.0,1.75
sub-246,kukuku,normal,5,True,False,,,3.75,102.0,1.75
sub-246,pitaku,normal,6,True,True,4.29541089506748,1.3097706819906918,3.25,102.0,1.75
sub-246,dadada,normal,7,True,True,3.731237523775035,2.171312753797004,2.75,102.0,1.75
sub-246,tatata,normal,8,True,True,2.485019026768662,1.853353231464025,4.0,102.0,1.75
sub-246,kutapi,normal,9,True,False,,,2.0,102.0,1.75
sub-246,bibibi,normal,10,True,True,3.9618528382397353,1.5259773126464895,4.0,102.0,1.75
sub-246,tatata,normal,11,True,False,,,4.0,102.0,1.75
sub-246,kutapi,normal,12,True,True,4.208634917389349,1.6501055728689948,4.0,102.0,1.75
sub-246,dadada,normal,13,True,False,,,3.5,102.0,1.75
sub-246,kukuku,normal,14,True,False,,,4.0,102.0,1.75
sub-246,takupi,normal,15,True,False,,,2.366863905325443,102.0,1.75
sub-246,gugugu,normal,16,True,False,,,4.25,102.0,1.75
sub-246,kukuku,normal,17,True,False,,,4.5,102.0,1.75
sub-246,pitaku,normal,18,True,False,,,4.387568555758683,102.0,1.75
sub-246,gugugu,normal,19,True,False,,,4.25,102.0,1.75
sub-246,pipipi,normal,20,True,False,,,2.653399668325042,102.0,1.75
sub-246,kutapi,normal,21,True,True,4.032143137852235,2.449048639569192,3.5,102.0,1.75
sub-246,dadada,normal,22,True,False,,,3.75,102.0,1.75
sub-246,kukuku,normal,23,True,False,,,4.0,102.0,1.75
sub-246,pitaku,normal,24,True,True,4.194511317899976,2.642021792747043,4.0,102.0,1.75
sub-246,tatata,normal,25,True,True,4.051748371909863,0.7323711827701942,4.25,102.0,1.75
sub-246,pipipi,normal,26,True,False,,,3.25,102.0,1.75
sub-246,takupi,normal,27,True,False,,,3.25,102.0,1.75
sub-246,kukuku,normal,28,True,True,4.472144446276182,2.904427432166524,2.75,102.0,1.75
sub-246,dadada,normal,29,True,True,2.345148916949705,2.5017522433204142,4.75,102.0,1.75
sub-246,pitaku,normal,30,True,True,0.9742512647967208,2.6940652707728185,4.0,102.0,1.75
sub-246,kukuku,normal,31,True,False,,,2.366863905325443,102.0,1.75
sub-246,gugugu,normal,32,True,False,,,5.0,102.0,1.75
sub-246,kutapi,normal,33,True,True,3.7992838077027145,0.9544757493574014,4.0,102.0,1.75
sub-246,pipipi,normal,34,True,True,4.578624075949425,2.2626249868689516,4.25,102.0,1.75
sub-246,dadada,normal,35,True,False,,,4.0,102.0,1.75
sub-246,pitaku,normal,36,True,True,1.3766127453019743,3.37829010284257,4.5,102.0,1.75
sub-246,kukuku,normal,37,True,False,,,4.0,102.0,1.75
sub-246,bibibi,normal,38,True,False,,,4.5,102.0,1.75
sub-246,pitaku,normal,39,True,True,4.355276560049452,3.0294253334248498,3.5,102.0,1.75
sub-246,dadada,normal,40,True,False,,,2.0,102.0,1.75
sub-246,gugugu,normal,41,True,False,,,4.5,102.0,1.75
sub-246,kutapi,normal,42,True,True,4.325137020136618,1.8805060442264088,4.25,102.0,1.75
sub-246,dadada,normal,43,True,True,4.38584069761222,0.8324976659737402,4.0,102.0,1.75
sub-246,pipipi,normal,44,True,False,,,4.0,102.0,1.75
sub-246,takupi,normal,45,True,True,2.306207746899414,1.1603558676918793,4.0,102.0,1.75
sub-246,kukuku,normal,46,True,True,4.690298682249465,2.3573801182434755,2.0,102.0,1.75
sub-246,tatata,normal,47,True,False,,,4.0,102.0,1.75
sub-246,pitaku,normal,48,True,True,3.8460449194445623,3.11769634777007,2.5,102.0,1.75
sub-246,dadada,normal,49,True,True,3.893970712833279,0.7018090369779983,3.25,102.0,1.75
sub-246,bibibi,normal,50,True,False,,,4.25,102.0,1.75
sub-246,pitaku,normal,51,True,False,,,3.75,102.0,1.75
sub-246,kukuku,normal,52,True,True,3.930706285595857,3.776670386457472,3.75,102.0,1.75
sub-246,dadada,normal,53,True,True,1.8408904253600624,3.215960001605809,4.5,102.0,1.75
sub-246,pitaku,normal,54,True,True,1.5050747728109364,1.7784984998222777,3.5,102.0,1.75
sub-246,kukuku,normal,55,True,False,,,2.366863905325443,102.0,1.75
sub-246,gugugu,normal,56,True,False,,,4.25,102.0,1.75
sub-246,takupi,normal,57,True,True,3.9807789771321103,3.722190393961616,4.0,102.0,1.75
sub-246,dadada,normal,58,True,True,3.4915212257527446,1.1231160487121763,2.75,102.0,1.75
sub-246,bibibi,normal,59,True,True,2.827974205473942,2.2504967820311603,4.0,102.0,1.75
sub-246,kutapi,normal,60,True,False,,,2.6905829596412554,102.0,1.75
sub-246,tatata,normal,61,True,False,,,2.7613412228796843,102.0,1.75
sub-246,gugugu,normal,62,True,False,,,4.5,102.0,1.75
sub-246,pitaku,normal,63,True,False,,,4.0,102.0,1.75
sub-246,bibibi,normal,64,True,False,,,2.7613412228796843,102.0,1.75
sub-246,gugugu,normal,65,True,False,,,4.5,102.0,1.75
sub-246,takupi,normal,66,True,False,,,4.0,102.0,1.75
sub-246,kukuku,normal,67,True,False,,,2.1937842778793417,102.0,1.75
sub-246,gugugu,normal,68,True,False,,,4.25,102.0,1.75
sub-246,takupi,normal,69,True,False,,,4.0,102.0,1.75
sub-246,pipipi,normal,70,True,True,3.869859410573357,3.2282424157332352,2.0,102.0,1.75
sub-246,dadada,normal,71,True,True,1.5605051056369468,4.634773371848155,3.75,102.0,1.75
sub-246,takupi,normal,72,True,False,,,4.25,102.0,1.75
sub-246,kukuku,normal,73,True,False,,,4.0,102.0,1.75
sub-246,bibibi,normal,74,True,False,,,3.75,102.0,1.75
sub-246,takupi,normal,75,True,False,,,4.0,102.0,1.75
sub-246,pipipi,normal,76,True,True,4.378159683415743,2.3756032526605804,4.25,102.0,1.75
sub-246,tatata,normal,77,True,True,1.5469858782366264,3.46596256138327,4.75,102.0,1.75
sub-246,kutapi,normal,78,True,False,,,3.5,102.0,1.75
sub-246,pipipi,normal,79,True,True,1.5469858782366264,3.479226285948794,4.75,102.0,1.75
sub-246,takupi,normal,80,True,False,,,3.6,102.0,1.75
sub-246,bibibi,normal,81,True,False,,,4.25,102.0,1.75
sub-246,pipipi,normal,82,True,False,,,4.25,102.0,1.75
sub-246,takupi,normal,83,True,True,4.401283496086191,2.7031487258754643,3.5,102.0,1.75
sub-246,dadada,normal,84,True,True,1.3469445181987911,0.5048248487588012,3.25,102.0,1.75
sub-246,pipipi,normal,85,True,False,,,4.5,102.0,1.75
sub-246,takupi,normal,86,True,False,,,3.25,102.0,1.75
sub-246,bibibi,normal,87,True,True,4.561914280614884,2.208176871990707,4.25,102.0,1.75
sub-246,tatata,normal,88,True,False,,,4.75,102.0,1.75
sub-246,pitaku,normal,89,True,False,,,3.656307129798903,102.0,1.75
sub-246,gugugu,normal,90,True,False,,,4.5,102.0,1.75
sub-246,dadada,normal,91,True,True,1.8301090964692213,3.432535092259302,4.5,102.0,1.75
sub-246,takupi,normal,92,True,True,3.709093510054832,0.9295244185627548,3.5,102.0,1.75
sub-246,pipipi,normal,93,True,True,4.620940897924133,2.3252747855960285,4.25,102.0,1.75
sub-246,tatata,normal,94,True,False,,,3.5,102.0,1.75
sub-246,pitaku,normal,95,True,True,4.347702653525142,2.1691696935893257,4.25,102.0,1.75
sub-246,dadada,normal,96,True,True,3.8283752308988617,2.2769910152109167,4.0,102.0,1.75
sub-246,tatata,normal,97,True,True,2.847299573777855,1.9652290226898697,3.75,102.0,1.75
sub-246,kutapi,normal,98,True,True,4.295410697211265,3.479190925070098,3.75,102.0,1.75
sub-246,dadada,normal,99,True,True,4.2515799758111505,3.210357880852098,3.75,102.0,1.75
sub-246,tatata,normal,100,False,False,,,3.0769230769230766,102.0,1.75
sub-246,kutapi,normal,101,True,True,4.058326361747564,3.5977557670167535,2.0,102.0,1.75
sub-246,dadada,normal,102,True,True,3.9431057394897455,3.082400027915159,3.75,102.0,1.75
sub-246,tatata,normal,103,True,True,1.772999318323758,2.277156099218203,4.25,102.0,1.75
sub-246,pitaku,normal,104,True,False,,,3.75,102.0,1.75
sub-246,kukuku,normal,105,True,True,4.111725392823189,2.67770628790932,3.75,102.0,1.75
sub-246,tatata,normal,106,True,True,1.920068386203148,2.195855185269835,4.75,102.0,1.75
sub-246,kutapi,normal,107,True,False,,,5.850091407678245,102.0,1.75
sub-246,gugugu,normal,108,True,True,1.4880529993074396,2.960510611096556,4.25,102.0,1.75
sub-246,tatata,normal,109,True,True,1.0047946297574353,2.84220705052432,4.0,102.0,1.75
sub-246,kutapi,normal,110,True,False,,,3.656307129798903,102.0,1.75
sub-246,gugugu,normal,111,True,False,,,4.5,102.0,1.75
sub-246,kukuku,normal,112,True,False,,,3.75,102.0,1.75
sub-246,takupi,normal,113,True,True,3.857915183389659,0.5501392469289428,4.0,102.0,1.75
sub-246,pipipi,normal,114,True,True,3.918384073411441,3.5188481136123393,3.75,102.0,1.75
sub-246,tatata,normal,115,True,False,,,4.0,102.0,1.75
sub-246,pitaku,normal,116,True,True,4.038657574857027,0.5993253471432674,4.0,102.0,1.75
sub-246,bibibi,normal,117,True,False,,,4.0,102.0,1.75
sub-246,kutapi,normal,118,True,True,3.980778724261941,0.8951079186295257,3.25,102.0,1.75
sub-246,pipipi,normal,119,True,True,4.512507290318591,2.734132935819339,4.25,102.0,1.75
sub-246,dadada,normal,120,False,False,,,3.5476718403547673,102.0,1.75
sub-246,pitaku,normal,121,True,False,,,4.25,102.0,1.75
sub-246,kukuku,normal,122,True,False,,,4.5,102.0,1.75
sub-246,pipipi,normal,123,True,True,3.3782829929661,3.794516756276859,4.75,102.0,1.75
sub-246,kutapi,normal,124,True,True,4.672765261298906,3.151628111449046,4.5,102.0,1.75
sub-246,tatata,normal,125,True,False,,,3.5,102.0,1.75
sub-246,bibibi,normal,126,True,False,,,4.75,102.0,1.75
sub-246,takupi,normal,127,True,True,2.367357400373972,0.4750297463280066,4.0,102.0,1.75
sub-246,pipipi,normal,128,True,True,4.3705059699211795,2.439446517864857,2.0,102.0,1.75
sub-246,tatata,normal,129,True,True,2.558781386688755,2.038605768506324,4.25,102.0,1.75
sub-246,kutapi,normal,130,True,True,3.731237932529723,0.5118900131749271,4.0,102.0,1.75
sub-246,pipipi,normal,131,True,True,3.943106332484091,0.5697517135400343,3.25,102.0,1.75
sub-246,bibibi,normal,132,True,False,,,4.5,102.0,1.75
sub-246,kutapi,normal,133,True,False,,,3.944773175542406,102.0,1.75
sub-246,gugugu,normal,134,True,False,,,4.25,102.0,1.75
sub-246,pipipi,normal,135,True,False,,,4.25,102.0,1.75
sub-246,takupi,normal,136,True,False,,,4.387568555758683,102.0,1.75
sub-246,gugugu,normal,137,True,False,,,4.25,102.0,1.75
sub-246,bibibi,normal,138,True,False,,,4.0,102.0,1.75
sub-246,takupi,normal,139,True,False,,,2.366863905325443,102.0,1.75
sub-246,gugugu,normal,140,True,False,,,4.75,102.0,1.75
sub-246,bibibi,normal,141,True,False,,,4.25,102.0,1.75
sub-246,pitaku,normal,142,True,True,1.1110796264916625,2.4291755250578406,4.25,102.0,1.75
sub-246,kukuku,normal,143,True,False,,,2.5594149908592323,102.0,1.75
sub-246,gugugu,normal,144,True,False,,,4.25,102.0,1.75
sub-246,kutapi,normal,145,True,True,3.037580995876356,0.9170857555470738,4.75,102.0,1.75
sub-246,bibibi,normal,146,True,False,,,4.5,102.0,1.75
sub-246,pipipi,normal,147,True,False,,,4.25,102.0,1.75
sub-246,takupi,normal,148,True,False,,,4.0,102.0,1.75
sub-246,bibibi,normal,149,True,True,4.528857173199713,3.273662478643198,4.5,102.0,1.75
sub-246,tatata,normal,150,True,False,,,4.75,102.0,1.75
sub-246,pitaku,normal,151,True,False,,,4.021937842778794,102.0,1.75
sub-246,gugugu,normal,152,True,True,0.6178767077622939,1.2548776834276951,4.5,102.0,1.75
sub-246,pipipi,normal,153,True,True,1.5508245406986605,4.038650750182494,4.75,102.0,1.75
sub-246,kutapi,normal,154,True,True,2.6765836826619283,0.4893069521764683,4.75,102.0,1.75
sub-246,bibibi,normal,155,True,False,,,2.366863905325443,102.0,1.75
sub-246,gugugu,normal,156,True,False,,,4.5,102.0,1.75
sub-246,pitaku,normal,157,True,False,,,4.0,102.0,1.75
sub-246,kukuku,normal,158,True,True,4.215732140988602,0.5203336913047245,4.25,102.0,1.75
sub-246,bibibi,normal,159,True,False,,,4.75,102.0,1.75
sub-246,pitaku,normal,160,False,False,,,2.1333333333333333,102.0,1.75
sub-246,dadada,normal,161,True,False,,,4.0,102.0,1.75
sub-246,bibibi,normal,162,True,False,,,4.25,102.0,1.75
sub-246,takupi,normal,163,True,False,,,4.5,102.0,1.75
sub-246,pipipi,normal,164,True,False,,,4.5,102.0,1.75
sub-246,kukuku,normal,165,True,False,,,4.5,102.0,1.75
sub-246,takupi,normal,166,True,False,,,2.7613412228796843,102.0,1.75
sub-246,gugugu,normal,167,True,False,,,4.25,102.0,1.75
sub-246,pipipi,normal,168,True,False,,,4.75,102.0,1.75
sub-246,kutapi,normal,169,True,True,4.47214604763069,3.7310082318624462,4.5,102.0,1.75
sub-246,tatata,normal,170,True,False,,,2.1937842778793417,102.0,1.75
sub-246,gugugu,normal,171,True,True,0.8614505998020524,1.570799962915232,4.5,102.0,1.75
sub-246,kutapi,normal,172,True,True,4.310223518319925,0.5382864743710378,4.5,102.0,1.75
sub-246,bibibi,normal,173,True,True,4.512508376580426,3.0394466589105003,3.25,102.0,1.75
sub-246,tatata,normal,174,True,False,,,4.25,102.0,1.75
sub-246,pitaku,normal,175,True,False,,,2.7613412228796843,102.0,1.75
sub-246,gugugu,normal,176,True,True,1.7240894073279696,2.551609633358023,4.75,102.0,1.75
sub-246,kukuku,normal,177,True,False,,,4.0,102.0,1.75
sub-246,takupi,normal,178,True,True,4.681516180946735,0.9273142783261328,4.5,102.0,1.75
sub-246,bibibi,normal,179,True,True,4.8636763436294865,2.5568142459376437,4.5,102.0,1.75
sub-246,dadada,normal,180,True,False,,,2.127659574468085,102.0,1.75
sub-246,pitaku,fast,1,True,False,,,6.75,102.0,1.75
sub-246,kukuku,fast,2,True,False,,,5.25,102.0,1.75
sub-246,takupi,fast,3,True,True,2.3696011902450587,1.1508226232235943,6.5,102.0,1.75
sub-246,kutapi,fast,4,True,True,2.3320235594296057,1.7774001625088287,7.25,102.0,1.75
sub-246,pipipi,fast,5,True,True,3.5013014785833847,0.5442565492443165,5.0,102.0,1.75
sub-246,takupi,fast,6,True,True,2.3562009950127587,2.059349465150281,6.5,102.0,1.75
sub-246,kutapi,fast,7,True,True,2.2123267749633073,3.138024185449959,7.0,102.0,1.75
sub-246,tatata,fast,8,True,True,5.341729178864395,2.0041526388489244,5.75,102.0,1.75
sub-246,kukuku,fast,9,True,False,,,5.5,102.0,1.75
sub-246,takupi,fast,10,True,True,2.4271157822412985,3.303139772742357,7.25,102.0,1.75
sub-246,kutapi,fast,11,True,True,2.31904383646432,2.8060722417073816,6.75,102.0,1.75
sub-246,tatata,fast,12,True,True,5.43462881675769,2.6594314465573223,6.0,102.0,1.75
sub-246,kukuku,fast,13,True,False,,,5.25,102.0,1.75
sub-246,takupi,fast,14,True,True,2.620470917933477,1.8837927699166337,6.75,102.0,1.75
sub-246,kutapi,fast,15,True,True,2.2685383445631007,3.4547912985390807,6.75,102.0,1.75
sub-246,tatata,fast,16,True,True,5.555398346018973,1.4128342175131503,5.5,102.0,1.75
sub-246,pitaku,fast,17,True,True,2.035773009534639,2.1113322397344696,7.0,102.0,1.75
sub-246,kutapi,fast,18,True,False,,,7.25,102.0,1.75
sub-246,tatata,fast,19,True,True,5.387778568337365,1.2973778803029026,5.5,102.0,1.75
sub-246,kukuku,fast,20,True,True,2.4509110350083696,0.7896316943215695,4.75,102.0,1.75
sub-246,takupi,fast,21,True,True,2.659499554292902,1.1027123859171093,7.0,102.0,1.75
sub-246,kutapi,fast,22,True,True,2.177639007870495,2.7231968749908786,6.75,102.0,1.75
sub-246,tatata,fast,23,True,True,4.863676227695191,2.254005032517764,5.25,102.0,1.75
sub-246,pipipi,fast,24,True,True,5.411102989253957,0.7253914123510636,5.5,102.0,1.75
sub-246,takupi,fast,25,True,True,2.387707336232405,1.254676345100502,6.75,102.0,1.75
sub-246,kukuku,fast,26,True,False,,,5.25,102.0,1.75
sub-246,pipipi,fast,27,True,True,3.382854642808293,0.7507622426155223,5.25,102.0,1.75
sub-246,kutapi,fast,28,True,True,2.422412384724155,2.5567858589504833,7.25,102.0,1.75
sub-246,tatata,fast,29,True,True,5.506452821663719,1.8798767518240904,5.75,102.0,1.75
sub-246,pipipi,fast,30,True,True,4.979939404452846,0.6935163093794694,5.25,102.0,1.75
sub-246,takupi,fast,31,True,True,2.6651701290355305,2.1794889574266465,6.75,102.0,1.75
sub-246,pitaku,fast,32,True,True,2.401469338170344,1.568733604707136,7.75,102.0,1.75
sub-246,tatata,fast,33,True,True,5.458361530644822,1.600069951367685,5.5,102.0,1.75
sub-246,pipipi,fast,34,True,True,5.143888026821663,0.6384196715139723,5.25,102.0,1.75
sub-246,kutapi,fast,35,True,True,2.21037098234777,3.305902767911813,6.5,102.0,1.75
sub-246,takupi,fast,36,True,False,,,7.0,102.0,1.75
sub-246,kukuku,fast,37,True,True,2.6482304883848817,0.5075821078226728,5.0,102.0,1.75
sub-246,pitaku,fast,38,True,True,2.465413788003282,1.751183240045176,7.0,102.0,1.75
sub-246,kutapi,fast,39,True,True,2.976106644089676,2.9568466609761153,6.75,102.0,1.75
sub-246,pipipi,fast,40,True,True,4.807556886606401,0.8782813914556087,4.75,102.0,1.75
sub-246,tatata,fast,41,True,True,5.555398566082305,1.6324588496414405,5.5,102.0,1.75
sub-246,pitaku,fast,42,True,True,2.066057317964493,2.1623130382577624,5.75,102.0,1.75
sub-246,kukuku,fast,43,True,True,1.0954992790258706,1.0219073637317615,4.5,102.0,1.75
sub-246,tatata,fast,44,True,True,4.979938953659437,2.173752207985557,5.0,102.0,1.75
sub-246,kutapi,fast,45,True,True,2.4271158783854725,3.922334292799971,7.0,102.0,1.75
sub-246,pipipi,fast,46,True,True,4.960177291144915,1.106485624545348,5.25,102.0,1.75
sub-246,tatata,fast,47,True,True,5.4111024994308154,1.5720238927604235,5.25,102.0,1.75
sub-246,pitaku,fast,48,True,True,2.3451494884962822,1.8423015492140893,7.25,102.0,1.75
sub-246,kukuku,fast,49,True,False,,,5.0,102.0,1.75
sub-246,pipipi,fast,50,True,True,3.660218674578384,0.995170261384577,5.25,102.0,1.75
sub-246,takupi,fast,51,True,True,2.4271158783854725,2.6530684808180727,7.5,102.0,1.75
sub-246,kukuku,fast,52,True,False,,,4.5,102.0,1.75
sub-246,tatata,fast,53,True,True,5.387778781760857,2.3652080190267255,5.25,102.0,1.75
sub-246,pitaku,fast,54,True,False,,,6.75,102.0,1.75
sub-246,kutapi,fast,55,True,True,2.5354253090639323,3.190254648367649,7.5,102.0,1.75
sub-246,pipipi,fast,56,True,True,4.8826745209707765,0.5896628584639974,5.25,102.0,1.75
sub-246,tatata,fast,57,True,True,5.04018015067951,2.5309982830588895,5.0,102.0,1.75
sub-246,kutapi,fast,58,True,True,2.3718494826727103,4.259877265407283,7.0,102.0,1.75
sub-246,pipipi,fast,59,True,False,,,5.75,102.0,1.75
sub-246,kukuku,fast,60,True,False,,,5.5,102.0,1.75
sub-246,pitaku,fast,61,True,True,2.3673578092960628,2.4155466933917342,7.0,102.0,1.75
sub-246,kutapi,fast,62,True,True,2.4084102568561105,3.1915770162368258,7.25,102.0,1.75
sub-246,pipipi,fast,63,True,True,4.901823228660085,0.998044828749716,5.25,102.0,1.75
sub-246,kukuku,fast,64,True,False,,,5.0,102.0,1.75
sub-246,pitaku,fast,65,True,False,,,7.0,102.0,1.75
sub-246,takupi,fast,66,True,True,2.5328569874535387,1.9301409631844733,7.75,102.0,1.75
sub-246,pipipi,fast,67,True,True,2.566663086875403,0.6297762073552793,5.25,102.0,1.75
sub-246,kukuku,fast,68,True,False,,,5.75,102.0,1.75
sub-246,takupi,fast,69,True,True,2.665170412171261,1.37346297536212,8.25,102.0,1.75
sub-246,pipipi,fast,70,True,False,,,5.5,102.0,1.75
sub-246,kutapi,fast,71,True,True,2.3040828079416062,2.905016612087252,7.0,102.0,1.75
sub-246,tatata,fast,72,True,True,5.240943074668015,1.9916732472337388,5.5,102.0,1.75
sub-246,kukuku,fast,73,True,False,,,4.75,102.0,1.75
sub-246,takupi,fast,74,True,True,2.729181055258344,1.6324236719813956,7.0,102.0,1.75
sub-246,pipipi,fast,75,True,True,4.826119395012824,0.8186305190276251,5.0,102.0,1.75
sub-246,kukuku,fast,76,True,False,,,5.25,102.0,1.75
sub-246,pitaku,fast,77,True,True,2.385429242954811,1.112167803731114,7.75,102.0,1.75
sub-246,kutapi,fast,78,True,True,2.285127830545377,2.5405012370254196,6.75,102.0,1.75
sub-246,tatata,fast,79,True,True,5.434630101340529,1.0501760292586129,5.5,102.0,1.75
sub-246,kukuku,fast,80,True,False,,,4.75,102.0,1.75
sub-246,takupi,fast,81,True,True,2.5614030799900784,0.9899353180245748,7.75,102.0,1.75
sub-246,pipipi,fast,82,True,True,4.716847935981728,0.6215261854478396,5.25,102.0,1.75
sub-246,tatata,fast,83,True,True,3.7763284079612034,1.1526308400190244,6.0,102.0,1.75
sub-246,kutapi,fast,84,True,True,2.3673573921120417,2.309660100449882,7.0,102.0,1.75
sub-246,pitaku,fast,85,True,True,2.5251812182528446,1.1233895331956845,7.5,102.0,1.75
sub-246,tatata,fast,86,True,True,5.733783041445679,1.0988721047089576,5.25,102.0,1.75
sub-246,pipipi,fast,87,True,False,,,5.0,102.0,1.75
sub-246,takupi,fast,88,True,False,,,7.5,102.0,1.75
sub-246,pitaku,fast,89,True,False,,,7.5,102.0,1.75
sub-246,tatata,fast,90,True,True,5.506452436278229,1.4311023844032515,5.5,102.0,1.75
sub-246,pipipi,fast,91,True,False,,,5.0,102.0,1.75
sub-246,takupi,fast,92,True,False,,,7.25,102.0,1.75
sub-246,pitaku,fast,93,True,True,2.83760432017062,0.7439099081153242,7.25,102.0,1.75
sub-246,tatata,fast,94,True,True,5.29646060608118,1.341540477759338,5.25,102.0,1.75
sub-246,kukuku,fast,95,True,True,1.2677126805630403,1.6583408822881367,5.5,102.0,1.75
sub-246,pitaku,fast,96,True,True,2.0798081581283827,0.9254274218966572,7.5,102.0,1.75
sub-246,takupi,fast,97,True,False,,,8.0,102.0,1.75
sub-246,pipipi,fast,98,True,True,2.6095296514303925,0.4853373956821105,5.25,102.0,1.75
sub-246,kutapi,fast,99,True,True,2.3255157265770383,2.616758120078948,6.75,102.0,1.75
sub-246,pitaku,fast,100,True,False,,,7.25,102.0,1.75
sub-246,kukuku,fast,101,True,True,1.7408980103975635,0.7045031158586381,5.0,102.0,1.75
sub-246,takupi,fast,102,True,True,2.371849661224764,1.7624981281600078,7.25,102.0,1.75
sub-246,pitaku,fast,103,True,True,2.3276811386693685,0.8990387304631451,7.5,102.0,1.75
sub-246,tatata,fast,104,True,True,5.251952821283408,1.9145343505763923,5.25,102.0,1.75
sub-246,kutapi,fast,105,True,True,2.345149665038369,1.8195650875054377,7.25,102.0,1.75
sub-246,pitaku,fast,106,True,False,,,7.5,102.0,1.75
sub-246,kukuku,fast,107,True,False,,,5.25,102.0,1.75
sub-246,takupi,fast,108,True,True,2.434205981432231,1.36128495019266,7.25,102.0,1.75
sub-246,pitaku,fast,109,True,False,,,7.75,102.0,1.75
sub-246,kukuku,fast,110,True,False,,,4.75,102.0,1.75
sub-246,pipipi,fast,111,True,True,4.528857867628445,0.468706206643894,5.5,102.0,1.75
sub-246,takupi,fast,112,True,True,2.4702861096155155,1.4715882262447355,7.0,102.0,1.75
sub-246,kukuku,fast,113,True,False,,,4.75,102.0,1.75
sub-246,pitaku,fast,114,True,False,,,7.75,102.0,1.75
sub-246,takupi,fast,115,True,False,,,7.75,102.0,1.75
sub-246,pipipi,fast,116,True,False,,,5.0,102.0,1.75
sub-246,kutapi,fast,117,True,True,2.403778406664328,2.138531050262367,7.25,102.0,1.75
sub-246,pitaku,fast,118,True,False,,,8.0,102.0,1.75
sub-246,tatata,fast,119,True,True,5.630471943538066,1.3712179638211222,6.0,102.0,1.75
sub-246,kutapi,fast,120,True,True,2.408409964287959,2.2677356321522355,7.25,102.0,1.75
sub-401,bibibi,normal,1,True,True,2.880100984316652,1.8866482701152505,2.0,133.39,1.81
sub-401,kutapi,normal,2,True,True,4.587023219058449,0.6918398914947606,2.75,133.39,1.81
sub-401,pipipi,normal,3,True,True,5.38777511721305,2.2663392614175297,2.0,133.39,1.81
sub-401,tatata,normal,4,True,True,3.0412745187188004,1.849867557891976,2.5,133.39,1.81
sub-401,kutapi,normal,5,True,True,5.2519488537538965,0.535406996581381,2.0,133.39,1.81
sub-401,pipipi,normal,6,True,False,,,2.0,133.39,1.81
sub-401,kukuku,normal,7,True,False,,,3.75,133.39,1.81
sub-401,takupi,normal,8,True,True,5.296456894887404,0.6597896089422441,5.0,133.39,1.81
sub-401,bibibi,normal,9,True,True,3.2215562556531627,0.7227988024774508,2.25,133.39,1.81
sub-401,pipipi,normal,10,True,False,,,4.75,133.39,1.81
sub-401,takupi,normal,11,True,True,3.373721530886443,0.8809071821953349,2.0,133.39,1.81
sub-401,bibibi,normal,12,True,True,4.180481027402767,1.799330148214235,4.75,133.39,1.81
sub-401,dadada,normal,13,True,False,,,2.0,133.39,1.81
sub-401,pitaku,normal,14,True,True,4.251577643515058,1.1040405640755706,4.25,133.39,1.81
sub-401,bibibi,normal,15,True,True,4.237165515909922,1.8080957845934569,2.0,133.39,1.81
sub-401,dadada,normal,16,True,True,2.470284243465271,2.1735516080494204,4.75,133.39,1.81
sub-401,pitaku,normal,17,True,False,,,2.0,133.39,1.81
sub-401,bibibi,normal,18,True,False,,,2.0,133.39,1.81
sub-401,takupi,normal,19,True,True,3.530971263258269,0.6485633711174419,3.5,133.39,1.81
sub-401,pipipi,normal,20,True,False,,,2.258064516129032,133.39,1.81
sub-401,bibibi,normal,21,True,False,,,4.0,133.39,1.81
sub-401,pitaku,normal,22,True,False,,,2.5,133.39,1.81
sub-401,tatata,normal,23,True,False,,,2.7613412228796843,133.39,1.81
sub-401,gugugu,normal,24,True,False,,,3.0,133.39,1.81
sub-401,takupi,normal,25,True,False,,,2.0,133.39,1.81
sub-401,kukuku,normal,26,True,False,,,2.7613412228796843,133.39,1.81
sub-401,gugugu,normal,27,True,False,,,2.75,133.39,1.81
sub-401,takupi,normal,28,True,True,3.004720985128364,2.190055620518099,2.0,133.39,1.81
sub-401,dadada,normal,29,True,False,,,2.25,133.39,1.81
sub-401,tatata,normal,30,True,True,2.5354237927249477,1.7731828613388068,3.75,133.39,1.81
sub-401,kutapi,normal,31,True,True,3.2466595579568813,0.8581483760600577,3.0,133.39,1.81
sub-401,pipipi,normal,32,True,True,3.2466595579568804,1.258033014226131,2.25,133.39,1.81
sub-401,bibibi,normal,33,True,False,,,4.0,133.39,1.81
sub-401,pitaku,normal,34,True,True,3.9871257729295033,1.539462167468966,2.0,133.39,1.81
sub-401,tatata,normal,35,True,True,3.063637082875979,0.9653416734962031,2.0,133.39,1.81
sub-401,bibibi,normal,36,True,False,,,4.0,133.39,1.81
sub-401,pitaku,normal,37,True,False,,,2.0,133.39,1.81
sub-401,dadada,normal,38,True,False,,,2.0,133.39,1.81
sub-401,pipipi,normal,39,True,False,,,3.5,133.39,1.81
sub-401,takupi,normal,40,True,False,,,4.4520547945205475,133.39,1.81
sub-401,bibibi,normal,41,True,True,2.6823261930136058,2.1081008969119637,2.0,133.39,1.81
sub-401,tatata,normal,42,True,True,2.870181414338324,2.0414605321986707,4.75,133.39,1.81
sub-401,kutapi,normal,43,True,False,,,2.0,133.39,1.81
sub-401,dadada,normal,44,True,False,,,2.0,133.39,1.81
sub-401,pipipi,normal,45,True,True,2.983207651418473,1.8391980525350815,5.25,133.39,1.81
sub-401,kutapi,normal,46,True,False,,,8.284023668639053,133.39,1.81
sub-401,gugugu,normal,47,True,False,,,2.75,133.39,1.81
sub-401,kukuku,normal,48,True,False,,,2.0,133.39,1.81
sub-401,takupi,normal,49,True,False,,,4.733727810650887,133.39,1.81
sub-401,gugugu,normal,50,True,True,0.8915577788476035,0.6374892435631168,2.5,133.39,1.81
sub-401,kukuku,normal,51,True,True,2.394567061196054,0.8907372182441016,4.0,133.39,1.81
sub-401,takupi,normal,52,True,False,,,3.550295857988165,133.39,1.81
sub-401,gugugu,normal,53,True,False,,,2.75,133.39,1.81
sub-401,kukuku,normal,54,True,False,,,2.75,133.39,1.81
sub-401,takupi,normal,55,True,True,2.6651684561713007,2.443235720760523,2.0,133.39,1.81
sub-401,dadada,normal,56,True,True,1.2218611983815642,0.6069678830907428,2.0,133.39,1.81
sub-401,kukuku,normal,57,True,True,2.705549796416321,1.5527776944805731,5.75,133.39,1.81
sub-401,takupi,normal,58,True,False,,,2.5594149908592323,133.39,1.81
sub-401,gugugu,normal,59,True,False,,,2.75,133.39,1.81
sub-401,bibibi,normal,60,True,False,,,6.279434850863423,133.39,1.81
sub-401,takupi,normal,61,True,False,,,2.0,133.39,1.81
sub-401,pipipi,normal,62,True,False,,,3.1558185404339247,133.39,1.81
sub-401,gugugu,normal,63,True,False,,,2.5,133.39,1.81
sub-401,kutapi,normal,64,True,False,,,2.5,133.39,1.81
sub-401,pipipi,normal,65,True,False,,,2.0,133.39,1.81
sub-401,bibibi,normal,66,True,False,,,4.75,133.39,1.81
sub-401,pitaku,normal,67,True,False,,,2.5594149908592323,133.39,1.81
sub-401,gugugu,normal,68,True,False,,,3.25,133.39,1.81
sub-401,tatata,normal,69,True,True,0.7744510936653414,1.5142547206886912,5.25,133.39,1.81
sub-401,kutapi,normal,70,True,False,,,2.0,133.39,1.81
sub-401,pipipi,normal,71,True,True,2.8279729981354325,2.001087332594773,2.5,133.39,1.81
sub-401,tatata,normal,72,True,True,2.9273163118872625,2.2340595483686165,3.5,133.39,1.81
sub-401,kutapi,normal,73,True,True,2.6823263201198735,1.3919894682166485,2.5,133.39,1.81
sub-401,dadada,normal,74,True,False,,,8.409506398537477,133.39,1.81
sub-401,gugugu,normal,75,True,False,,,2.75,133.39,1.81
sub-401,takupi,normal,76,True,True,2.436577125099144,2.4619488196792556,2.0,133.39,1.81
sub-401,dadada,normal,77,True,True,2.8934353360552336,0.7667845092214245,2.5,133.39,1.81
sub-401,pipipi,normal,78,True,True,3.86985778692217,2.109963020852131,4.75,133.39,1.81
sub-401,kutapi,normal,79,True,True,1.9289568907034893,2.7268828876037787,2.0,133.39,1.81
sub-401,dadada,normal,80,True,False,,,2.0,133.39,1.81
sub-401,pipipi,normal,81,True,True,2.8343854740369956,2.0694708482179287,5.25,133.39,1.81
sub-401,kutapi,normal,82,True,False,,,2.0,133.39,1.81
sub-401,dadada,normal,83,True,True,2.460559043406132,1.549752689005718,2.0,133.39,1.81
sub-401,tatata,normal,84,True,False,,,3.0,133.39,1.81
sub-401,pitaku,normal,85,True,True,2.4342044674787053,2.1715352068117726,2.0,133.39,1.81
sub-401,dadada,normal,86,True,False,,,2.25,133.39,1.81
sub-401,kukuku,normal,87,True,False,,,3.25,133.39,1.81
sub-401,takupi,normal,88,True,False,,,4.753199268738574,133.39,1.81
sub-401,gugugu,normal,89,True,False,,,2.75,133.39,1.81
sub-401,dadada,normal,90,True,True,3.1485239144844206,0.5860626633684518,5.25,133.39,1.81
sub-401,takupi,normal,91,True,False,,,2.0,133.39,1.81
sub-401,bibibi,normal,92,True,True,2.3233531487924073,1.884468515791114,2.0,133.39,1.81
sub-401,dadada,normal,93,True,True,2.665168430810906,1.4714852322197114,5.0,133.39,1.81
sub-401,pitaku,normal,94,True,True,2.9341877794608338,1.372395792599617,2.0,133.39,1.81
sub-401,tatata,normal,95,True,False,,,4.753199268738574,133.39,1.81
sub-401,gugugu,normal,96,True,False,,,2.75,133.39,1.81
sub-401,kutapi,normal,97,True,True,2.7532246564984915,1.6818291476055984,2.0,133.39,1.81
sub-401,dadada,normal,98,True,False,,,2.1937842778793417,133.39,1.81
sub-401,gugugu,normal,99,True,False,,,3.0,133.39,1.81
sub-401,kutapi,normal,100,False,False,,,4.62046204620462,133.39,1.81
sub-401,tatata,normal,101,True,True,2.9273156850514774,1.0380687625094698,2.0,133.39,1.81
sub-401,bibibi,normal,102,True,True,3.0192362258864267,2.0331769052269753,5.0,133.39,1.81
sub-401,kutapi,normal,103,True,True,2.8801009159377435,1.674390042472771,2.0,133.39,1.81
sub-401,tatata,normal,104,True,True,2.850544578145908,2.5117032321658543,2.0,133.39,1.81
sub-401,dadada,normal,105,True,True,3.382851955391017,0.9498831994014356,4.0,133.39,1.81
sub-401,pitaku,normal,106,True,True,2.9341873181149776,0.7746100265506399,3.0,133.39,1.81
sub-401,bibibi,normal,107,True,False,,,2.0,133.39,1.81
sub-401,kukuku,normal,108,True,False,,,5.5,133.39,1.81
sub-401,pitaku,normal,109,True,True,2.566660775188872,2.201393410412324,2.5,133.39,1.81
sub-401,dadada,normal,110,True,True,2.4605586565294897,0.6793640870702085,2.25,133.39,1.81
sub-401,pipipi,normal,111,True,True,3.015594203901039,1.9190463023139568,3.75,133.39,1.81
sub-401,kutapi,normal,112,True,True,2.8801009159377435,1.7334534479723,2.25,133.39,1.81
sub-401,tatata,normal,113,True,False,,,2.0,133.39,1.81
sub-401,kukuku,normal,114,True,False,,,3.5,133.39,1.81
sub-401,pitaku,normal,115,True,False,,,2.5,133.39,1.81
sub-401,dadada,normal,116,True,False,,,4.5,133.39,1.81
sub-401,kukuku,normal,117,True,False,,,3.75,133.39,1.81
sub-401,pitaku,normal,118,True,False,,,2.5594149908592323,133.39,1.81
sub-401,gugugu,normal,119,True,False,,,3.0,133.39,1.81
sub-401,pipipi,normal,120,False,False,,,2.884615384615384,133.39,1.81
sub-401,kutapi,normal,121,True,False,,,2.9250457038391224,133.39,1.81
sub-401,gugugu,normal,122,True,False,,,2.5,133.39,1.81
sub-401,bibibi,normal,123,True,True,1.7985093158173482,2.288024363582858,4.75,133.39,1.81
sub-401,kutapi,normal,124,True,False,,,2.366863905325443,133.39,1.81
sub-401,gugugu,normal,125,True,False,,,2.5,133.39,1.81
sub-401,kukuku,normal,126,True,True,1.6599787177862646,1.5704903241671833,2.75,133.39,1.81
sub-401,pitaku,normal,127,True,True,2.579905004113637,1.6605550795399804,2.0,133.39,1.81
sub-401,tatata,normal,128,True,False,,,3.550295857988165,133.39,1.81
sub-401,gugugu,normal,129,True,False,,,2.75,133.39,1.81
sub-401,takupi,normal,130,True,False,,,2.75,133.39,1.81
sub-401,kukuku,normal,131,True,False,,,6.946983546617916,133.39,1.81
sub-401,gugugu,normal,132,True,True,0.6789592474161092,1.51263879570174,2.75,133.39,1.81
sub-401,takupi,normal,133,True,False,,,2.0,133.39,1.81
sub-401,bibibi,normal,134,True,False,,,3.290676416819013,133.39,1.81
sub-401,gugugu,normal,135,True,False,,,2.5,133.39,1.81
sub-401,pitaku,normal,136,True,False,,,2.25,133.39,1.81
sub-401,tatata,normal,137,True,False,,,2.366863905325443,133.39,1.81
sub-401,gugugu,normal,138,True,False,,,2.75,133.39,1.81
sub-401,pitaku,normal,139,True,True,2.676582386494769,0.5416443454588755,2.5,133.39,1.81
sub-401,kukuku,normal,140,True,False,,,6.4655172413793105,133.39,1.81
sub-401,bibibi,normal,141,True,True,2.525179729996082,1.3321995756947071,2.0,133.39,1.81
sub-401,pitaku,normal,142,True,False,,,2.0,133.39,1.81
sub-401,tatata,normal,143,True,True,2.196773227325238,0.8003582355970895,2.25,133.39,1.81
sub-401,pipipi,normal,144,True,True,3.2132749777585103,2.727216233224036,4.0,133.39,1.81
sub-401,kutapi,normal,145,True,False,,,3.0,133.39,1.81
sub-401,tatata,normal,146,True,True,2.3584225780152086,0.860740807618197,2.5,133.39,1.81
sub-401,pipipi,normal,147,True,True,3.0412748572945514,1.3749542699095798,2.0,133.39,1.81
sub-401,kutapi,normal,148,True,False,,,2.0,133.39,1.81
sub-401,tatata,normal,149,True,True,2.525179729996082,1.2955108133283328,2.5,133.39,1.81
sub-401,bibibi,normal,150,True,False,,,4.0,133.39,1.81
sub-401,pitaku,normal,151,True,False,,,2.0,133.39,1.81
sub-401,kukuku,normal,152,True,True,2.6765823690536625,1.087918399970409,2.0,133.39,1.81
sub-401,bibibi,normal,153,True,False,,,4.5,133.39,1.81
sub-401,pitaku,normal,154,True,False,,,2.25,133.39,1.81
sub-401,kukuku,normal,155,True,False,,,2.25,133.39,1.81
sub-401,tatata,normal,156,True,True,2.6259747192186143,1.4088900610791892,5.0,133.39,1.81
sub-401,pitaku,normal,157,True,True,1.342603615841096,1.1536600016955116,2.25,133.39,1.81
sub-401,kukuku,normal,158,True,False,,,2.0,133.39,1.81
sub-401,pipipi,normal,159,True,True,2.1221799089101197,1.3015933711017134,4.75,133.39,1.81
sub-401,kutapi,normal,160,False,False,,,7.4074074074074066,133.39,1.81
sub-401,tatata,normal,161,True,False,,,2.25,133.39,1.81
sub-401,kukuku,normal,162,True,False,,,4.75,133.39,1.81
sub-401,takupi,normal,163,True,False,,,4.25,133.39,1.81
sub-401,bibibi,normal,164,True,True,2.7532243785544472,2.323952265804545,2.25,133.39,1.81
sub-401,tatata,normal,165,True,True,2.5666609196380272,1.1676995591054888,3.5,133.39,1.81
sub-401,pitaku,normal,166,True,False,,,2.7613412228796843,133.39,1.81
sub-401,gugugu,normal,167,True,False,,,2.75,133.39,1.81
sub-401,dadada,normal,168,True,True,4.54532315586807,1.3949218561467394,4.5,133.39,1.81
sub-401,takupi,normal,169,True,True,0.9527163627010056,1.0977036475998183,2.0,133.39,1.81
sub-401,kukuku,normal,170,True,False,,,2.0,133.39,1.81
sub-401,dadada,normal,171,True,True,2.1681940465979515,2.040012108217608,4.5,133.39,1.81
sub-401,kutapi,normal,172,True,True,2.729178750794147,1.222485631425526,2.25,133.39,1.81
sub-401,pipipi,normal,173,True,False,,,2.0,133.39,1.81
sub-401,dadada,normal,174,True,True,4.222850904944997,0.9119056313346317,3.25,133.39,1.81
sub-401,takupi,normal,175,True,True,2.515017842784143,0.966332671762629,2.5,133.39,1.81
sub-401,pipipi,normal,176,True,False,,,2.0,133.39,1.81
sub-401,kukuku,normal,177,True,False,,,4.0,133.39,1.81
sub-401,takupi,normal,178,True,False,,,2.0,133.39,1.81
sub-401,pipipi,normal,179,True,False,,,2.25,133.39,1.81
sub-401,kukuku,normal,180,False,False,,,2.272727272727273,133.39,1.81
sub-401,tatata,fast,1,True,False,,,3.5,133.39,1.81
sub-401,kukuku,fast,2,True,False,,,3.25,133.39,1.81
sub-401,pitaku,fast,3,True,True,3.272157042057187,0.5664189385215668,5.75,133.39,1.81
sub-401,tatata,fast,4,True,True,3.612612688051577,1.8282828464731369,3.0,133.39,1.81
sub-401,pipipi,fast,5,True,True,3.83424536830014,0.9892692633645764,3.5,133.39,1.81
sub-401,kutapi,fast,6,True,True,3.6442098835738927,0.9751663592936382,5.75,133.39,1.81
sub-401,pitaku,fast,7,True,True,4.145817545823699,1.1522543118988002,6.25,133.39,1.81
sub-401,kukuku,fast,8,True,True,4.553602878199802,0.9314774826325436,2.25,133.39,1.81
sub-401,tatata,fast,9,True,True,4.180481572126573,2.324345804306228,4.0,133.39,1.81
sub-401,kutapi,fast,10,True,True,3.612612688051577,1.2987245132857783,6.0,133.39,1.81
sub-401,takupi,fast,11,True,False,,,6.5,133.39,1.81
sub-401,kukuku,fast,12,True,False,,,4.0,133.39,1.81
sub-401,pipipi,fast,13,True,True,4.770854923915441,0.9040360709931612,4.75,133.39,1.81
sub-401,takupi,fast,14,True,False,,,4.25,133.39,1.81
sub-401,kutapi,fast,15,True,True,3.623084029176364,1.4391660716979544,6.0,133.39,1.81
sub-401,tatata,fast,16,True,True,4.734712083582748,1.5009360057523151,4.75,133.39,1.81
sub-401,pitaku,fast,17,True,True,4.138953609489554,0.8955946080658599,6.25,133.39,1.81
sub-401,kutapi,fast,18,True,True,2.0798069718233703,1.4436394172452198,6.25,133.39,1.81
sub-401,pipipi,fast,19,True,True,3.9431040696083457,1.197964380007182,4.0,133.39,1.81
sub-401,tatata,fast,20,True,True,3.893968816404503,2.3937754051373954,4.0,133.39,1.81
sub-401,pitaku,fast,21,True,True,3.993495226659233,0.5753924348395341,6.5,133.39,1.81
sub-401,kukuku,fast,22,True,False,,,4.25,133.39,1.81
sub-401,takupi,fast,23,True,False,,,8.5,133.39,1.81
sub-401,pipipi,fast,24,True,True,4.098242642440459,0.8374562099533183,4.25,133.39,1.81
sub-401,tatata,fast,25,True,True,5.655945728254934,1.4093786163932176,6.0,133.39,1.81
sub-401,kutapi,fast,26,True,True,3.602201746237291,1.3591722975276337,6.5,133.39,1.81
sub-401,takupi,fast,27,True,True,3.342149748514278,1.0496961111582743,2.25,133.39,1.81
sub-401,pipipi,fast,28,True,True,4.332630869824403,0.6982918506491158,4.5,133.39,1.81
sub-401,kutapi,fast,29,True,True,2.15140104293346,1.6004472910171366,6.5,133.39,1.81
sub-401,takupi,fast,30,True,True,3.3332373491849063,1.1457065740225083,6.75,133.39,1.81
sub-401,kukuku,fast,31,True,False,,,4.5,133.39,1.81
sub-401,pitaku,fast,32,True,True,2.222158232789938,1.0466785658053004,4.25,133.39,1.81
sub-401,kutapi,fast,33,True,True,2.248136701338741,1.7167237777142024,6.5,133.39,1.81
sub-401,pipipi,fast,34,True,True,3.7536456634965174,1.194750332005607,4.0,133.39,1.81
sub-401,takupi,fast,35,True,True,3.566231115390414,0.8164026827864541,6.75,133.39,1.81
sub-401,kutapi,fast,36,True,True,2.2360715669845086,2.1398069124953203,6.5,133.39,1.81
sub-401,tatata,fast,37,True,True,4.084849692628563,1.9642635697680184,4.5,133.39,1.81
sub-401,pitaku,fast,38,True,True,2.0763521693427576,1.6334400144316232,6.0,133.39,1.81
sub-401,takupi,fast,39,True,True,3.5160731531486356,0.5604233624453316,7.25,133.39,1.81
sub-401,kukuku,fast,40,True,False,,,3.75,133.39,1.81
sub-401,pitaku,fast,41,True,True,2.543161428249546,1.0999619766721418,6.0,133.39,1.81
sub-401,kutapi,fast,42,True,True,3.2807449920857006,2.082383415425978,6.5,133.39,1.81
sub-401,pipipi,fast,43,True,True,3.9681391809036577,0.9594686955573452,4.0,133.39,1.81
sub-401,takupi,fast,44,True,False,,,6.5,133.39,1.81
sub-401,pitaku,fast,45,True,True,3.561150546964821,2.159400159405031,6.25,133.39,1.81
sub-401,tatata,fast,46,True,True,3.881875285666621,3.16677946531388,3.75,133.39,1.81
sub-401,kutapi,fast,47,True,True,2.76540673005454,1.8301196355360616,6.25,133.39,1.81
sub-401,takupi,fast,48,True,True,5.274109037909923,1.0634402210068463,6.5,133.39,1.81
sub-401,pipipi,fast,49,True,True,3.4058960272061363,1.1180721118840309,3.25,133.39,1.81
sub-401,kutapi,fast,50,True,True,2.287216545260114,2.1276423010946206,6.75,133.39,1.81
sub-401,takupi,fast,51,True,True,2.3147478555271332,1.2904788062979495,6.75,133.39,1.81
sub-401,pipipi,fast,52,True,True,3.4866494894969375,0.7559399097081325,3.25,133.39,1.81
sub-401,kutapi,fast,53,True,False,,,6.5,133.39,1.81
sub-401,pitaku,fast,54,True,True,4.0781854550885885,1.18767280113941,6.5,133.39,1.81
sub-401,tatata,fast,55,True,True,4.098242104867712,1.4500153911003384,4.0,133.39,1.81
sub-401,kukuku,fast,56,True,False,,,3.75,133.39,1.81
sub-401,pitaku,fast,57,True,True,4.448269900301253,1.9239380454495452,6.5,133.39,1.81
sub-401,takupi,fast,58,True,True,2.222157941306048,1.2153782022469857,6.75,133.39,1.81
sub-401,pipipi,fast,59,True,True,3.776325806600157,1.078490224019653,3.5,133.39,1.81
sub-401,tatata,fast,60,True,True,3.7312353492079167,2.4519551045898904,3.75,133.39,1.81
sub-471,bibibi,normal,1,True,False,,,2.0,132.27,1.87
sub-471,kutapi,normal,2,True,False,,,4.25,132.27,1.87
sub-471,pipipi,normal,3,True,False,,,2.5,132.27,1.87
sub-471,tatata,normal,4,True,True,2.2280996014032324,0.8624794344604538,2.0,132.27,1.87
sub-471,kutapi,normal,5,True,False,,,2.75,132.27,1.87
sub-471,pipipi,normal,6,True,False,,,3.5,132.27,1.87
sub-471,kukuku,normal,7,True,True,1.0080353841832366,1.211758928368937,2.0,132.27,1.87
sub-471,takupi,normal,8,True,True,2.5692988209398013,0.5251002538814902,3.0,132.27,1.87
sub-471,bibibi,normal,9,True,False,,,2.0,132.27,1.87
sub-471,pipipi,normal,10,True,False,,,2.0,132.27,1.87
sub-471,takupi,normal,11,True,False,,,2.0,132.27,1.87
sub-471,bibibi,normal,12,True,False,,,2.75,132.27,1.87
sub-471,dadada,normal,13,True,False,,,4.75,132.27,1.87
sub-471,pitaku,normal,14,True,False,,,2.0,132.27,1.87
sub-471,bibibi,normal,15,True,False,,,2.25,132.27,1.87
sub-471,dadada,normal,16,True,True,1.5812319751893904,1.5245820192486406,4.75,132.27,1.87
sub-471,pitaku,normal,17,True,False,,,2.25,132.27,1.87
sub-471,bibibi,normal,18,True,False,,,2.0,132.27,1.87
sub-471,takupi,normal,19,True,False,,,2.75,132.27,1.87
sub-471,pipipi,normal,20,False,False,,,2.816901408450704,132.27,1.87
sub-471,bibibi,normal,21,True,False,,,5.0,132.27,1.87
sub-471,pitaku,normal,41,True,False,,,2.25,132.27,1.87
sub-471,tatata,normal,42,True,False,,,4.621848739495799,132.27,1.87
sub-471,gugugu,normal,43,True,True,1.2886226517208468,0.8320338434982659,2.5,132.27,1.87
sub-471,takupi,normal,44,True,True,1.7457597376665102,1.238169064548046,2.5,132.27,1.87
sub-471,kukuku,normal,45,True,False,,,4.621848739495799,132.27,1.87
sub-471,gugugu,normal,46,True,True,2.0660561523458205,0.9858038787850488,2.25,132.27,1.87
sub-471,takupi,normal,47,True,False,,,2.25,132.27,1.87
sub-471,dadada,normal,48,True,False,,,4.75,132.27,1.87
sub-471,tatata,normal,49,True,True,2.6315030993036244,0.7415530485678232,2.5,132.27,1.87
sub-471,kutapi,normal,50,True,True,2.4629831963925546,0.674815275704276,2.5,132.27,1.87
sub-471,pipipi,normal,51,True,True,1.2278624481033606,1.240550157296326,4.5,132.27,1.87
sub-471,bibibi,normal,52,True,False,,,2.25,132.27,1.87
sub-471,pitaku,normal,53,True,False,,,2.25,132.27,1.87
sub-471,tatata,normal,54,True,False,,,5.0,132.27,1.87
sub-471,bibibi,normal,55,True,True,1.5355822753921635,1.0241874052307764,2.25,132.27,1.87
sub-471,pitaku,normal,56,True,False,,,2.5,132.27,1.87
sub-471,dadada,normal,57,True,True,2.786987674847762,1.4661190502126686,4.75,132.27,1.87
sub-471,pipipi,normal,58,True,False,,,2.25,132.27,1.87
sub-471,takupi,normal,59,True,False,,,2.5,132.27,1.87
sub-471,bibibi,normal,61,True,False,,,2.0,132.27,1.87
sub-471,tatata,normal,62,True,False,,,2.5,132.27,1.87
sub-471,kutapi,normal,63,True,False,,,5.0,132.27,1.87
sub-471,dadada,normal,64,True,False,,,2.0,132.27,1.87
sub-471,pipipi,normal,65,True,False,,,2.0,132.27,1.87
sub-471,kutapi,normal,66,True,False,,,9.765625,132.27,1.87
sub-471,gugugu,normal,67,True,False,,,4.75,132.27,1.87
sub-471,kukuku,normal,68,True,True,0.8266959319750459,2.1718050896095065,2.5,132.27,1.87
sub-471,takupi,normal,69,True,False,,,2.34375,132.27,1.87
sub-471,gugugu,normal,70,True,True,1.0334553527459858,1.2672181649841576,4.75,132.27,1.87
sub-471,kukuku,normal,71,True,False,,,2.25,132.27,1.87
sub-471,takupi,normal,72,True,False,,,2.734375,132.27,1.87
sub-471,gugugu,normal,73,True,True,0.7026218376314051,1.5457896330767085,5.0,132.27,1.87
sub-471,kukuku,normal,74,True,False,,,2.5,132.27,1.87
sub-471,takupi,normal,75,True,True,1.602518268136243,0.8077051143584697,4.75,132.27,1.87
sub-471,dadada,normal,76,True,False,,,2.25,132.27,1.87
sub-471,kukuku,normal,77,True,False,,,2.5,132.27,1.87
sub-471,takupi,normal,78,True,False,,,5.0724637681159415,132.27,1.87
sub-471,gugugu,normal,79,True,True,0.9803641169774664,1.592803147927242,2.25,132.27,1.87
sub-471,bibibi,normal,80,True,False,,,2.070393374741201,132.27,1.87
sub-471,takupi,normal,81,True,False,,,2.25,132.27,1.87
sub-471,pipipi,normal,82,True,False,,,4.571428571428571,132.27,1.87
sub-471,gugugu,normal,83,True,True,1.2524688953011105,1.3109748148160063,2.25,132.27,1.87
sub-471,kutapi,normal,84,True,True,1.2754734260311305,1.5562918748279344,2.25,132.27,1.87
sub-471,pipipi,normal,85,True,True,1.6233298149487116,1.5023013826922806,2.0,132.27,1.87
sub-471,bibibi,normal,86,True,True,1.7076010348504207,1.3128007359750455,2.25,132.27,1.87
sub-471,pitaku,normal,87,True,False,,,2.1201413427561837,132.27,1.87
sub-471,gugugu,normal,88,True,True,1.2833305518588378,0.7372476116054258,2.25,132.27,1.87
sub-471,tatata,normal,89,True,True,1.7146281996028916,1.2457806531191975,2.25,132.27,1.87
sub-471,kutapi,normal,90,True,True,1.5450728770216415,1.6886964820742492,5.0,132.27,1.87
sub-471,pipipi,normal,91,True,False,,,2.25,132.27,1.87
sub-471,tatata,normal,92,True,True,2.3019594060967,1.2602535936438528,2.25,132.27,1.87
sub-471,kutapi,normal,93,True,True,1.6577771319768009,1.2583801441201103,4.75,132.27,1.87
sub-471,dadada,normal,94,True,False,,,8.8339222614841,132.27,1.87
sub-471,gugugu,normal,95,True,True,0.935251745237941,0.9936567664302488,2.25,132.27,1.87
sub-471,takupi,normal,96,True,True,1.3981699748439689,0.9561073166257472,2.0,132.27,1.87
sub-471,dadada,normal,97,True,True,2.2851260649186615,0.6712425864426734,2.0,132.27,1.87
sub-471,pipipi,normal,98,True,False,,,2.25,132.27,1.87
sub-471,kutapi,normal,99,True,False,,,2.0,132.27,1.87
sub-471,dadada,normal,100,True,False,,,4.5,132.27,1.87
sub-471,pipipi,normal,101,True,False,,,2.0,132.27,1.87
sub-471,kutapi,normal,102,True,False,,,2.0,132.27,1.87
sub-471,dadada,normal,103,True,False,,,4.0,132.27,1.87
sub-471,tatata,normal,104,True,False,,,2.0,132.27,1.87
sub-471,pitaku,normal,105,True,False,,,2.25,132.27,1.87
sub-471,dadada,normal,106,True,False,,,4.5,132.27,1.87
sub-471,kukuku,normal,107,True,False,,,2.25,132.27,1.87
sub-471,takupi,normal,108,True,False,,,2.2388059701492535,132.27,1.87
sub-471,gugugu,normal,109,True,False,,,4.5,132.27,1.87
sub-471,dadada,normal,110,True,False,,,2.25,132.27,1.87
sub-471,takupi,normal,111,True,False,,,2.0,132.27,1.87
sub-471,bibibi,normal,112,True,True,1.9054329177596263,0.880049389397783,4.25,132.27,1.87
sub-471,dadada,normal,113,True,False,,,2.0,132.27,1.87
sub-471,pitaku,normal,114,True,False,,,2.0,132.27,1.87
sub-471,tatata,normal,115,True,False,,,4.477611940298507,132.27,1.87
sub-471,gugugu,normal,116,True,False,,,2.0,132.27,1.87
sub-471,kutapi,normal,117,True,False,,,2.0,132.27,1.87
sub-471,dadada,normal,118,True,False,,,4.477611940298507,132.27,1.87
sub-471,gugugu,normal,119,True,False,,,2.0,132.27,1.87
sub-471,kutapi,normal,120,True,False,,,2.0,132.27,1.87
sub-471,tatata,normal,121,True,False,,,2.0,132.27,1.87
sub-471,bibibi,normal,122,True,False,,,2.25,132.27,1.87
sub-471,kutapi,normal,123,True,False,,,4.5,132.27,1.87
sub-471,tatata,normal,124,True,False,,,2.0,132.27,1.87
sub-471,dadada,normal,125,True,False,,,2.0,132.27,1.87
sub-471,pitaku,normal,126,True,True,1.098869420965328,0.7230384593966903,4.25,132.27,1.87
sub-471,bibibi,normal,127,True,False,,,2.0,132.27,1.87
sub-471,kukuku,normal,128,True,False,,,2.0,132.27,1.87
sub-471,pitaku,normal,129,True,False,,,4.25,132.27,1.87
sub-471,dadada,normal,130,True,False,,,2.0,132.27,1.87
sub-471,pipipi,normal,131,True,True,1.7433249181981318,1.1115829798822006,2.0,132.27,1.87
sub-471,kutapi,normal,132,True,False,,,4.5,132.27,1.87
sub-471,tatata,normal,133,True,False,,,2.0,132.27,1.87
sub-471,kukuku,normal,134,True,False,,,2.0,132.27,1.87
sub-471,pitaku,normal,135,True,False,,,4.5,132.27,1.87
sub-471,dadada,normal,136,True,True,0.6613565959513547,1.3719193556467817,3.75,132.27,1.87
sub-471,kukuku,normal,137,True,False,,,2.0,132.27,1.87
sub-471,pitaku,normal,138,True,False,,,2.226345083487941,132.27,1.87
sub-471,gugugu,normal,139,True,True,1.4568344596131242,0.6409773821072235,4.5,132.27,1.87
sub-471,pipipi,normal,140,False,False,,,2.4539877300613497,132.27,1.87
sub-471,kutapi,normal,141,True,False,,,2.1937842778793417,132.27,1.87
sub-471,gugugu,normal,142,True,True,1.479247562311422,1.0417360013633612,4.25,132.27,1.87
sub-471,bibibi,normal,143,True,False,,,2.0,132.27,1.87
sub-471,kutapi,normal,144,True,False,,,3.1558185404339247,132.27,1.87
sub-471,gugugu,normal,145,True,False,,,4.25,132.27,1.87
sub-471,kukuku,normal,146,True,False,,,2.0,132.27,1.87
sub-471,pitaku,normal,147,True,False,,,2.0,132.27,1.87
sub-471,tatata,normal,148,True,False,,,2.366863905325443,132.27,1.87
sub-471,gugugu,normal,149,True,False,,,2.25,132.27,1.87
sub-471,takupi,normal,150,True,False,,,2.5,132.27,1.87
sub-471,kukuku,normal,151,True,False,,,3.290676416819013,132.27,1.87
sub-471,gugugu,normal,152,True,True,1.4951724762597507,0.9357032021557076,2.0,132.27,1.87
sub-471,takupi,normal,153,True,True,1.2600445465253545,1.5667123298987065,2.25,132.27,1.87
sub-471,bibibi,normal,154,True,False,,,2.1937842778793417,132.27,1.87
sub-471,gugugu,normal,155,True,False,,,2.0,132.27,1.87
sub-471,pitaku,normal,156,True,False,,,2.25,132.27,1.87
sub-471,tatata,normal,157,True,False,,,4.733727810650887,132.27,1.87
sub-471,gugugu,normal,158,True,False,,,2.0,132.27,1.87
sub-471,pitaku,normal,159,True,True,1.5059809519917489,1.2627060827001344,4.5,132.27,1.87
sub-471,kukuku,normal,160,False,False,,,3.3149171270718236,132.27,1.87
sub-471,bibibi,normal,161,True,False,,,2.0,132.27,1.87
sub-471,pitaku,normal,162,True,False,,,4.75,132.27,1.87
sub-471,tatata,normal,163,True,False,,,2.0,132.27,1.87
sub-471,pipipi,normal,164,True,True,2.1852519645691744,1.389592614961458,2.0,132.27,1.87
sub-471,kutapi,normal,165,True,False,,,4.5,132.27,1.87
sub-471,tatata,normal,166,True,True,1.5862488879867611,0.8614976225475459,2.0,132.27,1.87
sub-471,pipipi,normal,167,True,True,2.2809564301707437,1.1435136635615777,2.0,132.27,1.87
sub-471,kutapi,normal,168,True,True,1.4551386772218484,0.6099102287520282,4.25,132.27,1.87
sub-471,tatata,normal,169,True,False,,,2.0,132.27,1.87
sub-471,bibibi,normal,170,True,True,1.426085708766193,1.1548781032733757,2.0,132.27,1.87
sub-471,pitaku,normal,171,True,True,1.1170367504321428,1.102644680217793,4.25,132.27,1.87
sub-471,kukuku,normal,172,True,False,,,2.0,132.27,1.87
sub-471,bibibi,normal,173,True,True,1.4326236375169832,0.976191702927224,2.0,132.27,1.87
sub-471,pitaku,normal,174,True,False,,,4.25,132.27,1.87
sub-471,kukuku,normal,175,True,False,,,2.0,132.27,1.87
sub-471,tatata,normal,176,True,True,1.1638399662323722,0.961160916690858,2.0,132.27,1.87
sub-471,pitaku,normal,177,True,False,,,2.25,132.27,1.87
sub-471,kukuku,normal,178,True,False,,,2.0,132.27,1.87
sub-471,pipipi,normal,179,True,False,,,3.0,132.27,1.87
sub-471,kutapi,normal,180,False,False,,,8.144796380090497,132.27,1.87
sub-471,tatata,fast,1,True,True,2.140349801628962,1.042090654812938,4.75,132.27,1.87
sub-471,kukuku,fast,2,True,True,2.659498476917689,1.541382779967165,2.25,132.27,1.87
sub-471,pitaku,fast,3,True,True,2.093742519516438,1.2399865643102146,6.75,132.27,1.87
sub-471,tatata,fast,4,True,True,2.446114059004528,1.446948546224064,4.25,132.27,1.87
sub-471,pipipi,fast,5,True,False,,,3.75,132.27,1.87
sub-471,kutapi,fast,6,True,True,1.6857239165897688,1.0399041338701809,6.75,132.27,1.87
sub-471,pitaku,fast,7,True,True,1.9245023620497512,1.8095351801975852,6.25,132.27,1.87
sub-471,kukuku,fast,8,True,False,,,4.0,132.27,1.87
sub-471,tatata,fast,9,True,False,,,4.75,132.27,1.87
sub-471,kutapi,fast,10,True,False,,,2.0,132.27,1.87
sub-471,takupi,fast,11,True,True,1.6371503394254272,1.545775262598582,2.25,132.27,1.87
sub-471,kukuku,fast,12,True,True,1.7856632630733051,1.3612584478769918,4.5,132.27,1.87
sub-471,pipipi,fast,13,True,False,,,4.25,132.27,1.87
sub-471,takupi,fast,14,True,False,,,6.25,132.27,1.87
sub-471,kutapi,fast,15,True,True,3.9307052960733135,0.7080332428808731,6.5,132.27,1.87
sub-471,tatata,fast,16,True,True,3.4721230115314268,1.1831257787912932,4.25,132.27,1.87
sub-471,pitaku,fast,17,True,True,1.6479423653939536,1.6313120405757786,6.25,132.27,1.87
sub-471,kutapi,fast,18,True,True,1.7336536534692286,1.1281024550937957,6.25,132.27,1.87
sub-471,pipipi,fast,19,True,False,,,4.5,132.27,1.87
sub-471,tatata,fast,20,True,True,1.446717921471428,0.8837973812632782,5.25,132.27,1.87
sub-471,pitaku,fast,21,True,True,2.049121353622729,1.120614523362519,2.0,132.27,1.87
sub-471,kukuku,fast,22,True,True,2.4557250013946255,1.1695962625191785,5.25,132.27,1.87
sub-471,takupi,fast,23,True,True,2.6566716805735697,0.7264713475856155,7.25,132.27,1.87
sub-471,pipipi,fast,24,True,True,4.416834013109062,0.6441443673131175,5.0,132.27,1.87
sub-471,tatata,fast,25,True,True,2.708481095796023,0.8154939650025028,5.5,132.27,1.87
sub-471,kutapi,fast,26,True,True,3.415202256037881,0.986437824302982,9.0,132.27,1.87
sub-471,takupi,fast,27,True,True,2.158832514179386,0.4634087511434188,6.75,132.27,1.87
sub-471,pipipi,fast,28,True,False,,,4.25,132.27,1.87
sub-471,kutapi,fast,29,True,False,,,6.5,132.27,1.87
sub-471,takupi,fast,30,True,True,1.3157516060103838,1.1162151757495735,6.75,132.27,1.87
sub-471,kukuku,fast,31,True,False,,,4.0,132.27,1.87
sub-471,pitaku,fast,32,True,False,,,6.75,132.27,1.87
sub-471,kutapi,fast,33,True,True,2.232078617339044,1.0868355246744272,2.0,132.27,1.87
sub-471,pipipi,fast,34,True,True,2.3276797499252595,0.7193024552630902,4.75,132.27,1.87
sub-471,takupi,fast,35,True,False,,,2.25,132.27,1.87
sub-471,kutapi,fast,36,True,True,2.066056240842751,1.0269402394087308,2.0,132.27,1.87
sub-471,tatata,fast,37,True,True,1.6025179816793134,1.7790394841546515,4.5,132.27,1.87
sub-471,pitaku,fast,38,True,True,2.1871636495360707,1.1647940348687629,6.25,132.27,1.87
sub-471,takupi,fast,39,True,False,,,6.5,132.27,1.87
sub-471,kukuku,fast,40,True,True,3.955582359841343,1.374927654255913,4.25,132.27,1.87
sub-471,pitaku,fast,41,True,True,1.8463283142798708,1.2303374954277615,6.25,132.27,1.87
sub-471,kutapi,fast,42,True,True,2.1366910577221754,0.8178586273392909,2.0,132.27,1.87
sub-471,pipipi,fast,43,True,True,1.984070267884877,1.2571922060595,4.25,132.27,1.87
sub-471,takupi,fast,44,True,True,1.415588073349346,0.5883530380332616,2.0,132.27,1.87
sub-471,pitaku,fast,45,True,True,2.5277336072143024,1.0461011680014138,2.0,132.27,1.87
sub-471,tatata,fast,46,True,False,,,4.5,132.27,1.87
sub-471,kutapi,fast,47,True,True,2.2281003008332845,1.0973294005853518,6.5,132.27,1.87
sub-471,takupi,fast,48,True,True,2.079807435553199,1.0974536233372163,6.5,132.27,1.87
sub-471,pipipi,fast,49,True,False,,,4.0,132.27,1.87
sub-471,kutapi,fast,50,True,True,1.9777915645054944,1.2523550659790883,7.75,132.27,1.87
sub-471,takupi,fast,51,True,False,,,2.0,132.27,1.87
sub-471,pipipi,fast,52,True,False,,,4.5,132.27,1.87
sub-471,kutapi,fast,53,True,True,3.586698045243824,0.7993414655042272,2.0,132.27,1.87
sub-471,pitaku,fast,54,True,True,2.5772459149844797,0.9160622250316236,6.0,132.27,1.87
sub-471,tatata,fast,55,True,True,1.966898928036936,1.055115717541895,4.75,132.27,1.87
sub-471,kukuku,fast,56,True,True,2.1967737588180536,1.1349587637529055,5.0,132.27,1.87
sub-471,pitaku,fast,57,True,True,2.04744351968464,0.9757607794452384,6.0,132.27,1.87
sub-471,takupi,fast,58,True,False,,,2.0,132.27,1.87
sub-471,pipipi,fast,59,True,True,2.9238930263566605,1.0503230308754326,4.75,132.27,1.87
sub-471,tatata,fast,60,True,True,3.097804879225459,0.934221186878574,5.5,132.27,1.87
sub-471,pitaku,fast,61,True,True,1.9999427015381128,1.0406885258957033,5.75,132.27,1.87
sub-471,takupi,fast,62,True,True,2.0457679025553523,0.8920571610504453,2.25,132.27,1.87
sub-471,kukuku,fast,63,True,True,4.979937005821994,1.0673361772399377,4.75,132.27,1.87
sub-471,pitaku,fast,64,True,True,2.1366909204467013,1.168457234511493,6.5,132.27,1.87
sub-471,takupi,fast,65,True,True,2.224135566657153,1.4176990073985394,6.5,132.27,1.87
sub-471,pipipi,fast,66,True,True,2.0225957742092557,0.8406742492291812,4.75,132.27,1.87
sub-471,tatata,fast,67,True,True,2.5509473233904494,0.9476369110405328,5.5,132.27,1.87
sub-471,pitaku,fast,68,True,True,2.1514013570762827,1.3392763360586173,6.25,132.27,1.87
sub-471,kutapi,fast,69,True,True,2.2851264871322123,1.2040759872169815,2.0,132.27,1.87
sub-471,pipipi,fast,70,True,False,,,5.5,132.27,1.87
sub-471,kukuku,fast,71,True,False,,,5.0,132.27,1.87
sub-471,pitaku,fast,72,True,False,,,6.5,132.27,1.87
sub-471,takupi,fast,73,True,True,2.1948449314509575,0.7781257886488504,7.0,132.27,1.87
sub-471,pipipi,fast,74,True,False,,,5.0,132.27,1.87
sub-471,tatata,fast,75,True,True,3.1171176769608984,1.074612180440809,6.0,132.27,1.87
sub-471,pitaku,fast,76,True,False,,,6.75,132.27,1.87
sub-471,kutapi,fast,77,True,True,2.6765828446709214,0.6111062980770328,2.0,132.27,1.87
sub-471,tatata,fast,78,True,True,5.060583758952715,0.6587932745059959,6.25,132.27,1.87
sub-471,kukuku,fast,79,True,True,3.9431046954615785,1.2951508475997855,5.0,132.27,1.87
sub-471,pitaku,fast,80,True,True,2.1421836991625027,1.1751008320521663,6.25,132.27,1.87
sub-471,tatata,fast,81,True,True,1.686861244632509,1.0343582365619568,6.5,132.27,1.87
sub-471,kukuku,fast,82,True,False,,,5.5,132.27,1.87
sub-471,takupi,fast,83,True,False,,,7.25,132.27,1.87
sub-471,pipipi,fast,84,True,True,2.9903449336667207,1.051240670218931,5.5,132.27,1.87
sub-471,tatata,fast,85,True,True,2.9796524011267924,0.7688136304165596,6.5,132.27,1.87
sub-471,kutapi,fast,86,True,True,2.228100146653635,1.0232904808457874,7.0,132.27,1.87
sub-471,pipipi,fast,87,True,True,2.1043168051728776,1.3069458044409146,5.25,132.27,1.87
sub-471,kukuku,fast,88,True,True,2.6997066571764345,1.3933502680347942,5.25,132.27,1.87
sub-471,pitaku,fast,89,True,True,1.4653741878929534,1.6192229925744357,6.75,132.27,1.87
sub-471,tatata,fast,90,True,True,4.561913073987917,0.6200153558202146,6.25,132.27,1.87
sub-471,pipipi,fast,91,True,True,2.6315035416267145,1.223857785406352,5.75,132.27,1.87
sub-471,takupi,fast,92,True,False,,,7.0,132.27,1.87
sub-471,kukuku,fast,93,True,True,3.863876915835206,1.070306433718585,5.75,132.27,1.87
sub-471,pitaku,fast,94,True,True,2.228100146653635,1.6556670661590545,7.25,132.27,1.87
sub-471,kutapi,fast,95,True,True,2.2045223673239667,0.6654496630145559,7.25,132.27,1.87
sub-471,tatata,fast,96,True,True,2.9341882212973927,0.7790256779649667,2.0,132.27,1.87
sub-471,kukuku,fast,97,True,False,,,5.5,132.27,1.87
sub-471,takupi,fast,98,True,False,,,7.0,132.27,1.87
sub-471,pipipi,fast,99,True,True,0.7881236962627296,2.3629555860036646,5.75,132.27,1.87
sub-471,kukuku,fast,100,True,False,,,4.75,132.27,1.87
sub-471,pitaku,fast,101,True,True,1.8838950135012016,1.714582946811234,6.25,132.27,1.87
sub-471,kutapi,fast,102,True,True,4.8826732088204965,0.8433016489231022,5.25,132.27,1.87
sub-471,tatata,fast,103,True,False,,,2.25,132.27,1.87
sub-471,kukuku,fast,104,True,True,4.725763105701502,0.9252346560787004,5.25,132.27,1.87
sub-471,takupi,fast,105,True,True,2.228100430406501,1.0072043035199556,2.25,132.27,1.87
sub-471,kutapi,fast,106,True,True,2.753225421713761,1.5038277579216413,2.75,132.27,1.87
sub-471,tatata,fast,107,True,True,1.8628380647660912,1.3673027926101329,6.5,132.27,1.87
sub-471,kukuku,fast,108,True,False,,,5.0,132.27,1.87
sub-471,takupi,fast,109,True,True,2.0558624037138933,0.9481982738948602,6.75,132.27,1.87
sub-471,pipipi,fast,110,True,True,2.2142858130346275,1.2164419539448232,6.75,132.27,1.87
sub-471,kukuku,fast,111,True,True,2.1929198972948196,2.098026869586775,4.5,132.27,1.87
sub-586,pipipi,normal,1,True,True,2.771539378523747,1.2778524117153474,2.5,110.315,1.77
sub-586,kukuku,normal,2,True,False,,,3.0,110.315,1.77
sub-586,pitaku,normal,3,True,False,,,2.75,110.315,1.77
sub-586,kutapi,normal,4,True,True,3.140613717874899,5.037535611536497,3.0,110.315,1.77
sub-586,tatata,normal,5,True,False,,,2.1937842778793417,110.315,1.77
sub-586,gugugu,normal,6,True,False,,,3.25,110.315,1.77
sub-586,pitaku,normal,7,True,True,3.481794595304206,2.4453096976939452,2.75,110.315,1.77
sub-586,bibibi,normal,8,True,True,3.246660414842103,8.704861578381756,2.5,110.315,1.77
sub-586,tatata,normal,9,True,True,1.908342381243068,4.223929199278208,2.75,110.315,1.77
sub-586,kutapi,normal,10,True,True,3.481794595304206,2.942812233115003,3.5,110.315,1.77
sub-586,bibibi,normal,11,True,True,3.1564754033187117,2.811884047879195,2.75,110.315,1.77
sub-586,pipipi,normal,12,True,True,3.0011146691817765,6.333174085271333,3.0,110.315,1.77
sub-586,kutapi,normal,13,True,True,3.7935182388898623,2.234895766664456,3.75,110.315,1.77
sub-586,bibibi,normal,14,True,True,3.5111355609949717,9.42765856791154,2.0,110.315,1.77
sub-586,tatata,normal,15,True,False,,,3.0,110.315,1.77
sub-586,kutapi,normal,16,True,True,3.61261346738211,3.4366259476712067,3.5,110.315,1.77
sub-586,pipipi,normal,17,True,True,3.452939943961906,9.436368673497029,3.5,110.315,1.77
sub-586,dadada,normal,18,True,True,3.026547844344334,2.1552146535728287,3.25,110.315,1.77
sub-586,pitaku,normal,19,True,True,3.612613467382109,3.451537757012499,3.5,110.315,1.77
sub-586,bibibi,normal,20,False,False,,,2.5423728813559325,110.315,1.77
sub-586,dadada,normal,21,True,False,,,2.0,110.315,1.77
sub-586,takupi,normal,22,True,True,1.9999429996284224,1.7178725466167777,3.0,110.315,1.77
sub-586,kukuku,normal,23,True,True,3.086331789550035,6.72755929806951,3.25,110.315,1.77
sub-586,dadada,normal,24,True,False,,,3.25,110.315,1.77
sub-586,takupi,normal,25,True,True,3.4152032097479896,1.2749803427378357,3.5,110.315,1.77
sub-586,kukuku,normal,26,True,True,3.2009330979968356,8.841272570021975,2.75,110.315,1.77
sub-586,dadada,normal,27,True,True,1.3728329212166548,7.810343998037841,3.5,110.315,1.77
sub-586,takupi,normal,28,True,True,3.2551155592910517,3.946217061777556,2.75,110.315,1.77
sub-586,pipipi,normal,29,True,True,2.8537999423921554,8.256833870388604,2.75,110.315,1.77
sub-586,tatata,normal,30,True,True,2.0128250801413268,7.226483424864646,3.0,110.315,1.77
sub-586,kutapi,normal,31,True,True,3.0673972386938995,7.420638058817156,3.0,110.315,1.77
sub-586,dadada,normal,32,True,True,3.0749431113598127,1.509619636046045,2.75,110.315,1.77
sub-586,kukuku,normal,33,True,False,,,3.25,110.315,1.77
sub-586,takupi,normal,34,True,True,3.272158049130272,8.3962238616448,2.75,110.315,1.77
sub-586,dadada,normal,35,True,True,3.238249675564155,1.6802314403327916,3.0,110.315,1.77
sub-586,kukuku,normal,36,True,True,3.2050368583788824,3.680305225071683,2.75,110.315,1.77
sub-586,pitaku,normal,37,True,False,,,2.25,110.315,1.77
sub-586,dadada,normal,38,True,False,,,2.366863905325443,110.315,1.77
sub-586,gugugu,normal,39,True,True,3.2298821053430595,1.6512944334108752,3.0,110.315,1.77
sub-586,kutapi,normal,40,False,False,,,2.272727272727273,110.315,1.77
sub-586,dadada,normal,41,True,True,2.9690363609152897,0.9635007799464947,2.5,110.315,1.77
sub-586,kukuku,normal,42,True,False,,,2.5,110.315,1.77
sub-586,pitaku,normal,43,True,True,2.92047735501247,1.834556328967076,2.75,110.315,1.77
sub-586,bibibi,normal,44,True,True,2.353981747543007,2.1917619466738643,2.0,110.315,1.77
sub-586,pipipi,normal,45,True,False,,,2.25,110.315,1.77
sub-586,takupi,normal,46,True,False,,,2.1937842778793417,110.315,1.77
sub-586,gugugu,normal,47,True,True,3.015595435332538,0.9407482419029948,2.75,110.315,1.77
sub-586,dadada,normal,48,True,True,1.9999428927125389,3.472869519706877,3.0,110.315,1.77
sub-586,kutapi,normal,49,True,False,,,2.1937842778793417,110.315,1.77
sub-586,gugugu,normal,50,True,True,1.4602386775062348,1.1400822502703143,3.0,110.315,1.77
sub-586,tatata,normal,51,True,True,1.5224900218579014,4.137202709138474,3.0,110.315,1.77
sub-586,kutapi,normal,52,True,False,,,2.1937842778793417,110.315,1.77
sub-586,gugugu,normal,53,True,True,2.8408279726030385,0.6734645068620129,3.0,110.315,1.77
sub-586,dadada,normal,54,True,True,1.1200397024599793,2.4674798010802075,3.0,110.315,1.77
sub-586,pitaku,normal,55,True,True,3.1886844590442265,2.18685157095873,2.5,110.315,1.77
sub-586,bibibi,normal,56,True,False,,,2.7613412228796843,110.315,1.77
sub-586,gugugu,normal,57,True,True,1.9715525361913833,0.7654232770141078,3.0,110.315,1.77
sub-586,kutapi,normal,58,True,True,3.1016484068122505,2.4815900786551213,3.0,110.315,1.77
sub-586,bibibi,normal,59,True,False,,,2.366863905325443,110.315,1.77
sub-586,gugugu,normal,60,True,False,,,3.0,110.315,1.77
sub-586,takupi,normal,61,True,True,3.396642436171832,2.768065141818296,2.75,110.315,1.77
sub-586,bibibi,normal,62,True,True,2.870182357086646,2.4707078600714887,2.75,110.315,1.77
sub-586,pipipi,normal,63,True,True,1.8274333574725643,3.724719893273015,2.75,110.315,1.77
sub-586,kutapi,normal,64,True,False,,,2.366863905325443,110.315,1.77
sub-586,gugugu,normal,65,True,True,2.958495660381619,1.3299753095110596,3.0,110.315,1.77
sub-586,kukuku,normal,66,True,True,1.6425287996205438,8.192660276618472,2.5,110.315,1.77
sub-586,takupi,normal,67,True,True,3.1327428985243957,3.9631385105307935,2.75,110.315,1.77
sub-586,pipipi,normal,68,True,True,2.9655146299198907,7.238759960068929,2.5,110.315,1.77
sub-586,tatata,normal,69,True,True,2.9001494582627236,8.067667877450228,2.75,110.315,1.77
sub-586,kutapi,normal,70,True,True,3.1485249786177176,3.454530039393628,3.0,110.315,1.77
sub-586,bibibi,normal,71,True,True,3.0673973411318625,3.473396234249151,2.75,110.315,1.77
sub-586,pipipi,normal,72,True,True,1.3819396534120882,5.460045971764394,3.0,110.315,1.77
sub-586,takupi,normal,73,True,False,,,3.550295857988165,110.315,1.77
sub-586,gugugu,normal,74,True,True,3.20503696541342,1.41426509601855,3.25,110.315,1.77
sub-586,pipipi,normal,75,True,True,2.133045079370706,5.120958676079571,2.5,110.315,1.77
sub-586,takupi,normal,76,True,True,2.962000986993446,7.66480199160365,3.0,110.315,1.77
sub-586,dadada,normal,77,True,True,3.229882213207323,2.523355460519392,2.75,110.315,1.77
sub-586,bibibi,normal,78,True,True,1.5280738588156892,8.305743249995468,2.75,110.315,1.77
sub-586,pitaku,normal,79,True,True,3.0047221550750822,4.502081610265687,3.0,110.315,1.77
sub-586,tatata,normal,80,False,False,,,2.191780821917808,110.315,1.77
sub-586,pipipi,normal,81,True,True,2.1644400515575755,5.902880590589821,2.5,110.315,1.77
sub-586,kutapi,normal,82,True,True,2.8184084098635855,7.144157555930276,2.75,110.315,1.77
sub-586,tatata,normal,83,True,True,2.8734807581022985,1.06457447484381,2.75,110.315,1.77
sub-586,kukuku,normal,84,True,True,1.6170299220886155,8.388140452106251,3.0,110.315,1.77
sub-586,pitaku,normal,85,True,False,,,4.021937842778794,110.315,1.77
sub-586,gugugu,normal,86,True,True,2.920476938725468,0.925882355468204,3.25,110.315,1.77
sub-586,kukuku,normal,87,True,True,3.324372685570479,1.9901506580044952,3.25,110.315,1.77
sub-586,pitaku,normal,88,True,True,2.983207946955847,4.6259095883479535,2.75,110.315,1.77
sub-586,tatata,normal,89,True,False,,,4.753199268738574,110.315,1.77
sub-586,gugugu,normal,90,True,True,2.9975158987398083,1.2545689301332033,3.25,110.315,1.77
sub-586,kutapi,normal,91,True,True,3.1968392065843987,2.281318671304657,2.75,110.315,1.77
sub-586,pipipi,normal,92,True,True,3.2551149212877606,2.39147442568801,2.75,110.315,1.77
sub-586,bibibi,normal,93,True,True,2.2261159924746217,4.385381465295759,3.0,110.315,1.77
sub-586,pitaku,normal,94,True,True,2.930748252695193,3.116395589271449,2.75,110.315,1.77
sub-586,dadada,normal,95,True,True,2.783884476112472,4.454539705518146,2.25,110.315,1.77
sub-586,tatata,normal,96,True,False,,,3.0,110.315,1.77
sub-586,pitaku,normal,97,True,False,,,3.25,110.315,1.77
sub-586,kukuku,normal,98,True,True,3.026547529720339,2.438609096224539,2.5,110.315,1.77
sub-586,tatata,normal,99,True,True,1.7029484056873294,1.1565062915657371,3.25,110.315,1.77
sub-586,pitaku,normal,100,True,False,,,2.25,110.315,1.77
sub-586,bibibi,normal,101,True,False,,,3.0,110.315,1.77
sub-586,kukuku,normal,102,True,False,,,3.0,110.315,1.77
sub-586,takupi,normal,103,True,True,3.172498375758986,2.3723402787897463,3.0,110.315,1.77
sub-586,pipipi,normal,104,True,True,1.6868614845466134,1.0653893088881077,3.25,110.315,1.77
sub-586,kukuku,normal,105,True,False,,,3.0,110.315,1.77
sub-586,takupi,normal,106,True,False,,,2.7613412228796843,110.315,1.77
sub-586,gugugu,normal,107,True,True,3.071165503805997,0.5846256371750407,3.25,110.315,1.77
sub-586,kukuku,normal,108,True,True,3.2424497018133347,1.6120523001534384,3.0,110.315,1.77
sub-586,takupi,normal,109,True,False,,,4.021937842778794,110.315,1.77
sub-586,gugugu,normal,110,True,True,3.2937137287194744,0.8362605000336529,3.25,110.315,1.77
sub-586,kukuku,normal,111,True,False,,,3.25,110.315,1.77
sub-586,pitaku,normal,112,True,True,2.9620008531967783,2.946958944249994,2.75,110.315,1.77
sub-586,tatata,normal,113,True,False,,,4.387568555758683,110.315,1.77
sub-586,gugugu,normal,114,True,True,3.188684591961838,0.7273391956550803,3.5,110.315,1.77
sub-586,takupi,normal,115,True,True,3.501300728428685,2.3889525613764,3.5,110.315,1.77
sub-586,bibibi,normal,116,True,True,3.124910900122602,4.450893211411211,3.0,110.315,1.77
sub-586,tatata,normal,117,True,True,1.5762476167074913,4.41848019995626,2.75,110.315,1.77
sub-586,kutapi,normal,118,True,False,,,2.366863905325443,110.315,1.77
sub-586,gugugu,normal,119,True,True,1.7288580360291017,1.3892565112606796,3.5,110.315,1.77
sub-586,bibibi,normal,120,False,False,,,2.02020202020202,110.315,1.77
sub-586,takupi,normal,121,True,True,3.272157997748944,2.35659735635312,3.0,110.315,1.77
sub-586,pipipi,normal,122,True,True,3.378282040919179,0.8965395866675241,3.25,110.315,1.77
sub-586,kukuku,normal,123,True,True,1.8938853865759036,5.100409791748268,3.25,110.315,1.77
sub-586,takupi,normal,124,True,False,,,6.70611439842209,110.315,1.77
sub-586,gugugu,normal,125,True,True,2.783884978040304,1.3260791048242124,3.5,110.315,1.77
sub-586,pipipi,normal,126,True,True,3.1093640675126775,3.1948515767813355,3.25,110.315,1.77
sub-586,kutapi,normal,127,True,True,3.280746338950385,2.750282499212565,2.0,110.315,1.77
sub-586,dadada,normal,128,True,True,3.405897425449854,2.115094537347092,3.25,110.315,1.77
sub-586,pipipi,normal,129,True,False,,,3.5,110.315,1.77
sub-586,kutapi,normal,130,True,True,3.37828204091918,4.521646216944615,3.0,110.315,1.77
sub-586,tatata,normal,131,True,False,,,2.1937842778793417,110.315,1.77
sub-586,gugugu,normal,132,True,True,3.545998170610203,1.2581000186062186,3.25,110.315,1.77
sub-586,takupi,normal,133,True,True,3.57643592314763,1.8336026814670543,3.5,110.315,1.77
sub-586,pipipi,normal,134,True,True,3.607400736335055,3.0253348791270183,3.25,110.315,1.77
sub-586,dadada,normal,135,True,False,,,3.0,110.315,1.77
sub-586,takupi,normal,136,True,True,3.3287998805328805,1.7158288911502426,3.25,110.315,1.77
sub-586,pipipi,normal,137,True,False,,,2.7613412228796843,110.315,1.77
sub-586,gugugu,normal,138,True,True,1.7933491465424622,0.9775847428911576,3.5,110.315,1.77
sub-586,pitaku,normal,139,True,True,3.607400736335054,1.6796652300121586,3.5,110.315,1.77
sub-586,bibibi,normal,140,True,False,,,2.531645569620253,110.315,1.77
sub-586,dadada,normal,141,True,True,2.059249259307518,2.9965368191696893,3.5,110.315,1.77
sub-586,kutapi,normal,142,True,False,,,2.1937842778793417,110.315,1.77
sub-586,gugugu,normal,143,True,True,3.5013005613435952,0.832206677198446,3.75,110.315,1.77
sub-586,tatata,normal,144,True,True,2.2380739487908032,2.655741509776348,3.5,110.315,1.77
sub-586,pitaku,normal,145,True,True,3.4577159070530117,1.6108932999543502,3.25,110.315,1.77
sub-586,dadada,normal,146,True,True,3.4721230566657315,1.9612893063066288,3.5,110.315,1.77
sub-586,bibibi,normal,147,True,True,1.8754153044256017,3.1060070733098266,3.5,110.315,1.77
sub-586,pitaku,normal,148,True,True,3.676365589410775,2.410481267699211,3.5,110.315,1.77
sub-586,dadada,normal,149,True,True,4.045191910678523,0.9230493138585238,4.0,110.315,1.77
sub-586,kukuku,normal,150,True,False,,,3.5,110.315,1.77
sub-586,takupi,normal,151,True,True,3.443427824792462,3.026014835112546,2.5,110.315,1.77
sub-586,dadada,normal,152,True,True,3.5409753552398406,0.8102207203705731,3.5,110.315,1.77
sub-586,kukuku,normal,153,True,True,3.18868443979506,1.5406739542653085,3.5,110.315,1.77
sub-586,pitaku,normal,154,True,True,3.18868443979506,4.686211147739847,3.0,110.315,1.77
sub-586,tatata,normal,155,True,False,,,3.25,110.315,1.77
sub-586,kukuku,normal,156,True,True,3.0787298039400586,2.1380411927615253,3.5,110.315,1.77
sub-586,pitaku,normal,157,True,True,3.462504987256686,2.743626379478311,3.25,110.315,1.77
sub-586,bibibi,normal,158,True,True,3.3874371284543723,6.064976609183174,2.5,110.315,1.77
sub-586,tatata,normal,159,True,True,1.666619067199551,3.3977728438852584,3.25,110.315,1.77
sub-586,kutapi,normal,160,True,False,,,2.25,110.315,1.77
sub-586,bibibi,normal,161,True,True,3.5866981466383363,3.843585581355105,2.0,110.315,1.77
sub-586,dadada,normal,162,True,False,,,3.0,110.315,1.77
sub-586,kutapi,normal,163,True,True,3.9431050602632816,2.0509447364475193,3.75,110.315,1.77
sub-586,bibibi,normal,164,True,True,1.7336536811421084,1.0383741061494192,3.75,110.315,1.77
sub-586,kukuku,normal,165,True,True,2.4924512544435897,4.138385863813244,3.75,110.315,1.77
sub-586,pitaku,normal,166,True,True,3.42925735007808,5.823762294184768,3.0,110.315,1.77
sub-586,tatata,normal,167,True,True,3.6022026054854757,1.7158306287390648,3.5,110.315,1.77
sub-586,bibibi,normal,168,True,True,2.8867535891534875,4.348897197314553,3.75,110.315,1.77
sub-586,kutapi,normal,169,True,True,3.551034954839376,1.806125303941732,3.25,110.315,1.77
sub-586,pipipi,normal,170,True,True,3.591851448573161,4.411649098240371,3.5,110.315,1.77
sub-586,dadada,normal,171,True,True,2.410731541183144,3.0891033450075147,3.75,110.315,1.77
sub-586,pitaku,normal,172,True,True,3.4058972863854504,6.2081213074316794,3.0,110.315,1.77
sub-586,tatata,normal,173,True,True,3.491520402523632,1.668915392098441,3.25,110.315,1.77
sub-586,pipipi,normal,174,True,True,2.420066416463621,1.814096959814535,3.25,110.315,1.77
sub-586,takupi,normal,175,True,False,,,2.366863905325443,110.315,1.77
sub-586,gugugu,normal,176,True,True,3.4817947189511425,0.8022123932325282,3.75,110.315,1.77
sub-586,kukuku,normal,177,True,True,2.5405778538688217,2.187917657373486,3.5,110.315,1.77
sub-586,takupi,normal,178,True,True,3.6230849394303193,1.3279502584961147,3.25,110.315,1.77
sub-586,pipipi,normal,179,True,True,3.561151863542622,2.1994394788725433,3.5,110.315,1.77
sub-586,tatata,normal,180,True,False,,,2.1390374331550803,110.315,1.77
sub-586,takupi,fast,1,True,True,3.32437302307566,2.470735208408657,6.0,110.315,1.77
sub-586,kutapi,fast,2,True,True,3.9934960277202833,2.114643975544684,5.75,110.315,1.77
sub-586,tatata,fast,3,True,True,6.249821283382243,0.632996269601783,6.75,110.315,1.77
sub-586,kukuku,fast,4,True,True,2.873481049830916,0.6875127562065817,6.75,110.315,1.77
sub-586,takupi,fast,5,True,True,2.38088429843133,1.6792241474057068,6.75,110.315,1.77
sub-586,kutapi,fast,6,True,True,2.6594984184605286,1.3101067575988363,7.25,110.315,1.77
sub-586,tatata,fast,7,True,True,3.8818765735293423,0.5205971432537808,7.5,110.315,1.77
sub-586,pipipi,fast,8,True,True,7.183702624577291,1.624004966429398,7.25,110.315,1.77
sub-586,takupi,fast,9,True,True,2.6708637963171973,1.433937855573758,8.0,110.315,1.77
sub-586,kukuku,fast,10,True,False,,,6.0,110.315,1.77
sub-586,pipipi,fast,11,True,True,7.396238205186084,2.68656277518037,4.75,110.315,1.77
sub-586,kutapi,fast,12,True,True,2.723233674676358,1.6298311157943477,8.0,110.315,1.77
sub-586,tatata,fast,13,True,False,,,7.75,110.315,1.77
sub-586,kukuku,fast,14,True,True,6.8117943143130715,0.7132929039009683,6.5,110.315,1.77
sub-586,pitaku,fast,15,True,True,2.741149685693966,2.0457185305083954,8.25,110.315,1.77
sub-586,tatata,fast,16,True,False,,,7.75,110.315,1.77
sub-586,pipipi,fast,17,True,True,6.867935476244222,1.7387125197484234,7.25,110.315,1.77
sub-586,kutapi,fast,18,True,True,4.553603849458829,1.3301909662537508,7.75,110.315,1.77
sub-586,pitaku,fast,19,True,True,2.5640292444645096,2.6189741381699134,2.5,110.315,1.77
sub-586,tatata,fast,20,True,False,,,7.25,110.315,1.77
sub-586,kukuku,fast,21,True,True,6.377369014845695,0.9441194424756798,6.75,110.315,1.77
sub-586,pitaku,fast,22,True,True,2.3991637752586485,3.0267548448812445,7.5,110.315,1.77
sub-586,takupi,fast,23,True,True,2.2644281284597025,2.3741579678087756,7.25,110.315,1.77
sub-586,pipipi,fast,24,True,True,6.443115087163691,1.8542251577254392,7.0,110.315,1.77
sub-586,tatata,fast,25,True,True,5.95221108052265,1.7835151377739908,7.5,110.315,1.77
sub-586,kutapi,fast,26,True,True,4.370504639544601,2.024400600634518,6.75,110.315,1.77
sub-586,takupi,fast,27,True,True,2.3539817832575443,1.6095848402663826,7.25,110.315,1.77
sub-586,kukuku,fast,28,True,True,6.127276112302725,0.7230121661192257,4.5,110.315,1.77
sub-586,tatata,fast,29,True,True,6.510230869321646,0.9556870366995476,7.25,110.315,1.77
sub-586,pitaku,fast,30,True,True,2.369600619734134,2.609606966967948,2.25,110.315,1.77
sub-586,takupi,fast,31,True,True,2.5614023092413034,2.097895998071312,7.75,110.315,1.77
sub-586,pipipi,fast,32,True,True,6.811794697055892,2.052174134078758,6.75,110.315,1.77
sub-586,kukuku,fast,33,True,True,4.045191996471702,0.9608539804761024,6.5,110.315,1.77
sub-586,takupi,fast,34,True,True,2.2521879764139743,1.7777671502217016,6.75,110.315,1.77
sub-586,kutapi,fast,35,True,True,2.6823268817805923,1.2708501136456327,2.0,110.315,1.77
sub-586,tatata,fast,36,True,False,,,7.25,110.315,1.77
sub-586,kukuku,fast,37,True,True,1.5450733336338145,0.8704718598533283,6.25,110.315,1.77
sub-586,takupi,fast,38,True,True,2.2084175387098157,1.5112044250835233,6.75,110.315,1.77
sub-586,kutapi,fast,39,True,True,4.355276400382425,1.3468050391003894,6.75,110.315,1.77
sub-586,tatata,fast,40,True,False,,,7.0,110.315,1.77
sub-586,pipipi,fast,41,True,True,6.476498385809951,1.5487762654719024,6.75,110.315,1.77
sub-586,takupi,fast,42,True,True,2.293512272406092,2.458622107429367,7.0,110.315,1.77
sub-586,kukuku,fast,43,True,True,6.249820942306602,0.7015634195775728,2.0,110.315,1.77
sub-586,tatata,fast,44,True,True,3.709092547362969,0.9249298045927584,6.75,110.315,1.77
sub-586,pitaku,fast,45,True,True,2.2025800677732517,2.823882204999575,7.5,110.315,1.77
sub-586,kukuku,fast,46,True,True,6.038474340392852,0.7622648347763246,6.25,110.315,1.77
sub-586,tatata,fast,47,True,True,4.570252974264426,0.7390656501834316,7.25,110.315,1.77
sub-586,pitaku,fast,48,True,True,2.50996824992233,2.7180664085848427,2.5,110.315,1.77
sub-586,kukuku,fast,49,True,True,1.664399718323995,0.6105256040033353,3.75,110.315,1.77
sub-586,pipipi,fast,50,True,True,6.544315122834139,2.6154795235646215,6.5,110.315,1.77
sub-586,takupi,fast,51,True,True,2.2380737483640476,2.8091006161454803,6.75,110.315,1.77
sub-586,kukuku,fast,52,True,True,3.109363652888857,0.5998874114276678,6.0,110.315,1.77
sub-586,pipipi,fast,53,True,True,5.681655402096912,1.590505024735508,6.0,110.315,1.77
sub-586,kutapi,fast,54,True,True,4.355275917983694,1.2526827302698802,7.0,110.315,1.77
sub-586,tatata,fast,55,True,True,2.019328252764653,1.1439210789204075,7.25,110.315,1.77
sub-586,pipipi,fast,56,True,True,5.786871242876486,1.2418024009776527,3.25,110.315,1.77
sub-586,takupi,fast,57,True,True,2.540577618823822,1.389127594983803,7.5,110.315,1.77
sub-586,pitaku,fast,58,True,True,2.2084172941012725,2.1839272897940454,2.25,110.315,1.77
sub-586,tatata,fast,59,True,True,2.125789436158708,0.860772321024422,7.25,110.315,1.77
sub-586,pipipi,fast,60,True,True,5.760203633462307,2.248187264446422,6.25,110.315,1.77
sub-586,kutapi,fast,61,True,True,4.416835052053143,1.940706147453377,6.75,110.315,1.77
sub-586,pitaku,fast,62,True,False,,,2.5,110.315,1.77
sub-586,kukuku,fast,63,True,False,,,4.5,110.315,1.77
sub-586,pipipi,fast,64,True,True,6.0384749745460855,1.46245666277607,6.0,110.315,1.77
sub-586,kutapi,fast,65,True,True,4.4641582847537125,1.9464023930501764,7.0,110.315,1.77
sub-586,tatata,fast,66,True,True,1.4916042001563716,1.7374427379786803,7.25,110.315,1.77
sub-586,pitaku,fast,67,True,True,2.515018751973923,3.138392277061481,8.0,110.315,1.77
sub-586,kukuku,fast,68,True,True,1.5742623674194451,0.8493157794695758,6.0,110.315,1.77
sub-586,pipipi,fast,69,True,True,6.631110449501536,1.293327946671578,6.5,110.315,1.77
sub-586,kutapi,fast,70,True,True,4.770856182179541,1.1645921382804536,2.75,110.315,1.77
sub-586,tatata,fast,71,True,False,,,7.25,110.315,1.77
sub-586,pipipi,fast,72,True,True,3.5309726546074565,1.8567376723595577,2.0,110.315,1.77
sub-586,takupi,fast,73,True,True,2.617726324044062,2.09134026617419,8.0,110.315,1.77
sub-586,kukuku,fast,74,True,False,,,2.75,110.315,1.77
sub-586,pipipi,fast,75,True,True,6.5787595775317875,1.3827298720692802,2.0,110.315,1.77
sub-586,kutapi,fast,76,True,True,5.2964589819111865,0.7505393542187386,2.5,110.315,1.77
sub-586,pitaku,fast,77,True,True,2.480087935974285,1.8557152793706884,2.75,110.315,1.77
sub-586,kukuku,fast,78,True,True,2.9620007576564915,0.686299082122467,6.5,110.315,1.77
sub-586,takupi,fast,79,True,True,2.3147487402426656,1.3019574723208225,7.75,110.315,1.77
sub-586,pipipi,fast,80,True,True,3.591851493479999,1.7011014090431225,6.75,110.315,1.77
sub-586,tatata,fast,81,True,False,,,7.0,110.315,1.77
sub-586,pitaku,fast,82,True,True,2.4751770447849686,3.9094969074353383,2.75,110.315,1.77
sub-586,takupi,fast,83,True,True,2.4247612174906097,1.8583452502028868,7.25,110.315,1.77
sub-586,pipipi,fast,84,True,True,5.8821854476066315,1.5859301530906045,6.75,110.315,1.77
sub-586,kutapi,fast,85,True,False,,,2.25,110.315,1.77
sub-586,pitaku,fast,86,True,True,2.441336733625799,3.5873120399272196,2.25,110.315,1.77
sub-586,kukuku,fast,87,True,True,1.9935636485110193,0.4935672595849389,6.0,110.315,1.77
sub-586,pipipi,fast,88,True,True,6.038475399113089,2.0647680498452665,6.25,110.315,1.77
sub-586,kutapi,fast,89,True,True,4.770856517619884,1.1762180532660498,2.5,110.315,1.77
sub-586,pitaku,fast,90,True,True,2.41305870196218,3.291764393222828,2.5,110.315,1.77
sub-586,kukuku,fast,91,True,True,1.767983603417835,1.0506804583023914,2.25,110.315,1.77
sub-586,takupi,fast,92,True,True,2.4949389373581017,1.9388057948717776,7.5,110.315,1.77
sub-586,kutapi,fast,93,True,True,4.716846821193997,0.7012228520306714,7.5,110.315,1.77
sub-586,pipipi,fast,94,True,True,6.112295391767281,1.2628643640184265,6.75,110.315,1.77
sub-586,takupi,fast,95,True,True,2.2851268877813697,2.2721561921951228,7.25,110.315,1.77
sub-586,pitaku,fast,96,True,True,2.470285390546263,2.7142369405339286,2.5,110.315,1.77
sub-586,tatata,fast,97,True,True,4.355276681590277,0.5091455725799552,7.0,110.315,1.77
sub-586,kutapi,fast,98,True,True,4.578624203723111,1.329599234421523,7.25,110.315,1.77
sub-586,takupi,fast,99,True,False,,,7.25,110.315,1.77
sub-586,kukuku,fast,100,True,True,1.8684071862726592,1.9705633833705465,6.5,110.315,1.77
sub-586,pitaku,fast,101,True,True,2.9136699366089496,2.2219910777918717,2.0,110.315,1.77
sub-586,kutapi,fast,102,True,True,4.664046279124027,0.838676686280678,2.25,110.315,1.77
sub-586,tatata,fast,103,True,False,,,7.0,110.315,1.77
sub-586,pitaku,fast,104,True,True,2.3763581802380975,2.418601733563876,2.75,110.315,1.77
sub-586,kutapi,fast,105,True,True,4.612414770499039,0.9523424407180388,7.0,110.315,1.77
sub-586,pipipi,fast,106,True,True,5.786872235209442,1.0947384936445212,6.0,110.315,1.77
sub-586,takupi,fast,107,True,True,2.3407573086240436,1.7384144919102231,7.25,110.315,1.77
sub-586,kutapi,fast,108,True,True,1.2820147721079376,0.5929103445635473,2.5,110.315,1.77
sub-586,pipipi,fast,109,True,True,5.251951272290922,1.5454956011945669,6.25,110.315,1.77
sub-586,tatata,fast,110,True,False,,,7.25,110.315,1.77
sub-586,pitaku,fast,111,True,False,,,2.5,110.315,1.77
sub-586,kukuku,fast,112,True,False,,,5.75,110.315,1.77
sub-586,takupi,fast,113,True,True,2.2320792907236413,1.595031880433588,6.75,110.315,1.77
sub-586,pitaku,fast,114,True,False,,,2.0,110.315,1.77
sub-586,kukuku,fast,115,True,False,,,3.75,110.315,1.77
sub-586,takupi,fast,116,True,True,2.1532547851942105,1.29591453575636,7.25,110.315,1.77
sub-586,pitaku,fast,117,True,True,2.2935126656976865,1.6872756291647288,7.25,110.315,1.77
sub-586,tatata,fast,118,True,False,,,7.0,110.315,1.77
sub-586,kutapi,fast,119,True,True,4.340154176407082,0.8551352730479148,2.5,110.315,1.77
sub-586,pitaku,fast,120,True,True,2.1663161227127192,2.2154565976708565,2.25,110.315,1.77
sub-612,pipipi,normal,1,True,False,,,2.75,101.135,1.67
sub-612,kukuku,normal,2,True,False,,,3.5,101.135,1.67
sub-612,pitaku,normal,3,True,True,2.465412329107412,3.0935796982087886,2.5,101.135,1.67
sub-612,kutapi,normal,4,True,True,3.255114715774631,3.6271823860229553,2.0,101.135,1.67
sub-612,tatata,normal,5,True,False,,,7.678244972577696,101.135,1.67
sub-612,gugugu,normal,6,True,False,,,3.5,101.135,1.67
sub-612,pitaku,normal,7,True,True,3.5764350525249164,2.760389345733767,2.0,101.135,1.67
sub-612,bibibi,normal,8,True,True,3.5062105213392933,4.415551866321168,3.0,101.135,1.67
sub-612,tatata,normal,9,True,False,,,3.25,101.135,1.67
sub-612,kutapi,normal,10,True,True,3.5210254953731215,3.529640859451769,2.0,101.135,1.67
sub-612,bibibi,normal,11,True,True,3.665583726854716,3.5456593148767475,2.75,101.135,1.67
sub-612,pipipi,normal,12,True,True,2.561401743560365,4.432937683815588,3.0,101.135,1.67
sub-612,kutapi,normal,13,True,True,3.7090921390429026,3.37109653967968,3.75,101.135,1.67
sub-612,bibibi,normal,14,True,True,3.280745540308289,3.953042872086254,2.25,101.135,1.67
sub-612,tatata,normal,15,True,True,2.26442762836496,5.36470859225042,3.0,101.135,1.67
sub-612,kutapi,normal,16,True,True,3.5662312435305505,2.2012819208188983,4.0,101.135,1.67
sub-612,pipipi,normal,17,True,True,3.298058181681947,3.3891897066866292,3.5,101.135,1.67
sub-612,dadada,normal,18,True,False,,,3.5,101.135,1.67
sub-612,pitaku,normal,19,True,True,3.462504296004038,2.8585095775245133,3.5,101.135,1.67
sub-612,bibibi,normal,20,False,False,,,2.7522935779816513,101.135,1.67
sub-612,dadada,normal,21,True,False,,,2.75,101.135,1.67
sub-612,takupi,normal,22,True,False,,,3.25,101.135,1.67
sub-612,kukuku,normal,23,True,True,3.059887680639819,1.9055676082910935,3.25,101.135,1.67
sub-612,dadada,normal,24,True,True,1.7831157168921052,5.737144371155971,2.0,101.135,1.67
sub-612,takupi,normal,25,True,False,,,3.75,101.135,1.67
sub-612,kukuku,normal,26,True,True,3.333237646776976,2.235750280953429,2.0,101.135,1.67
sub-612,dadada,normal,27,True,True,2.334200032756986,4.591450943991674,3.5,101.135,1.67
sub-612,takupi,normal,28,True,True,3.424559226140729,3.2480235656417236,3.5,101.135,1.67
sub-612,pipipi,normal,29,True,True,3.25511488943064,2.4468931851447273,2.75,101.135,1.67
sub-612,tatata,normal,30,True,True,3.093970587973678,4.697257463755616,3.75,101.135,1.67
sub-612,kutapi,normal,31,True,True,1.996747791599626,3.1030764850187627,2.0,101.135,1.67
sub-612,dadada,normal,32,True,False,,,2.0,101.135,1.67
sub-612,kukuku,normal,33,True,True,3.2636138839200157,2.971823129720491,2.0,101.135,1.67
sub-612,takupi,normal,34,True,True,3.5259918689460257,3.2685385832472686,2.5,101.135,1.67
sub-612,dadada,normal,35,True,False,,,3.75,101.135,1.67
sub-612,kukuku,normal,36,True,False,,,4.0,101.135,1.67
sub-612,pitaku,normal,37,True,True,3.285056813512131,3.640316121111754,2.0,101.135,1.67
sub-612,dadada,normal,38,True,False,,,2.366863905325443,101.135,1.67
sub-612,gugugu,normal,39,True,False,,,3.5,101.135,1.67
sub-612,kutapi,normal,40,False,False,,,4.008908685968819,101.135,1.67
sub-612,dadada,normal,41,True,False,,,3.0,101.135,1.67
sub-612,kukuku,normal,42,True,True,2.4999280662023957,3.1980133444813745,3.25,101.135,1.67
sub-612,pitaku,normal,43,True,True,3.415202276232781,1.8089765719590023,3.0,101.135,1.67
sub-612,bibibi,normal,44,True,True,2.8279729255683206,2.6269368888417404,2.75,101.135,1.67
sub-612,pipipi,normal,45,True,False,,,2.0,101.135,1.67
sub-612,takupi,normal,46,True,False,,,2.1937842778793417,101.135,1.67
sub-612,gugugu,normal,47,True,False,,,3.25,101.135,1.67
sub-612,dadada,normal,48,True,False,,,2.0,101.135,1.67
sub-612,kutapi,normal,49,True,False,,,2.1937842778793417,101.135,1.67
sub-612,gugugu,normal,50,True,False,,,3.25,101.135,1.67
sub-612,tatata,normal,51,True,False,,,3.5,101.135,1.67
sub-612,kutapi,normal,52,True,False,,,2.1937842778793417,101.135,1.67
sub-612,gugugu,normal,53,True,False,,,3.5,101.135,1.67
sub-612,dadada,normal,54,True,True,1.8011009122495645,4.3459425583066,3.25,101.135,1.67
sub-612,pitaku,normal,55,True,True,3.1927561509609137,3.1115404179420416,2.25,101.135,1.67
sub-612,bibibi,normal,56,True,False,,,2.366863905325443,101.135,1.67
sub-612,gugugu,normal,57,True,True,0.8491603485741831,1.41530324097085,3.5,101.135,1.67
sub-612,kutapi,normal,58,True,True,2.472728057569135,1.9997707842356365,2.25,101.135,1.67
sub-612,bibibi,normal,59,True,False,,,2.366863905325443,101.135,1.67
sub-612,gugugu,normal,60,True,False,,,3.5,101.135,1.67
sub-612,takupi,normal,61,True,True,3.443427409772048,3.4372245153102163,2.75,101.135,1.67
sub-612,bibibi,normal,62,True,True,3.405896865796332,1.7684549987888492,3.25,101.135,1.67
sub-612,pipipi,normal,63,True,True,2.234073547358809,6.013091805683844,3.25,101.135,1.67
sub-612,kutapi,normal,64,True,False,,,3.1558185404339247,101.135,1.67
sub-612,gugugu,normal,65,True,False,,,3.25,101.135,1.67
sub-612,kukuku,normal,66,True,False,,,3.25,101.135,1.67
sub-612,takupi,normal,67,True,True,3.263613968008495,3.0938186959273093,3.25,101.135,1.67
sub-612,pipipi,normal,68,True,True,3.067396686496328,3.8459572122439063,2.5,101.135,1.67
sub-612,tatata,normal,69,True,True,2.351766979769057,5.007558581359316,2.0,101.135,1.67
sub-612,kutapi,normal,70,True,True,3.2298815238947127,2.754293699548274,3.0,101.135,1.67
sub-612,bibibi,normal,71,True,True,3.1210091129769126,3.1130537570652184,3.0,101.135,1.67
sub-612,pipipi,normal,72,True,True,1.110585650597293,3.649110966633989,2.25,101.135,1.67
sub-612,takupi,normal,73,True,False,,,2.366863905325443,101.135,1.67
sub-612,gugugu,normal,74,True,True,0.7921192330464216,1.0749758473788695,3.5,101.135,1.67
sub-612,pipipi,normal,75,True,True,1.137365013418793,4.946078522651149,3.0,101.135,1.67
sub-612,takupi,normal,76,True,True,3.2807457998615575,4.328862398790186,2.0,101.135,1.67
sub-612,dadada,normal,77,True,True,3.1406134415760136,3.898730898256197,2.75,101.135,1.67
sub-612,bibibi,normal,78,True,True,2.2201849906700772,5.537851087536232,2.5,101.135,1.67
sub-612,pitaku,normal,79,True,True,3.1485243066681456,2.0980173093269805,3.25,101.135,1.67
sub-612,tatata,normal,80,True,False,,,2.9661016949152543,101.135,1.67
sub-612,pipipi,normal,81,True,True,2.3363816117152485,5.783000921112906,2.75,101.135,1.67
sub-612,kutapi,normal,82,True,True,3.0375799812093756,4.281082837391706,2.75,101.135,1.67
sub-612,tatata,normal,83,True,False,,,3.0,101.135,1.67
sub-612,kukuku,normal,84,True,True,2.8408276415174045,5.547082562112177,2.5,101.135,1.67
sub-612,pitaku,normal,85,True,False,,,2.1937842778793417,101.135,1.67
sub-612,gugugu,normal,86,True,False,,,3.25,101.135,1.67
sub-612,kukuku,normal,87,True,True,2.7838845484803074,5.665905118258564,3.5,101.135,1.67
sub-612,pitaku,normal,88,True,True,1.3354317972945065,5.319675139550569,3.0,101.135,1.67
sub-612,tatata,normal,89,True,False,,,2.1937842778793417,101.135,1.67
sub-612,gugugu,normal,90,True,False,,,3.5,101.135,1.67
sub-612,kutapi,normal,91,True,True,3.355608489309149,2.9757796302448796,3.0,101.135,1.67
sub-612,pipipi,normal,92,True,True,3.3155548070760164,3.2277186158558457,2.5,101.135,1.67
sub-612,bibibi,normal,93,True,True,2.091990229736666,3.138101366611661,3.5,101.135,1.67
sub-612,pitaku,normal,94,True,True,3.1249104056691457,3.129189791196797,2.25,101.135,1.67
sub-612,dadada,normal,95,True,True,2.7623517398180293,3.5542299106597266,2.5,101.135,1.67
sub-612,tatata,normal,96,True,True,1.6490292378201292,5.184708141044471,3.0,101.135,1.67
sub-612,pitaku,normal,97,True,False,,,3.25,101.135,1.67
sub-612,kukuku,normal,98,True,True,3.2132754814078615,4.165827492510907,2.0,101.135,1.67
sub-612,tatata,normal,99,True,True,1.808920640040026,5.044486823455138,3.5,101.135,1.67
sub-612,pitaku,normal,100,True,False,,,2.8481012658227844,101.135,1.67
sub-612,bibibi,normal,101,True,False,,,2.5,101.135,1.67
sub-612,kukuku,normal,102,True,True,2.285126285309315,6.721350085327623,2.25,101.135,1.67
sub-612,takupi,normal,103,True,True,3.2466599430238845,3.728830948106687,3.25,101.135,1.67
sub-612,pipipi,normal,104,True,False,,,3.0,101.135,1.67
sub-612,kukuku,normal,105,True,True,1.953068871975305,7.289909795009088,3.25,101.135,1.67
sub-612,takupi,normal,106,True,False,,,3.944773175542406,101.135,1.67
sub-612,gugugu,normal,107,True,False,,,3.5,101.135,1.67
sub-612,kukuku,normal,108,True,False,,,2.75,101.135,1.67
sub-612,takupi,normal,109,True,False,,,2.1937842778793417,101.135,1.67
sub-612,gugugu,normal,110,True,False,,,3.5,101.135,1.67
sub-612,kukuku,normal,111,True,False,,,2.75,101.135,1.67
sub-612,pitaku,normal,112,True,True,3.117117401656347,2.903576172521312,3.0,101.135,1.67
sub-612,tatata,normal,113,True,False,,,2.9250457038391224,101.135,1.67
sub-612,gugugu,normal,114,True,False,,,3.0,101.135,1.67
sub-612,takupi,normal,115,True,True,2.3385670309900752,3.1973798570800103,2.0,101.135,1.67
sub-612,bibibi,normal,116,True,True,3.08633105694863,4.244376836086875,2.75,101.135,1.67
sub-612,tatata,normal,117,True,True,2.378618607163074,6.053935081339398,3.5,101.135,1.67
sub-612,kutapi,normal,118,True,False,,,2.366863905325443,101.135,1.67
sub-612,gugugu,normal,119,True,True,0.8111382725919501,1.6748430894401345,3.25,101.135,1.67
sub-612,bibibi,normal,120,True,False,,,2.1818181818181817,101.135,1.67
sub-612,takupi,normal,121,True,True,3.14852437290604,3.267194136234444,2.75,101.135,1.67
sub-612,pipipi,normal,122,True,False,,,2.75,101.135,1.67
sub-612,kukuku,normal,123,True,True,1.7360613556162467,4.210978487010326,2.5,101.135,1.67
sub-612,takupi,normal,124,True,False,,,2.366863905325443,101.135,1.67
sub-612,gugugu,normal,125,True,False,,,3.5,101.135,1.67
sub-612,pipipi,normal,126,True,True,2.6370552237208815,7.296740980036038,3.5,101.135,1.67
sub-612,kutapi,normal,127,True,True,3.1485243729060395,3.840584424424895,2.25,101.135,1.67
sub-612,dadada,normal,128,True,True,3.4058969374487686,3.0388747983415705,2.0,101.135,1.67
sub-612,pipipi,normal,129,True,True,2.258291194297557,6.138841939548785,3.25,101.135,1.67
sub-612,kutapi,normal,130,True,True,1.8642269590510032,3.8263409452755734,2.75,101.135,1.67
sub-612,tatata,normal,131,True,False,,,2.1937842778793417,101.135,1.67
sub-612,gugugu,normal,132,True,False,,,3.25,101.135,1.67
sub-612,takupi,normal,133,True,True,3.2340599638905503,3.8189474969790584,2.75,101.135,1.67
sub-612,pipipi,normal,134,True,True,3.2466601975160985,3.695462036748171,2.5,101.135,1.67
sub-612,dadada,normal,135,True,True,1.056605389724174,4.469864146417436,2.5,101.135,1.67
sub-612,takupi,normal,136,True,True,3.1968393249199436,2.68739175539066,2.5,101.135,1.67
sub-612,pipipi,normal,137,True,False,,,2.366863905325443,101.135,1.67
sub-612,gugugu,normal,138,True,False,,,3.25,101.135,1.67
sub-612,pitaku,normal,139,True,True,3.217411006547485,3.7237667063332793,2.25,101.135,1.67
sub-612,bibibi,normal,140,True,False,,,2.0,101.135,1.67
sub-612,dadada,normal,141,True,True,2.1043167946863597,6.1294449021659325,3.25,101.135,1.67
sub-612,kutapi,normal,142,True,False,,,2.1937842778793417,101.135,1.67
sub-612,gugugu,normal,143,True,False,,,3.25,101.135,1.67
sub-612,tatata,normal,144,True,True,1.8168083954123513,4.698557761624251,3.0,101.135,1.67
sub-612,pitaku,normal,145,True,True,2.8934355926937454,3.298729995225976,2.25,101.135,1.67
sub-612,dadada,normal,146,True,True,2.688095002244512,2.8049848271761775,2.25,101.135,1.67
sub-612,bibibi,normal,147,True,True,2.0763524518998304,3.850970552514447,3.0,101.135,1.67
sub-612,pitaku,normal,148,True,True,3.280745868881097,3.062316182951484,3.25,101.135,1.67
sub-612,dadada,normal,149,True,False,,,2.75,101.135,1.67
sub-612,kukuku,normal,150,True,False,,,3.0,101.135,1.67
sub-612,takupi,normal,151,True,True,3.255115041780462,4.375703371417192,2.25,101.135,1.67
sub-612,dadada,normal,152,True,False,,,3.25,101.135,1.67
sub-612,kukuku,normal,153,True,False,,,2.25,101.135,1.67
sub-612,pitaku,normal,154,True,True,3.280745868881097,3.3325447170548195,2.0,101.135,1.67
sub-612,tatata,normal,155,True,False,,,2.5,101.135,1.67
sub-612,kukuku,normal,156,True,False,,,3.5,101.135,1.67
sub-612,pitaku,normal,157,True,True,3.4529397128278947,4.4195967445451,2.0,101.135,1.67
sub-612,bibibi,normal,158,True,True,3.0265476417522956,3.8558280059780863,2.25,101.135,1.67
sub-612,tatata,normal,159,True,True,2.306206966870291,5.541174627806628,3.25,101.135,1.67
sub-612,kutapi,normal,160,True,False,,,2.3856858846918487,101.135,1.67
sub-612,bibibi,normal,161,True,True,3.0901459587402216,3.431598994196026,2.25,101.135,1.67
sub-612,dadada,normal,162,True,True,1.7158051342627587,6.276652522502573,2.25,101.135,1.67
sub-612,kutapi,normal,163,True,True,3.3601183879312364,2.827048087909489,2.0,101.135,1.67
sub-612,bibibi,normal,164,True,False,,,3.25,101.135,1.67
sub-612,kukuku,normal,165,True,True,2.670863333996624,2.4416385181971325,3.0,101.135,1.67
sub-612,pitaku,normal,166,True,True,3.196838977776009,3.101357934405126,2.5,101.135,1.67
sub-612,tatata,normal,167,True,True,3.276445715099397,3.1251438509279676,3.5,101.135,1.67
sub-612,bibibi,normal,168,True,True,2.323353234777732,4.661099897623437,2.0,101.135,1.67
sub-612,kutapi,normal,169,True,True,3.2466598449621293,3.4763870371219276,2.75,101.135,1.67
sub-612,pipipi,normal,170,True,True,1.3227132701697564,2.8004589462588942,2.0,101.135,1.67
sub-612,dadada,normal,171,True,True,2.9480283969585375,4.575595992081059,3.25,101.135,1.67
sub-612,pitaku,normal,172,True,True,3.184621758752662,2.5762809393629347,3.0,101.135,1.67
sub-612,tatata,normal,173,True,True,3.3691753108097573,4.486428959032221,2.75,101.135,1.67
sub-612,pipipi,normal,174,True,True,2.427114641379456,7.887939743783775,3.0,101.135,1.67
sub-612,takupi,normal,175,True,False,,,3.1558185404339247,101.135,1.67
sub-612,gugugu,normal,176,True,False,,,3.5,101.135,1.67
sub-612,kukuku,normal,177,True,True,1.81680819812561,6.667954463199436,2.75,101.135,1.67
sub-612,takupi,normal,178,True,True,3.272157173587486,2.8833490395903087,2.0,101.135,1.67
sub-612,pipipi,normal,179,True,True,1.7229001244802478,2.8517047336300454,2.0,101.135,1.67
sub-612,tatata,normal,180,True,False,,,2.0771513353115725,101.135,1.67
sub-612,takupi,fast,1,True,True,2.3673563460532674,4.961114835371053,7.0,101.135,1.67
sub-612,kutapi,fast,2,True,True,4.098243117102051,3.2531574299172323,6.75,101.135,1.67
sub-612,tatata,fast,3,True,True,1.4862831756434307,2.3325950326596967,6.0,101.135,1.67
sub-612,kukuku,fast,4,True,True,2.631503475191843,4.435677323279249,8.0,101.135,1.67
sub-612,takupi,fast,5,True,True,4.332631371633017,2.236166076843123,6.75,101.135,1.67
sub-612,kutapi,fast,6,True,True,4.561912958817976,1.408147997039087,6.5,101.135,1.67
sub-612,tatata,fast,7,True,True,2.6538517000342363,4.9830244904609575,2.75,101.135,1.67
sub-612,pipipi,fast,8,True,True,6.234235165666461,1.4750711641540573,6.0,101.135,1.67
sub-612,takupi,fast,9,True,True,4.690297000810976,1.6793318355392994,7.25,101.135,1.67
sub-612,kukuku,fast,10,True,True,1.951544341477167,3.538805161315489,6.75,101.135,1.67
sub-612,pipipi,fast,11,True,True,1.5634323336036589,4.961510344804154,2.5,101.135,1.67
sub-612,kutapi,fast,12,True,True,3.2980584451612804,2.1280920861267205,3.25,101.135,1.67
sub-612,tatata,fast,13,True,True,6.172662472672224,1.1640788435006133,6.25,101.135,1.67
sub-612,kukuku,fast,14,True,True,4.2371666125970355,1.8395740576806645,2.5,101.135,1.67
sub-612,pitaku,fast,15,True,True,3.04127530587865,1.7649084853756278,6.25,101.135,1.67
sub-612,tatata,fast,16,False,False,,,5.2631578947368425,101.135,1.67
sub-612,pipipi,fast,21,True,True,5.707598005043421,1.5500486293243831,5.75,101.135,1.67
sub-612,kutapi,fast,22,True,False,,,5.25,101.135,1.67
sub-612,pitaku,fast,23,True,True,5.387775703036677,1.9450551119083244,5.5,101.135,1.67
sub-612,tatata,fast,24,True,True,3.571325608870026,3.1974158061385793,2.25,101.135,1.67
sub-612,kukuku,fast,41,True,True,5.330337471485555,1.8099680667103453,2.0,101.135,1.67
sub-612,pitaku,fast,42,True,True,2.410731219022878,8.67569919663793,2.5,101.135,1.67
sub-612,takupi,fast,43,True,False,,,5.5,101.135,1.67
sub-612,pipipi,fast,44,True,True,4.835451207208366,2.6012148747479316,2.25,101.135,1.67
sub-612,tatata,fast,45,True,True,2.548346864553236,6.242791661670251,6.25,101.135,1.67
sub-612,kutapi,fast,46,True,True,0.9757721600806886,4.431709506585605,6.25,101.135,1.67
sub-612,takupi,fast,47,True,False,,,4.75,101.135,1.67
sub-612,kukuku,fast,48,True,True,5.341727081467362,2.231257196021911,5.25,101.135,1.67
sub-612,tatata,fast,49,True,True,2.2664807562345644,5.175927001689592,6.5,101.135,1.67
sub-612,pitaku,fast,50,True,True,0.6645210723356524,2.787841608393439,5.25,101.135,1.67
sub-612,takupi,fast,51,True,True,5.165141062245298,2.0536043593716045,5.25,101.135,1.67
sub-612,pipipi,fast,52,True,True,2.50493815042758,6.989600073181165,2.25,101.135,1.67
sub-612,kukuku,fast,53,True,True,1.1091074863028945,1.7875587454867414,4.75,101.135,1.67
sub-612,takupi,fast,54,True,True,5.470302569205088,2.0614337955551836,5.25,101.135,1.67
sub-612,kutapi,fast,55,True,True,4.295409405716022,2.788787211448547,7.0,101.135,1.67
sub-612,tatata,fast,56,True,True,4.74369691485147,2.1822017381156797,5.0,101.135,1.67
sub-612,kukuku,fast,57,True,True,5.040177972029688,1.5394369904133676,5.25,101.135,1.67
sub-612,takupi,fast,58,True,True,2.280956454495187,2.521228231719725,7.0,101.135,1.67
sub-612,kutapi,fast,59,True,True,2.323353414615915,3.062068096395784,2.0,101.135,1.67
sub-612,tatata,fast,60,True,True,5.219056939721764,1.491683736073215,5.75,101.135,1.67
sub-612,pipipi,fast,61,True,True,4.496274189809647,2.738949960531716,2.25,101.135,1.67
sub-612,takupi,fast,62,True,True,2.6370553265128307,4.441986799214739,2.5,101.135,1.67
sub-612,kukuku,fast,63,True,False,,,5.25,101.135,1.67
sub-612,tatata,fast,64,True,True,5.51860584886129,1.3271176431207898,5.5,101.135,1.67
sub-612,pitaku,fast,65,True,True,4.7347129726025825,2.270031580861671,2.25,101.135,1.67
sub-612,kukuku,fast,66,True,True,2.6259752621157184,2.7558806670465934,5.5,101.135,1.67
sub-612,tatata,fast,67,True,True,2.3539815908984596,4.975835140987332,7.0,101.135,1.67
sub-612,pitaku,fast,68,True,False,,,5.5,101.135,1.67
sub-612,kukuku,fast,69,True,True,5.630469480932802,1.5409138381268228,5.5,101.135,1.67
sub-612,pipipi,fast,70,True,True,4.5206662740219965,2.193038294172352,7.0,101.135,1.67
sub-612,takupi,fast,71,True,True,5.494348240734425,1.615562890485812,5.5,101.135,1.67
sub-612,kukuku,fast,72,True,True,5.411100540117237,1.6258501944946886,5.5,101.135,1.67
sub-612,pipipi,fast,73,True,True,2.460559497572996,4.806535507113395,7.0,101.135,1.67
sub-612,kutapi,fast,74,True,True,1.8463282492866793,1.0122330521204468,5.0,101.135,1.67
sub-612,tatata,fast,75,True,True,5.12280419986509,1.611797649858591,5.25,101.135,1.67
sub-612,pipipi,fast,76,True,True,4.646707155267962,1.3561077449552226,2.25,101.135,1.67
sub-612,takupi,fast,77,True,True,2.133044752162256,3.3338996478219816,6.5,101.135,1.67
sub-612,pitaku,fast,78,True,False,,,5.75,101.135,1.67
sub-612,tatata,fast,79,True,True,2.620470072886964,4.257694938469963,7.75,101.135,1.67
sub-612,pipipi,fast,80,True,True,2.593286773375689,1.634165591854007,5.25,101.135,1.67
sub-612,kutapi,fast,81,True,True,2.129410773786645,3.120328222927199,6.0,101.135,1.67
sub-612,pitaku,fast,82,True,True,2.783884463725524,3.117336945928177,5.5,101.135,1.67
sub-612,kukuku,fast,83,True,True,2.417725578748086,3.7678377581367553,7.25,101.135,1.67
sub-612,pipipi,fast,84,True,True,4.237166522755121,2.799374850814303,6.0,101.135,1.67
sub-612,kutapi,fast,85,True,True,4.464157586474144,2.7845612426945614,2.5,101.135,1.67
sub-612,tatata,fast,86,True,True,4.432496894371492,2.0582454360365183,7.5,101.135,1.67
sub-612,pitaku,fast,87,True,True,0.6684300129480003,6.320629290107879,6.75,101.135,1.67
sub-612,kukuku,fast,88,True,True,1.5206376206967889,1.539253394676393,5.0,101.135,1.67
sub-612,pipipi,fast,89,True,True,5.060583498837087,1.3312811140474068,5.25,101.135,1.67
sub-612,kutapi,fast,90,True,True,4.310221117975036,2.285893411236298,2.5,101.135,1.67
sub-612,tatata,fast,91,True,True,2.2809564310451833,4.341088245030431,6.75,101.135,1.67
sub-612,pipipi,fast,92,True,False,,,5.5,101.135,1.67
sub-612,takupi,fast,93,True,True,2.3696002354744277,7.713313001928153,7.25,101.135,1.67
sub-612,kukuku,fast,94,True,True,4.940569660920004,2.891883386769104,7.25,101.135,1.67
sub-612,pipipi,fast,95,True,True,5.434626627012003,1.564761249365457,5.25,101.135,1.67
sub-612,kutapi,fast,96,True,True,2.427114804296622,5.969392870496069,5.0,101.135,1.67
sub-612,pitaku,fast,97,True,True,2.3451484506806013,5.445122471530169,7.25,101.135,1.67
sub-612,kukuku,fast,98,True,True,4.989876743364314,2.2403446287294884,5.5,101.135,1.67
sub-612,takupi,fast,99,True,True,4.2515786537849,3.591713650980481,2.0,101.135,1.67
sub-612,pipipi,fast,100,True,True,2.232078793237072,8.04420700884437,7.0,101.135,1.67
sub-612,tatata,fast,101,True,True,2.327679698522734,6.219368200238746,2.5,101.135,1.67
sub-612,pitaku,fast,102,True,True,4.911449894328913,4.293165785866316,6.75,101.135,1.67
sub-612,takupi,fast,103,True,True,4.448270455895758,3.569332549139858,4.75,101.135,1.67
sub-612,pipipi,fast,104,True,True,2.0972550303803823,4.9769872588915725,6.5,101.135,1.67
sub-612,kutapi,fast,105,True,True,3.968139676529232,4.173178858479678,6.5,101.135,1.67
sub-612,pitaku,fast,106,True,True,4.770854954605756,3.0131570420149565,5.0,101.135,1.67
sub-612,kukuku,fast,107,True,True,2.2380734075321542,7.001290150739148,6.5,101.135,1.67
sub-612,pipipi,fast,108,True,True,4.166546660355694,4.1146193971613165,6.5,101.135,1.67
sub-612,kutapi,fast,109,True,True,5.101893869823298,1.833524080884407,5.25,101.135,1.67
sub-612,pitaku,fast,110,True,True,4.999855992426833,2.6459784056887408,5.25,101.135,1.67
sub-612,kukuku,fast,111,True,True,2.4037769194359773,5.742912384973504,7.5,101.135,1.67
sub-612,takupi,fast,112,True,False,,,5.25,101.135,1.67
sub-612,kutapi,fast,113,True,True,2.2280998183720286,6.819228893785757,7.0,101.135,1.67
sub-612,pipipi,fast,114,True,True,2.2360715529636996,6.091774336552682,6.75,101.135,1.67
sub-612,takupi,fast,115,True,True,1.2524689359786652,2.0052680957909956,5.25,101.135,1.67
sub-612,pitaku,fast,116,True,True,2.248136687242281,6.171503163767566,6.75,101.135,1.67
sub-612,tatata,fast,117,True,True,2.276801453746281,3.980692652426867,7.25,101.135,1.67
sub-612,kutapi,fast,118,True,True,4.664044769054881,3.3816451258965614,4.75,101.135,1.67
sub-612,takupi,fast,119,True,True,4.280698623653111,4.296708979488695,6.75,101.135,1.67
sub-612,kukuku,fast,120,True,True,2.22215821885637,3.45390946457687,6.75,101.135,1.67
sub-613,pipipi,normal,1,True,False,,,,110.43,1.82
sub-613,kukuku,normal,2,True,False,,,,110.43,1.82
sub-613,pitaku,normal,3,True,False,,,,110.43,1.82
sub-613,kutapi,normal,4,True,False,,,,110.43,1.82
sub-613,tatata,normal,5,True,False,,,,110.43,1.82
sub-613,gugugu,normal,6,True,False,,,,110.43,1.82
sub-613,pitaku,normal,7,True,False,,,,110.43,1.82
sub-613,bibibi,normal,8,True,False,,,,110.43,1.82
sub-613,tatata,normal,9,True,False,,,,110.43,1.82
sub-613,kutapi,normal,10,True,False,,,,110.43,1.82
sub-613,bibibi,normal,11,True,False,,,,110.43,1.82
sub-613,pipipi,normal,12,True,False,,,,110.43,1.82
sub-613,kutapi,normal,13,True,False,,,,110.43,1.82
sub-613,bibibi,normal,14,True,False,,,,110.43,1.82
sub-613,tatata,normal,15,True,False,,,,110.43,1.82
sub-613,kutapi,normal,16,True,False,,,,110.43,1.82
sub-613,pipipi,normal,17,True,False,,,,110.43,1.82
sub-613,dadada,normal,18,True,False,,,,110.43,1.82
sub-613,pitaku,normal,19,True,False,,,,110.43,1.82
sub-613,bibibi,normal,20,True,False,,,,110.43,1.82
sub-613,dadada,normal,21,True,False,,,,110.43,1.82
sub-613,takupi,normal,22,True,False,,,,110.43,1.82
sub-613,kukuku,normal,23,True,False,,,,110.43,1.82
sub-613,dadada,normal,24,True,False,,,,110.43,1.82
sub-613,takupi,normal,25,True,False,,,,110.43,1.82
sub-613,kukuku,normal,26,True,False,,,,110.43,1.82
sub-613,dadada,normal,27,True,False,,,,110.43,1.82
sub-613,takupi,normal,28,True,False,,,,110.43,1.82
sub-613,pipipi,normal,29,True,False,,,,110.43,1.82
sub-613,tatata,normal,30,True,False,,,,110.43,1.82
sub-613,kutapi,normal,31,True,False,,,,110.43,1.82
sub-613,dadada,normal,32,True,False,,,,110.43,1.82
sub-613,kukuku,normal,33,True,False,,,,110.43,1.82
sub-613,takupi,normal,34,True,False,,,,110.43,1.82
sub-613,dadada,normal,35,True,False,,,,110.43,1.82
sub-613,kukuku,normal,36,True,False,,,,110.43,1.82
sub-613,pitaku,normal,37,True,False,,,,110.43,1.82
sub-613,dadada,normal,38,True,False,,,,110.43,1.82
sub-613,gugugu,normal,39,True,False,,,,110.43,1.82
sub-613,kutapi,normal,40,True,False,,,,110.43,1.82
sub-613,dadada,normal,41,True,False,,,,110.43,1.82
sub-613,kukuku,normal,42,True,False,,,,110.43,1.82
sub-613,pitaku,normal,43,True,False,,,,110.43,1.82
sub-613,bibibi,normal,44,True,False,,,,110.43,1.82
sub-613,pipipi,normal,45,True,False,,,,110.43,1.82
sub-613,takupi,normal,46,True,False,,,,110.43,1.82
sub-613,gugugu,normal,47,True,False,,,,110.43,1.82
sub-613,dadada,normal,48,True,False,,,,110.43,1.82
sub-613,kutapi,normal,49,True,False,,,,110.43,1.82
sub-613,gugugu,normal,50,True,False,,,,110.43,1.82
sub-613,tatata,normal,51,True,False,,,,110.43,1.82
sub-613,kutapi,normal,52,True,False,,,,110.43,1.82
sub-613,gugugu,normal,53,True,False,,,,110.43,1.82
sub-613,dadada,normal,54,True,False,,,,110.43,1.82
sub-613,pitaku,normal,55,True,False,,,,110.43,1.82
sub-613,bibibi,normal,56,True,False,,,,110.43,1.82
sub-613,gugugu,normal,57,True,False,,,,110.43,1.82
sub-613,kutapi,normal,58,True,False,,,,110.43,1.82
sub-613,bibibi,normal,59,True,False,,,,110.43,1.82
sub-613,gugugu,normal,60,True,False,,,,110.43,1.82
sub-613,takupi,normal,61,True,False,,,,110.43,1.82
sub-613,bibibi,normal,62,True,False,,,,110.43,1.82
sub-613,pipipi,normal,63,True,False,,,,110.43,1.82
sub-613,kutapi,normal,64,True,False,,,,110.43,1.82
sub-613,gugugu,normal,65,True,False,,,,110.43,1.82
sub-613,kukuku,normal,66,True,False,,,,110.43,1.82
sub-613,takupi,normal,67,True,False,,,,110.43,1.82
sub-613,pipipi,normal,68,True,False,,,,110.43,1.82
sub-613,tatata,normal,69,True,False,,,,110.43,1.82
sub-613,kutapi,normal,70,True,False,,,,110.43,1.82
sub-613,bibibi,normal,71,True,False,,,,110.43,1.82
sub-613,pipipi,normal,72,True,False,,,,110.43,1.82
sub-613,takupi,normal,73,True,False,,,,110.43,1.82
sub-613,gugugu,normal,74,True,False,,,,110.43,1.82
sub-613,pipipi,normal,75,True,False,,,,110.43,1.82
sub-613,takupi,normal,76,True,False,,,,110.43,1.82
sub-613,dadada,normal,77,True,False,,,,110.43,1.82
sub-613,bibibi,normal,78,True,False,,,,110.43,1.82
sub-613,pitaku,normal,79,True,False,,,,110.43,1.82
sub-613,tatata,normal,80,True,False,,,,110.43,1.82
sub-613,pipipi,normal,81,True,False,,,,110.43,1.82
sub-613,kutapi,normal,82,True,False,,,,110.43,1.82
sub-613,tatata,normal,83,True,False,,,,110.43,1.82
sub-613,kukuku,normal,84,True,False,,,,110.43,1.82
sub-613,pitaku,normal,85,True,False,,,,110.43,1.82
sub-613,gugugu,normal,86,True,False,,,,110.43,1.82
sub-613,kukuku,normal,87,True,False,,,,110.43,1.82
sub-613,pitaku,normal,88,True,False,,,,110.43,1.82
sub-613,tatata,normal,89,True,False,,,,110.43,1.82
sub-613,gugugu,normal,90,True,False,,,,110.43,1.82
sub-613,kutapi,normal,91,True,False,,,,110.43,1.82
sub-613,pipipi,normal,92,True,False,,,,110.43,1.82
sub-613,bibibi,normal,93,True,False,,,,110.43,1.82
sub-613,pitaku,normal,94,True,False,,,,110.43,1.82
sub-613,dadada,normal,95,True,False,,,,110.43,1.82
sub-613,tatata,normal,96,True,False,,,,110.43,1.82
sub-613,pitaku,normal,97,True,False,,,,110.43,1.82
sub-613,kukuku,normal,98,True,False,,,,110.43,1.82
sub-613,tatata,normal,99,True,False,,,,110.43,1.82
sub-613,pitaku,normal,100,True,False,,,,110.43,1.82
sub-613,bibibi,normal,101,True,False,,,,110.43,1.82
sub-613,kukuku,normal,102,True,False,,,,110.43,1.82
sub-613,takupi,normal,103,True,False,,,,110.43,1.82
sub-613,pipipi,normal,104,True,False,,,,110.43,1.82
sub-613,kukuku,normal,105,True,False,,,,110.43,1.82
sub-613,takupi,normal,106,True,False,,,,110.43,1.82
sub-613,gugugu,normal,107,True,False,,,,110.43,1.82
sub-613,kukuku,normal,108,True,False,,,,110.43,1.82
sub-613,takupi,normal,109,True,False,,,,110.43,1.82
sub-613,gugugu,normal,110,True,False,,,,110.43,1.82
sub-613,kukuku,normal,111,True,False,,,,110.43,1.82
sub-613,pitaku,normal,112,True,False,,,,110.43,1.82
sub-613,tatata,normal,113,True,False,,,,110.43,1.82
sub-613,gugugu,normal,114,True,False,,,,110.43,1.82
sub-613,takupi,normal,115,True,False,,,,110.43,1.82
sub-613,bibibi,normal,116,True,False,,,,110.43,1.82
sub-613,tatata,normal,117,True,False,,,,110.43,1.82
sub-613,kutapi,normal,118,True,False,,,,110.43,1.82
sub-613,gugugu,normal,119,True,False,,,,110.43,1.82
sub-613,bibibi,normal,120,True,False,,,,110.43,1.82
sub-613,takupi,normal,121,True,False,,,,110.43,1.82
sub-613,pipipi,normal,122,True,False,,,,110.43,1.82
sub-613,kukuku,normal,123,True,False,,,,110.43,1.82
sub-613,takupi,normal,124,True,False,,,,110.43,1.82
sub-613,gugugu,normal,125,True,False,,,,110.43,1.82
sub-613,pipipi,normal,126,True,False,,,,110.43,1.82
sub-613,kutapi,normal,127,True,False,,,,110.43,1.82
sub-613,dadada,normal,128,True,False,,,,110.43,1.82
sub-613,pipipi,normal,129,True,False,,,,110.43,1.82
sub-613,kutapi,normal,130,True,False,,,,110.43,1.82
sub-613,tatata,normal,131,True,False,,,,110.43,1.82
sub-613,gugugu,normal,132,True,False,,,,110.43,1.82
sub-613,takupi,normal,133,True,False,,,,110.43,1.82
sub-613,pipipi,normal,134,True,False,,,,110.43,1.82
sub-613,dadada,normal,135,True,False,,,,110.43,1.82
sub-613,takupi,normal,136,True,False,,,,110.43,1.82
sub-613,pipipi,normal,137,True,False,,,,110.43,1.82
sub-613,gugugu,normal,138,True,False,,,,110.43,1.82
sub-613,pitaku,normal,139,True,False,,,,110.43,1.82
sub-613,bibibi,normal,140,True,False,,,,110.43,1.82
sub-613,dadada,normal,141,True,False,,,,110.43,1.82
sub-613,kutapi,normal,142,True,False,,,,110.43,1.82
sub-613,gugugu,normal,143,True,False,,,,110.43,1.82
sub-613,tatata,normal,144,True,False,,,,110.43,1.82
sub-613,pitaku,normal,145,True,False,,,,110.43,1.82
sub-613,dadada,normal,146,True,False,,,,110.43,1.82
sub-613,bibibi,normal,147,True,False,,,,110.43,1.82
sub-613,pitaku,normal,148,True,False,,,,110.43,1.82
sub-613,dadada,normal,149,True,False,,,,110.43,1.82
sub-613,kukuku,normal,150,True,False,,,,110.43,1.82
sub-613,takupi,normal,151,True,False,,,,110.43,1.82
sub-613,dadada,normal,152,True,False,,,,110.43,1.82
sub-613,kukuku,normal,153,True,False,,,,110.43,1.82
sub-613,pitaku,normal,154,True,False,,,,110.43,1.82
sub-613,tatata,normal,155,True,False,,,,110.43,1.82
sub-613,kukuku,normal,156,True,False,,,,110.43,1.82
sub-613,pitaku,normal,157,True,False,,,,110.43,1.82
sub-613,bibibi,normal,158,True,False,,,,110.43,1.82
sub-613,tatata,normal,159,True,False,,,,110.43,1.82
sub-613,kutapi,normal,160,True,False,,,,110.43,1.82
sub-613,bibibi,normal,161,True,False,,,,110.43,1.82
sub-613,dadada,normal,162,True,False,,,,110.43,1.82
sub-613,kutapi,normal,163,True,False,,,,110.43,1.82
sub-613,bibibi,normal,164,True,False,,,,110.43,1.82
sub-613,kukuku,normal,165,True,False,,,,110.43,1.82
sub-613,pitaku,normal,166,True,False,,,,110.43,1.82
sub-613,tatata,normal,167,True,False,,,,110.43,1.82
sub-613,bibibi,normal,168,True,False,,,,110.43,1.82
sub-613,kutapi,normal,169,True,False,,,,110.43,1.82
sub-613,pipipi,normal,170,True,False,,,,110.43,1.82
sub-613,dadada,normal,171,True,False,,,,110.43,1.82
sub-613,pitaku,normal,172,True,False,,,,110.43,1.82
sub-613,tatata,normal,173,True,False,,,,110.43,1.82
sub-613,pipipi,normal,174,True,False,,,,110.43,1.82
sub-613,takupi,normal,175,True,False,,,,110.43,1.82
sub-613,gugugu,normal,176,True,False,,,,110.43,1.82
sub-613,kukuku,normal,177,True,False,,,,110.43,1.82
sub-613,takupi,normal,178,True,False,,,,110.43,1.82
sub-613,pipipi,normal,179,True,False,,,,110.43,1.82
sub-613,tatata,normal,180,True,False,,,,110.43,1.82
sub-613,takupi,fast,1,True,False,,,6.25,110.43,1.82
sub-613,kutapi,fast,2,True,False,,,,110.43,1.82
sub-613,tatata,fast,3,True,False,,,,110.43,1.82
sub-613,kukuku,fast,4,True,False,,,,110.43,1.82
sub-613,takupi,fast,5,True,False,,,,110.43,1.82
sub-613,kutapi,fast,6,True,False,,,,110.43,1.82
sub-613,tatata,fast,7,True,False,,,,110.43,1.82
sub-613,pipipi,fast,8,True,False,,,,110.43,1.82
sub-613,takupi,fast,9,True,False,,,,110.43,1.82
sub-613,kukuku,fast,10,True,False,,,,110.43,1.82
sub-613,pipipi,fast,11,True,False,,,,110.43,1.82
sub-613,kutapi,fast,12,True,False,,,,110.43,1.82
sub-613,tatata,fast,13,True,False,,,,110.43,1.82
sub-613,kukuku,fast,14,True,False,,,,110.43,1.82
sub-613,pitaku,fast,15,True,False,,,,110.43,1.82
sub-613,tatata,fast,16,True,False,,,,110.43,1.82
sub-613,pipipi,fast,17,True,False,,,,110.43,1.82
sub-613,kutapi,fast,18,True,False,,,,110.43,1.82
sub-613,pitaku,fast,19,True,False,,,,110.43,1.82
sub-613,tatata,fast,20,True,False,,,,110.43,1.82
sub-613,kukuku,fast,21,True,False,,,,110.43,1.82
sub-613,pitaku,fast,22,True,False,,,,110.43,1.82
sub-613,takupi,fast,23,True,False,,,,110.43,1.82
sub-613,pipipi,fast,24,True,False,,,,110.43,1.82
sub-613,tatata,fast,25,True,False,,,,110.43,1.82
sub-613,kutapi,fast,26,True,False,,,,110.43,1.82
sub-613,takupi,fast,27,True,False,,,,110.43,1.82
sub-613,kukuku,fast,28,True,False,,,,110.43,1.82
sub-613,tatata,fast,29,True,False,,,,110.43,1.82
sub-613,pitaku,fast,30,True,False,,,,110.43,1.82
sub-613,takupi,fast,31,True,False,,,,110.43,1.82
sub-613,pipipi,fast,32,True,False,,,,110.43,1.82
sub-613,kukuku,fast,33,True,False,,,,110.43,1.82
sub-613,takupi,fast,34,True,False,,,,110.43,1.82
sub-613,kutapi,fast,35,True,False,,,,110.43,1.82
sub-613,tatata,fast,36,True,False,,,,110.43,1.82
sub-613,kukuku,fast,37,True,False,,,,110.43,1.82
sub-613,takupi,fast,38,True,False,,,,110.43,1.82
sub-613,kutapi,fast,39,True,False,,,,110.43,1.82
sub-613,tatata,fast,40,True,False,,,,110.43,1.82
sub-613,pipipi,fast,41,True,False,,,,110.43,1.82
sub-613,takupi,fast,42,True,False,,,,110.43,1.82
sub-613,kukuku,fast,43,True,False,,,,110.43,1.82
sub-613,tatata,fast,44,True,False,,,,110.43,1.82
sub-613,pitaku,fast,45,True,False,,,,110.43,1.82
sub-613,kukuku,fast,46,True,False,,,,110.43,1.82
sub-613,tatata,fast,47,True,False,,,,110.43,1.82
sub-613,pitaku,fast,48,True,False,,,,110.43,1.82
sub-613,kukuku,fast,49,True,False,,,,110.43,1.82
sub-613,pipipi,fast,50,True,False,,,,110.43,1.82
sub-613,takupi,fast,51,True,False,,,,110.43,1.82
sub-613,kukuku,fast,52,True,False,,,,110.43,1.82
sub-613,pipipi,fast,53,True,False,,,,110.43,1.82
sub-613,kutapi,fast,54,True,False,,,,110.43,1.82
sub-613,tatata,fast,55,True,False,,,,110.43,1.82
sub-613,pipipi,fast,56,True,False,,,,110.43,1.82
sub-613,takupi,fast,57,True,False,,,,110.43,1.82
sub-613,pitaku,fast,58,True,False,,,,110.43,1.82
sub-613,tatata,fast,59,True,False,,,,110.43,1.82
sub-613,pipipi,fast,60,True,False,,,,110.43,1.82
sub-613,kutapi,fast,61,True,False,,,,110.43,1.82
sub-613,pitaku,fast,62,True,False,,,,110.43,1.82
sub-613,kukuku,fast,63,True,False,,,,110.43,1.82
sub-613,pipipi,fast,64,True,False,,,,110.43,1.82
sub-613,kutapi,fast,65,True,False,,,,110.43,1.82
sub-613,tatata,fast,66,True,False,,,,110.43,1.82
sub-613,pitaku,fast,67,True,False,,,,110.43,1.82
sub-613,kukuku,fast,68,True,False,,,,110.43,1.82
sub-613,pipipi,fast,69,True,False,,,,110.43,1.82
sub-613,kutapi,fast,70,True,False,,,,110.43,1.82
sub-613,tatata,fast,71,True,False,,,,110.43,1.82
sub-613,pipipi,fast,72,True,False,,,,110.43,1.82
sub-613,takupi,fast,73,True,False,,,,110.43,1.82
sub-613,kukuku,fast,74,True,False,,,,110.43,1.82
sub-613,pipipi,fast,75,True,False,,,,110.43,1.82
sub-613,kutapi,fast,76,True,False,,,,110.43,1.82
sub-613,pitaku,fast,77,True,False,,,,110.43,1.82
sub-613,kukuku,fast,78,True,False,,,,110.43,1.82
sub-613,takupi,fast,79,True,False,,,,110.43,1.82
sub-613,pipipi,fast,80,True,False,,,,110.43,1.82
sub-613,tatata,fast,81,True,False,,,7.547169811320754,110.43,1.82
sub-613,pitaku,fast,82,True,False,,,,110.43,1.82
sub-613,takupi,fast,83,True,False,,,,110.43,1.82
sub-613,pipipi,fast,84,True,False,,,,110.43,1.82
sub-613,kutapi,fast,85,True,False,,,,110.43,1.82
sub-613,pitaku,fast,86,True,False,,,,110.43,1.82
sub-613,kukuku,fast,87,True,False,,,,110.43,1.82
sub-613,pipipi,fast,88,True,False,,,,110.43,1.82
sub-613,kutapi,fast,89,True,False,,,,110.43,1.82
sub-613,pitaku,fast,90,True,False,,,,110.43,1.82
sub-613,kukuku,fast,91,True,False,,,,110.43,1.82
sub-613,takupi,fast,92,True,False,,,,110.43,1.82
sub-613,kutapi,fast,93,True,False,,,,110.43,1.82
sub-613,pipipi,fast,94,True,False,,,,110.43,1.82
sub-613,takupi,fast,95,True,False,,,,110.43,1.82
sub-613,pitaku,fast,96,True,False,,,,110.43,1.82
sub-613,tatata,fast,97,True,False,,,,110.43,1.82
sub-613,kutapi,fast,98,True,False,,,,110.43,1.82
sub-613,takupi,fast,99,True,False,,,,110.43,1.82
sub-613,kukuku,fast,100,True,False,,,,110.43,1.82
sub-613,pitaku,fast,101,True,False,,,,110.43,1.82
sub-613,kutapi,fast,102,True,False,,,,110.43,1.82
sub-613,tatata,fast,103,True,False,,,,110.43,1.82
sub-613,pitaku,fast,104,True,False,,,,110.43,1.82
sub-613,kutapi,fast,105,True,False,,,,110.43,1.82
sub-613,pipipi,fast,106,True,False,,,,110.43,1.82
sub-613,takupi,fast,107,True,False,,,,110.43,1.82
sub-613,kutapi,fast,108,True,False,,,,110.43,1.82
sub-613,pipipi,fast,109,True,False,,,,110.43,1.82
sub-613,tatata,fast,110,True,False,,,,110.43,1.82
sub-613,pitaku,fast,111,True,False,,,,110.43,1.82
sub-613,kukuku,fast,112,True,False,,,,110.43,1.82
sub-613,takupi,fast,113,True,False,,,,110.43,1.82
sub-613,pitaku,fast,114,True,False,,,,110.43,1.82
sub-613,kukuku,fast,115,True,False,,,,110.43,1.82
sub-613,takupi,fast,116,True,False,,,,110.43,1.82
sub-613,pitaku,fast,117,True,False,,,,110.43,1.82
sub-613,tatata,fast,118,True,False,,,,110.43,1.82
sub-613,kutapi,fast,119,True,False,,,,110.43,1.82
sub-613,pitaku,fast,120,True,False,,,,110.43,1.82
sub-647,bibibi,normal,1,True,False,,,2.0,106.995,1.6
sub-647,kutapi,normal,2,True,True,3.82251906356411,1.469675020647223,2.0,106.995,1.6
sub-647,pipipi,normal,3,True,False,,,2.25,106.995,1.6
sub-647,tatata,normal,4,True,True,2.114997857505015,2.216644200169572,2.0,106.995,1.6
sub-647,kutapi,normal,5,True,True,2.194844133073685,0.9157231343619134,2.25,106.995,1.6
sub-647,pipipi,normal,6,True,False,,,2.0,106.995,1.6
sub-647,kukuku,normal,7,True,False,,,2.5,106.995,1.6
sub-647,takupi,normal,8,True,True,0.9697158524324776,0.9581362963082896,2.75,106.995,1.6
sub-647,bibibi,normal,9,True,False,,,2.25,106.995,1.6
sub-647,pipipi,normal,10,True,False,,,2.0,106.995,1.6
sub-647,takupi,normal,11,True,False,,,2.75,106.995,1.6
sub-647,bibibi,normal,12,True,True,2.0558614042524077,3.302367204671885,2.25,106.995,1.6
sub-647,dadada,normal,13,True,True,1.4722776605246923,1.8290124449165983,2.5,106.995,1.6
sub-647,pitaku,normal,14,True,False,,,2.25,106.995,1.6
sub-647,bibibi,normal,15,True,False,,,2.5,106.995,1.6
sub-647,dadada,normal,16,True,True,1.493385583973075,1.1772939513343577,2.0,106.995,1.6
sub-647,pitaku,normal,17,True,False,,,2.25,106.995,1.6
sub-647,bibibi,normal,18,True,False,,,2.0,106.995,1.6
sub-647,takupi,normal,19,True,True,2.0832728896424397,1.0215634711767771,2.25,106.995,1.6
sub-647,pipipi,normal,20,False,False,,,2.538071065989848,106.995,1.6
sub-647,bibibi,normal,21,True,False,,,2.5,106.995,1.6
sub-647,pitaku,normal,22,True,False,,,2.25,106.995,1.6
sub-647,tatata,normal,23,True,False,,,2.366863905325443,106.995,1.6
sub-647,gugugu,normal,24,True,False,,,2.0,106.995,1.6
sub-647,takupi,normal,25,True,False,,,2.25,106.995,1.6
sub-647,kukuku,normal,26,True,False,,,2.366863905325443,106.995,1.6
sub-647,gugugu,normal,27,True,False,,,2.0,106.995,1.6
sub-647,takupi,normal,28,True,True,2.1948438777048387,3.555948696669777,2.25,106.995,1.6
sub-647,dadada,normal,29,True,True,1.7667329870712445,2.7595268671846194,2.5,106.995,1.6
sub-647,tatata,normal,30,True,True,1.6800585864958408,1.761021205271466,2.0,106.995,1.6
sub-647,kutapi,normal,31,True,True,1.5105300161364414,0.9021228478252414,2.5,106.995,1.6
sub-647,pipipi,normal,32,True,False,,,2.0,106.995,1.6
sub-647,bibibi,normal,33,True,False,,,2.0,106.995,1.6
sub-647,pitaku,normal,34,True,True,1.854545383312916,2.312474123567064,2.0,106.995,1.6
sub-647,tatata,normal,35,True,True,2.059248086248609,1.2606944873174069,2.0,106.995,1.6
sub-647,bibibi,normal,36,True,False,,,3.25,106.995,1.6
sub-647,pitaku,normal,37,True,True,1.1893088376335923,3.046394980148479,2.0,106.995,1.6
sub-647,dadada,normal,38,True,False,,,2.0,106.995,1.6
sub-647,pipipi,normal,39,True,False,,,2.25,106.995,1.6
sub-647,takupi,normal,40,True,False,,,2.218700475435816,106.995,1.6
sub-647,bibibi,normal,41,True,False,,,2.0,106.995,1.6
sub-647,tatata,normal,42,True,True,1.413986043659596,1.4751350552039248,2.25,106.995,1.6
sub-647,kutapi,normal,43,True,True,1.937928159062144,3.5385976022146064,2.0,106.995,1.6
sub-647,dadada,normal,44,True,False,,,2.0,106.995,1.6
sub-647,pipipi,normal,45,True,False,,,2.5,106.995,1.6
sub-647,kutapi,normal,46,True,False,,,2.366863905325443,106.995,1.6
sub-647,gugugu,normal,47,True,True,1.237587784747607,0.7801465594087009,2.0,106.995,1.6
sub-647,kukuku,normal,48,True,True,1.7692337757892187,0.9983929660032508,2.25,106.995,1.6
sub-647,takupi,normal,49,True,False,,,2.7613412228796843,106.995,1.6
sub-647,gugugu,normal,50,True,False,,,2.0,106.995,1.6
sub-647,kukuku,normal,51,True,False,,,2.0,106.995,1.6
sub-647,takupi,normal,52,True,False,,,2.366863905325443,106.995,1.6
sub-647,gugugu,normal,53,True,False,,,2.0,106.995,1.6
sub-647,kukuku,normal,54,True,True,0.8966740764670609,1.3127197881537906,3.25,106.995,1.6
sub-647,takupi,normal,55,True,False,,,2.25,106.995,1.6
sub-647,dadada,normal,56,True,False,,,2.0,106.995,1.6
sub-647,kukuku,normal,57,True,False,,,2.25,106.995,1.6
sub-647,takupi,normal,58,True,False,,,2.5594149908592323,106.995,1.6
sub-647,gugugu,normal,59,True,True,2.012823933325415,0.5297505619364404,2.0,106.995,1.6
sub-647,bibibi,normal,60,True,False,,,2.1978021978021975,106.995,1.6
sub-647,takupi,normal,61,True,True,1.0784844936511524,0.9011266430022804,2.5,106.995,1.6
sub-647,pipipi,normal,62,True,False,,,2.366863905325443,106.995,1.6
sub-647,gugugu,normal,63,True,True,1.6382221862931663,0.4979778655112756,2.0,106.995,1.6
sub-647,kutapi,normal,64,True,False,,,2.0,106.995,1.6
sub-647,pipipi,normal,65,True,False,,,2.0,106.995,1.6
sub-647,bibibi,normal,66,True,True,1.266427080184079,3.241125273863833,2.75,106.995,1.6
sub-647,pitaku,normal,67,True,False,,,4.021937842778794,106.995,1.6
sub-647,gugugu,normal,68,True,False,,,2.0,106.995,1.6
sub-647,tatata,normal,69,True,True,1.276775820369444,0.6188640277822994,2.0,106.995,1.6
sub-647,kutapi,normal,70,True,False,,,2.0,106.995,1.6
sub-647,pipipi,normal,71,True,True,1.8063056765053265,4.074668695519099,2.0,106.995,1.6
sub-647,tatata,normal,72,True,True,0.9469420667740044,1.342901435800373,2.25,106.995,1.6
sub-647,kutapi,normal,73,True,True,1.811541345132878,3.1925381535204007,2.0,106.995,1.6
sub-647,dadada,normal,74,True,False,,,2.1937842778793417,106.995,1.6
sub-647,gugugu,normal,75,True,False,,,2.0,106.995,1.6
sub-647,takupi,normal,76,True,True,2.006362003437698,2.268395876302515,2.0,106.995,1.6
sub-647,dadada,normal,77,True,True,1.876822114326856,0.6826522063026683,2.0,106.995,1.6
sub-647,pipipi,normal,78,True,True,1.1291450118714417,1.22305117068729,2.0,106.995,1.6
sub-647,kutapi,normal,79,True,True,1.990387783665105,0.5729907538344339,2.0,106.995,1.6
sub-647,dadada,normal,80,False,False,,,2.1164021164021163,106.995,1.6
sub-647,pipipi,normal,81,True,True,1.8381819034175255,0.7593991852706523,2.5,106.995,1.6
sub-647,kutapi,normal,82,True,True,1.545072551698291,1.9967001353866145,2.25,106.995,1.6
sub-647,dadada,normal,83,True,False,,,2.0,106.995,1.6
sub-647,tatata,normal,84,True,True,1.716983096598788,0.4100848513847914,2.0,106.995,1.6
sub-647,pitaku,normal,85,True,True,1.41719239719265,2.9807120321894027,2.0,106.995,1.6
sub-647,dadada,normal,86,True,False,,,2.25,106.995,1.6
sub-647,kukuku,normal,87,True,True,1.1180355047620014,0.8883747464547938,2.0,106.995,1.6
sub-647,takupi,normal,88,True,False,,,2.1937842778793417,106.995,1.6
sub-647,gugugu,normal,89,True,False,,,2.0,106.995,1.6
sub-647,dadada,normal,90,True,True,1.167099621217477,0.4776452862591629,2.0,106.995,1.6
sub-647,takupi,normal,91,True,False,,,2.5,106.995,1.6
sub-647,bibibi,normal,92,True,False,,,2.0,106.995,1.6
sub-647,dadada,normal,93,True,True,1.650117088216393,3.2603774501862377,2.5,106.995,1.6
sub-647,pitaku,normal,94,True,True,2.156969274070608,3.7075087217892895,2.0,106.995,1.6
sub-647,tatata,normal,95,True,False,,,2.5594149908592323,106.995,1.6
sub-647,gugugu,normal,96,True,True,1.420413289004452,0.540755576881029,2.0,106.995,1.6
sub-647,kutapi,normal,97,True,True,1.7494243447500597,1.9203981278165536,2.0,106.995,1.6
sub-647,dadada,normal,98,True,False,,,2.1937842778793417,106.995,1.6
sub-647,gugugu,normal,99,True,True,0.966715927551367,0.6056212725601249,3.0,106.995,1.6
sub-647,kutapi,normal,100,False,False,,,2.3622047244094486,106.995,1.6
sub-647,tatata,normal,101,True,False,,,2.0,106.995,1.6
sub-647,bibibi,normal,102,True,False,,,2.5,106.995,1.6
sub-647,kutapi,normal,103,True,False,,,2.0,106.995,1.6
sub-647,tatata,normal,104,True,False,,,2.0,106.995,1.6
sub-647,dadada,normal,105,True,True,1.5374706366141748,1.9591050261909049,2.5,106.995,1.6
sub-647,pitaku,normal,106,True,True,0.8836787752331738,1.0164279478799312,2.0,106.995,1.6
sub-647,bibibi,normal,107,True,False,,,2.0,106.995,1.6
sub-647,kukuku,normal,108,True,False,,,2.0,106.995,1.6
sub-647,pitaku,normal,109,True,False,,,2.0,106.995,1.6
sub-647,dadada,normal,110,True,True,1.24127470463488,1.519749376272534,2.0,106.995,1.6
sub-647,pipipi,normal,111,True,False,,,2.75,106.995,1.6
sub-647,kutapi,normal,112,True,False,,,2.0,106.995,1.6
sub-647,tatata,normal,113,True,False,,,2.0,106.995,1.6
sub-647,kukuku,normal,114,True,False,,,2.0,106.995,1.6
sub-647,pitaku,normal,115,True,False,,,2.0,106.995,1.6
sub-647,dadada,normal,116,True,False,,,2.75,106.995,1.6
sub-647,kukuku,normal,117,True,True,1.2418913338969937,1.135463463595006,2.0,106.995,1.6
sub-647,pitaku,normal,118,True,False,,,2.1937842778793417,106.995,1.6
sub-647,gugugu,normal,119,True,False,,,3.25,106.995,1.6
sub-647,pipipi,normal,120,True,False,,,2.3076923076923075,106.995,1.6
sub-647,kutapi,normal,121,True,False,,,2.1937842778793417,106.995,1.6
sub-647,gugugu,normal,122,True,False,,,2.0,106.995,1.6
sub-647,bibibi,normal,123,True,True,1.8754144838470903,1.0205516567249342,2.25,106.995,1.6
sub-647,kutapi,normal,124,True,False,,,2.366863905325443,106.995,1.6
sub-647,gugugu,normal,125,True,False,,,2.75,106.995,1.6
sub-647,kukuku,normal,126,True,True,2.345147755129617,1.1647626844143062,2.0,106.995,1.6
sub-647,pitaku,normal,127,True,False,,,2.5,106.995,1.6
sub-647,tatata,normal,128,True,False,,,7.495069033530571,106.995,1.6
sub-647,gugugu,normal,129,True,False,,,3.25,106.995,1.6
sub-647,takupi,normal,130,True,True,1.300690690410079,0.889429825075231,2.0,106.995,1.6
sub-647,kukuku,normal,131,True,False,,,9.872029250457038,106.995,1.6
sub-647,gugugu,normal,132,True,False,,,3.25,106.995,1.6
sub-647,takupi,normal,133,True,False,,,3.75,106.995,1.6
sub-647,bibibi,normal,134,True,False,,,2.1937842778793417,106.995,1.6
sub-647,gugugu,normal,135,True,True,0.8734896949574324,0.6068993344196842,2.0,106.995,1.6
sub-647,pitaku,normal,136,True,False,,,2.0,106.995,1.6
sub-647,tatata,normal,137,True,False,,,2.366863905325443,106.995,1.6
sub-647,gugugu,normal,138,True,False,,,3.25,106.995,1.6
sub-647,pitaku,normal,139,True,True,1.236363752209778,0.5866321385763911,2.0,106.995,1.6
sub-647,kukuku,normal,140,True,False,,,2.1551724137931036,106.995,1.6
sub-647,bibibi,normal,141,True,False,,,2.25,106.995,1.6
sub-647,pitaku,normal,142,True,False,,,2.25,106.995,1.6
sub-647,tatata,normal,143,True,True,0.9419471081023092,1.0677083799512044,2.5,106.995,1.6
sub-647,pipipi,normal,144,True,True,1.7384753997938311,1.5235755492559049,2.5,106.995,1.6
sub-647,kutapi,normal,145,True,False,,,2.0,106.995,1.6
sub-647,tatata,normal,146,True,False,,,2.5,106.995,1.6
sub-647,pipipi,normal,147,True,False,,,2.75,106.995,1.6
sub-647,kutapi,normal,148,True,False,,,2.0,106.995,1.6
sub-647,tatata,normal,149,True,True,1.4602380986586034,0.9941943499344514,2.0,106.995,1.6
sub-647,bibibi,normal,150,True,False,,,2.75,106.995,1.6
sub-647,pitaku,normal,151,True,True,0.7275691574224473,2.1241375517108443,2.0,106.995,1.6
sub-647,kukuku,normal,152,True,False,,,2.5,106.995,1.6
sub-647,bibibi,normal,153,True,False,,,2.0,106.995,1.6
sub-647,pitaku,normal,154,True,False,,,2.0,106.995,1.6
sub-647,kukuku,normal,155,True,True,1.5782371369340462,4.060953519025859,2.0,106.995,1.6
sub-647,tatata,normal,156,True,True,0.932808815262511,0.9709838247762476,2.25,106.995,1.6
sub-647,pitaku,normal,157,True,False,,,2.0,106.995,1.6
sub-647,kukuku,normal,158,True,False,,,2.0,106.995,1.6
sub-647,pipipi,normal,159,True,False,,,2.0,106.995,1.6
sub-647,kutapi,normal,160,True,False,,,2.2770398481973433,106.995,1.6
sub-647,tatata,normal,161,True,False,,,2.0,106.995,1.6
sub-647,kukuku,normal,162,True,False,,,2.25,106.995,1.6
sub-647,takupi,normal,163,True,False,,,2.25,106.995,1.6
sub-647,bibibi,normal,164,True,False,,,2.0,106.995,1.6
sub-647,tatata,normal,165,True,True,0.9991716549907078,1.2325236687887653,2.25,106.995,1.6
sub-647,pitaku,normal,166,True,False,,,2.366863905325443,106.995,1.6
sub-647,gugugu,normal,167,True,False,,,3.0,106.995,1.6
sub-647,dadada,normal,168,True,False,,,2.25,106.995,1.6
sub-647,takupi,normal,169,True,False,,,2.0,106.995,1.6
sub-647,kukuku,normal,170,True,False,,,2.5,106.995,1.6
sub-647,dadada,normal,171,True,True,1.7679826596794563,1.0601389693428729,2.0,106.995,1.6
sub-647,kutapi,normal,172,True,False,,,2.25,106.995,1.6
sub-647,pipipi,normal,173,True,False,,,2.0,106.995,1.6
sub-647,dadada,normal,174,True,False,,,2.0,106.995,1.6
sub-647,takupi,normal,175,True,True,0.8497374169907379,1.2293595799733366,2.0,106.995,1.6
sub-647,pipipi,normal,176,True,False,,,2.0,106.995,1.6
sub-647,kukuku,normal,177,True,False,,,2.0,106.995,1.6
sub-647,takupi,normal,178,True,False,,,2.0,106.995,1.6
sub-647,pipipi,normal,179,True,True,3.561150257530984,0.5870203047815767,2.0,106.995,1.6
sub-647,kukuku,normal,180,True,False,,,2.0,106.995,1.6
sub-647,tatata,fast,1,True,True,3.7992823024341513,4.113983842052566,3.25,106.995,1.6
sub-647,kukuku,fast,2,True,True,3.7592898571453706,0.5027012531767205,3.75,106.995,1.6
sub-647,pitaku,fast,3,True,True,2.039092785482603,1.4520586436925278,4.5,106.995,1.6
sub-647,tatata,fast,4,True,True,3.805065076106045,4.82351614702569,4.0,106.995,1.6
sub-647,pipipi,fast,5,True,True,3.415201851095179,0.7952974369061341,3.5,106.995,1.6
sub-647,kutapi,fast,6,True,True,2.6259745325647805,1.5116067571122125,4.25,106.995,1.6
sub-647,pitaku,fast,7,True,False,,,4.25,106.995,1.6
sub-647,kukuku,fast,8,True,True,2.14034910530965,0.5828860913648803,3.5,106.995,1.6
sub-647,tatata,fast,9,True,True,3.9681392936534463,3.9716035279992026,3.5,106.995,1.6
sub-647,kutapi,fast,10,True,True,2.614987191424342,1.152156633685454,4.25,106.995,1.6
sub-647,takupi,fast,11,True,True,2.525179550506739,3.1505087439340347,4.25,106.995,1.6
sub-647,kukuku,fast,12,True,True,2.319042444342923,1.0253317085040283,3.75,106.995,1.6
sub-647,pipipi,fast,13,True,True,3.602201376083099,0.7795307656362205,3.5,106.995,1.6
sub-647,takupi,fast,14,True,True,1.733653089460243,5.010519792482835,5.0,106.995,1.6
sub-647,kutapi,fast,15,True,True,2.7026246000018066,1.932531599942279,4.25,106.995,1.6
sub-647,tatata,fast,16,True,True,4.480157267028085,4.912718268789481,4.5,106.995,1.6
sub-647,pitaku,fast,17,True,True,1.5703063787698937,1.2395363011045344,4.75,106.995,1.6
sub-647,kutapi,fast,18,True,True,2.7055495184000766,4.475828603378542,4.5,106.995,1.6
sub-647,pipipi,fast,19,True,True,3.955581890825429,1.4632856941207586,4.25,106.995,1.6
sub-647,tatata,fast,20,True,True,3.7820389636939047,4.158640151327873,3.75,106.995,1.6
sub-647,pitaku,fast,21,True,True,2.323352481357464,3.415471559124846,5.0,106.995,1.6
sub-647,kukuku,fast,22,True,True,2.10431588378841,1.246673354170813,4.5,106.995,1.6
sub-647,takupi,fast,23,True,True,2.1385177672717117,2.704553553145439,4.25,106.995,1.6
sub-647,pipipi,fast,24,True,True,3.462503143962093,0.692310980042512,3.75,106.995,1.6
sub-647,tatata,fast,25,True,True,4.310219430932123,7.37459443901268,3.75,106.995,1.6
sub-647,kutapi,fast,26,True,True,3.2091492553795007,1.647928332423208,5.0,106.995,1.6
sub-647,takupi,fast,27,True,True,1.898198382642848,3.618964376815189,5.0,106.995,1.6
sub-647,pipipi,fast,28,True,True,4.229995380610204,0.8864345226381198,4.5,106.995,1.6
sub-647,kutapi,fast,29,True,True,3.392031573867885,1.8414074668395577,5.0,106.995,1.6
sub-647,takupi,fast,30,True,True,2.3584219527741803,1.0313333448767557,5.25,106.995,1.6
sub-647,kukuku,fast,31,True,True,3.506209354755444,1.010746866083939,3.5,106.995,1.6
sub-647,pitaku,fast,32,True,True,2.9480274409677256,2.0508786031603625,5.0,106.995,1.6
sub-647,kutapi,fast,33,True,True,2.920475782640924,3.2014314681319016,5.0,106.995,1.6
sub-647,pipipi,fast,34,True,True,4.370502220175928,1.015138785240146,4.5,106.995,1.6
sub-647,takupi,fast,35,True,True,2.2440998832501178,4.034999620951293,4.75,106.995,1.6
sub-647,kutapi,fast,36,True,True,2.525179060546092,1.563225357192668,4.5,106.995,1.6
sub-647,tatata,fast,37,True,True,3.2424478209346708,4.603742029774667,3.25,106.995,1.6
sub-647,pitaku,fast,38,True,True,1.6914257577406164,3.114205419370255,5.25,106.995,1.6
sub-647,takupi,fast,39,True,True,1.698320156209668,4.693113084517017,3.5,106.995,1.6
sub-647,kukuku,fast,40,True,True,2.6482280401913467,0.7273634314130524,2.75,106.995,1.6
sub-647,pitaku,fast,41,True,True,1.9809251720823493,2.476977459409616,5.25,106.995,1.6
sub-647,kutapi,fast,42,True,True,3.676364069364596,1.6467970563119234,5.75,106.995,1.6
sub-647,pipipi,fast,43,True,True,2.8279723610496896,0.6937138982813784,3.0,106.995,1.6
sub-647,takupi,fast,44,True,True,1.6800588489031756,4.8133766298396825,5.0,106.995,1.6
sub-647,pitaku,fast,45,True,True,2.431836154832612,2.1873300664854227,4.25,106.995,1.6
sub-647,tatata,fast,46,True,True,4.152703599946721,6.078214407978097,4.25,106.995,1.6
sub-647,kutapi,fast,47,True,True,3.093969761346442,1.829858171533215,5.0,106.995,1.6
sub-647,takupi,fast,48,True,True,1.98722382127816,3.984277846693706,2.0,106.995,1.6
sub-647,pipipi,fast,49,True,True,4.882671029624855,0.6457971814471639,4.75,106.995,1.6
sub-647,kutapi,fast,50,True,True,3.415201594491702,1.598975576101248,4.75,106.995,1.6
sub-647,takupi,fast,51,True,True,1.909799516553037,2.363592939075823,2.0,106.995,1.6
sub-647,pipipi,fast,52,True,True,3.8579129122961815,0.6154773465204104,3.75,106.995,1.6
sub-647,kutapi,fast,53,True,True,3.105500083438417,1.3944041074927154,5.25,106.995,1.6
sub-647,pitaku,fast,54,True,True,1.6479417054501813,2.103876776921354,5.25,106.995,1.6
sub-647,tatata,fast,55,True,True,3.355607472708625,6.946049813007148,3.5,106.995,1.6
sub-647,kukuku,fast,56,True,True,2.6852068390632926,1.1499591785628849,3.25,106.995,1.6
sub-647,pitaku,fast,57,True,True,1.8141709485979136,1.980491335669468,5.5,106.995,1.6
sub-647,takupi,fast,58,True,False,,,2.0,106.995,1.6
sub-647,pipipi,fast,59,True,True,2.631502702282027,0.7188148683872546,2.5,106.995,1.6
sub-647,tatata,fast,60,True,True,3.337687005564653,6.373028390396744,3.25,106.995,1.6
sub-647,pitaku,fast,61,True,True,1.738475202511463,1.6053938980584803,5.25,106.995,1.6
sub-647,takupi,fast,62,True,True,2.2726612192831666,2.679279834021841,2.25,106.995,1.6
sub-647,kukuku,fast,63,True,True,1.7780422056980678,1.129763096689139,4.0,106.995,1.6
sub-647,pitaku,fast,64,True,True,1.883894002420108,2.2553833659788896,2.0,106.995,1.6
sub-647,takupi,fast,65,True,True,1.9622663588787157,2.0330397416383734,4.0,106.995,1.6
sub-647,pipipi,fast,66,True,True,4.456198469182682,1.0401843206556838,4.5,106.995,1.6
sub-647,tatata,fast,67,True,True,4.032140872921748,3.5822209603742383,3.5,106.995,1.6
sub-647,pitaku,fast,68,True,True,2.0798064402757768,1.8656669799043044,6.75,106.995,1.6
sub-647,kutapi,fast,69,True,True,3.2893780805414257,1.7704218613268266,6.0,106.995,1.6
sub-647,pipipi,fast,70,True,True,3.623083103205049,2.483462802360041,2.25,106.995,1.6
sub-647,kukuku,fast,71,True,False,,,3.25,106.995,1.6
sub-647,pitaku,fast,72,True,True,1.5624545882571774,2.6292020112693635,2.0,106.995,1.6
sub-647,takupi,fast,73,True,True,2.0176976119543855,2.212654571372912,6.0,106.995,1.6
sub-647,pipipi,fast,74,True,True,1.9334318184156871,0.6503040711547134,3.5,106.995,1.6
sub-647,tatata,fast,75,True,True,2.9204758659012655,5.763988223462972,3.0,106.995,1.6
sub-647,pitaku,fast,76,True,True,1.638222373008836,1.9318989852371988,2.0,106.995,1.6
sub-647,kutapi,fast,77,True,True,2.774614141189216,2.057225650488345,5.25,106.995,1.6
sub-647,tatata,fast,78,True,True,3.263612716986271,5.1778534838443875,3.5,106.995,1.6
sub-647,kukuku,fast,79,True,True,2.8603287656881964,0.7384994820555422,3.0,106.995,1.6
sub-647,pitaku,fast,80,True,True,1.860064986020449,1.4895202206652298,2.0,106.995,1.6
sub-647,tatata,fast,81,True,True,3.4481755887914685,6.004060725728627,3.5,106.995,1.6
sub-647,kukuku,fast,82,True,True,3.0598865384012415,1.415885100772166,3.25,106.995,1.6
sub-647,takupi,fast,83,True,True,2.158831866903121,4.086989129023832,2.25,106.995,1.6
sub-647,pipipi,fast,84,True,True,3.840134104260851,0.5189495358685785,3.5,106.995,1.6
sub-647,tatata,fast,85,True,True,3.822518810204609,5.142516833599121,3.75,106.995,1.6
sub-647,kutapi,fast,86,True,True,3.7763252294166376,1.1808369301140842,7.75,106.995,1.6
sub-647,pipipi,fast,87,True,True,2.7232323549823687,0.5081572953006441,3.5,106.995,1.6
sub-647,kukuku,fast,88,True,True,3.2132741669329237,0.783310816309263,3.75,106.995,1.6
sub-647,pitaku,fast,89,True,True,1.8881626147083188,2.033258036565818,2.0,106.995,1.6
sub-647,tatata,fast,90,True,True,3.2132741669329237,5.884888189213919,3.25,106.995,1.6
sub-647,pipipi,fast,91,True,True,3.289378028781335,0.9759086066860468,3.25,106.995,1.6
sub-647,takupi,fast,92,True,True,2.0867506693437514,3.386007156655227,2.25,106.995,1.6
sub-647,kukuku,fast,93,True,True,1.311609287446912,0.839604774343051,2.75,106.995,1.6
sub-647,pitaku,fast,94,True,True,2.177637022538166,2.32330318133889,2.0,106.995,1.6
sub-647,kutapi,fast,95,True,True,3.881874692350643,1.398751309328964,7.0,106.995,1.6
sub-647,tatata,fast,96,True,True,4.752713501661244,5.3745526729753115,4.75,106.995,1.6
sub-647,kukuku,fast,97,True,True,3.481792899545703,2.3853300136447073,4.0,106.995,1.6
sub-647,takupi,fast,98,True,True,1.7920625819883975,3.1575526953767303,4.0,106.995,1.6
sub-647,pipipi,fast,99,True,True,4.448269220416041,0.5950673588103177,5.0,106.995,1.6
sub-647,kukuku,fast,100,True,True,3.4866489565883043,0.9534012583140026,4.0,106.995,1.6
sub-647,pitaku,fast,101,True,True,2.256252596151401,1.3911278730325498,2.0,106.995,1.6
sub-647,kutapi,fast,102,True,True,4.084849471463647,2.136598931518209,6.0,106.995,1.6
sub-647,tatata,fast,103,True,True,4.416833704126771,3.624556540130035,4.5,106.995,1.6
sub-647,kukuku,fast,104,True,True,1.7531051027599946,0.7325076651993339,4.25,106.995,1.6
sub-647,takupi,fast,105,True,True,2.133044263255761,4.359894306590303,3.75,106.995,1.6
sub-647,kutapi,fast,106,True,True,3.2593583787949836,1.6407741007064236,5.75,106.995,1.6
sub-647,tatata,fast,107,True,True,4.2015594563626095,4.087695283753103,4.5,106.995,1.6
sub-647,kukuku,fast,108,True,False,,,3.75,106.995,1.6
sub-647,takupi,fast,109,True,True,2.272661705941593,2.104621928803394,2.5,106.995,1.6
sub-647,pipipi,fast,110,True,True,3.78203914755787,0.6320693145542662,4.75,106.995,1.6
sub-647,kukuku,fast,111,True,True,3.200931980199427,1.2719622420752192,4.0,106.995,1.6
sub-647,takupi,fast,112,True,True,2.327679587091017,3.170594920858308,4.75,106.995,1.6
sub-647,kutapi,fast,113,True,True,3.280745244797575,1.6756912551942469,5.25,106.995,1.6
sub-647,pipipi,fast,114,True,True,4.416833704126772,0.6275460692123511,4.5,106.995,1.6
sub-647,kukuku,fast,115,True,False,,,3.75,106.995,1.6
sub-647,pitaku,fast,116,True,False,,,2.0,106.995,1.6
sub-647,tatata,fast,117,True,True,4.058324474895701,4.31376736850235,4.0,106.995,1.6
sub-647,kutapi,fast,118,True,True,2.3104693868167767,1.0331182616627437,6.75,106.995,1.6
sub-647,pipipi,fast,119,True,True,3.6763645243172833,0.7879342479344782,3.75,106.995,1.6
sub-647,kukuku,fast,120,True,False,,,3.25,106.995,1.6
sub-652,kukuku,normal,1,True,False,,,3.5,92.74000000000001,1.6
sub-652,tatata,normal,2,True,False,,,2.25,92.74000000000001,1.6
sub-652,kutapi,normal,3,True,False,,,4.75,92.74000000000001,1.6
sub-652,dadada,normal,4,True,False,,,2.0,92.74000000000001,1.6
sub-652,kukuku,normal,5,True,False,,,3.25,92.74000000000001,1.6
sub-652,pitaku,normal,6,True,True,1.4334454347172556,1.924087136822533,3.5,92.74000000000001,1.6
sub-652,dadada,normal,7,True,False,,,7.322654462242563,92.74000000000001,1.6
sub-652,tatata,normal,8,True,False,,,3.5,92.74000000000001,1.6
sub-652,kutapi,normal,21,True,False,,,3.25,92.74000000000001,1.6
sub-652,bibibi,normal,22,True,True,2.48501912187325,1.6729082359335692,3.25,92.74000000000001,1.6
sub-652,tatata,normal,23,True,False,,,3.1473533619456364,92.74000000000001,1.6
sub-652,kutapi,normal,24,True,False,,,3.3591731266149867,92.74000000000001,1.6
sub-652,dadada,normal,25,True,True,3.3511115772178144,0.8723340836414586,3.25,92.74000000000001,1.6
sub-652,kukuku,normal,26,True,False,,,3.5616438356164384,92.74000000000001,1.6
sub-652,takupi,normal,27,False,False,,,,92.74000000000001,1.6
sub-652,gugugu,normal,28,True,False,,,3.5,92.74000000000001,1.6
sub-652,kukuku,normal,29,True,False,,,3.5616438356164384,92.74000000000001,1.6
sub-652,pitaku,normal,30,True,False,,,2.4509803921568625,92.74000000000001,1.6
sub-652,gugugu,normal,31,True,True,1.8531721546363893,1.477405296582048,3.5,92.74000000000001,1.6
sub-652,pipipi,normal,32,True,False,,,2.012072434607646,92.74000000000001,1.6
sub-652,kutapi,normal,41,True,True,2.0902413965553452,2.238887044823368,3.25,92.74000000000001,1.6
sub-652,dadada,normal,42,True,True,3.4721232087224907,1.2725822499335564,3.25,92.74000000000001,1.6
sub-652,kukuku,normal,43,True,False,,,2.0,92.74000000000001,1.6
sub-652,pitaku,normal,44,True,False,,,3.25,92.74000000000001,1.6
sub-652,tatata,normal,45,True,True,1.911260481865591,0.7273771862817728,3.5,92.74000000000001,1.6
sub-652,pipipi,normal,46,True,True,3.535967058387826,2.1318847091595545,2.0,92.74000000000001,1.6
sub-652,takupi,normal,47,True,False,,,2.0,92.74000000000001,1.6
sub-652,kukuku,normal,48,True,False,,,2.0,92.74000000000001,1.6
sub-652,dadada,normal,49,True,True,0.7715829352716643,0.933094512540478,2.5,92.74000000000001,1.6
sub-652,pitaku,normal,50,True,True,1.5262080038340615,0.872404706770082,3.75,92.74000000000001,1.6
sub-652,kukuku,normal,51,True,False,,,2.4048096192384767,92.74000000000001,1.6
sub-652,gugugu,normal,52,True,True,0.8747126348076252,1.3106055285728342,3.25,92.74000000000001,1.6
sub-652,kutapi,normal,53,True,False,,,3.25,92.74000000000001,1.6
sub-652,pipipi,normal,54,True,False,,,3.25,92.74000000000001,1.6
sub-652,dadada,normal,55,True,False,,,3.25,92.74000000000001,1.6
sub-652,pitaku,normal,56,True,False,,,3.5,92.74000000000001,1.6
sub-652,kukuku,normal,57,True,True,3.2466606627015486,2.5513293197211624,3.0,92.74000000000001,1.6
sub-652,bibibi,normal,58,True,False,,,3.25,92.74000000000001,1.6
sub-652,pitaku,normal,59,True,True,2.3104701573754096,2.3944174736770982,3.25,92.74000000000001,1.6
sub-652,dadada,normal,60,False,False,,,2.3980815347721824,92.74000000000001,1.6
sub-652,gugugu,normal,61,True,True,2.238074365553335,1.2494795087730886,3.25,92.74000000000001,1.6
sub-652,kutapi,normal,62,True,True,2.196774223482491,1.469594771562612,3.25,92.74000000000001,1.6
sub-652,dadada,normal,63,True,False,,,3.25,92.74000000000001,1.6
sub-652,pipipi,normal,64,True,False,,,3.25,92.74000000000001,1.6
sub-652,takupi,normal,65,True,False,,,3.25,92.74000000000001,1.6
sub-652,kukuku,normal,66,True,False,,,3.25,92.74000000000001,1.6
sub-652,tatata,normal,67,True,False,,,3.25,92.74000000000001,1.6
sub-652,pitaku,normal,68,True,False,,,3.25,92.74000000000001,1.6
sub-652,dadada,normal,69,True,False,,,3.5,92.74000000000001,1.6
sub-652,bibibi,normal,70,True,True,3.4625056320264203,1.7471516517610173,3.0,92.74000000000001,1.6
sub-652,pitaku,normal,71,True,False,,,3.5,92.74000000000001,1.6
sub-652,kukuku,normal,72,True,False,,,3.25,92.74000000000001,1.6
sub-652,dadada,normal,73,True,False,,,3.25,92.74000000000001,1.6
sub-652,pitaku,normal,74,True,True,1.443377059077988,2.9472600053877507,3.5,92.74000000000001,1.6
sub-652,kukuku,normal,75,True,False,,,2.661596958174905,92.74000000000001,1.6
sub-652,gugugu,normal,76,True,True,1.479247968238506,2.760824440222292,3.25,92.74000000000001,1.6
sub-652,takupi,normal,77,True,True,2.417726369751523,2.8114972801472486,3.25,92.74000000000001,1.6
sub-652,dadada,normal,78,True,False,,,3.25,92.74000000000001,1.6
sub-652,bibibi,normal,79,True,False,,,3.5,92.74000000000001,1.6
sub-652,kutapi,normal,80,True,False,,,3.8575667655786345,92.74000000000001,1.6
sub-652,tatata,normal,81,True,False,,,3.2388663967611335,92.74000000000001,1.6
sub-652,gugugu,normal,82,True,False,,,3.25,92.74000000000001,1.6
sub-652,pitaku,normal,83,True,False,,,3.0,92.74000000000001,1.6
sub-652,bibibi,normal,84,True,False,,,3.2388663967611335,92.74000000000001,1.6
sub-652,gugugu,normal,85,True,False,,,3.25,92.74000000000001,1.6
sub-652,takupi,normal,86,True,False,,,3.25,92.74000000000001,1.6
sub-652,kukuku,normal,87,True,False,,,3.3771106941838647,92.74000000000001,1.6
sub-652,gugugu,normal,88,True,True,3.2298822350520324,2.479294633717359,3.25,92.74000000000001,1.6
sub-652,takupi,normal,89,True,True,1.6468569498881904,1.9902180950875776,3.5,92.74000000000001,1.6
sub-652,pipipi,normal,90,True,False,,,3.5,92.74000000000001,1.6
sub-652,dadada,normal,91,True,True,3.168477629822906,1.9303271879403685,3.25,92.74000000000001,1.6
sub-652,takupi,normal,92,True,True,1.1210443273229922,3.045694471888586,3.25,92.74000000000001,1.6
sub-652,kukuku,normal,93,True,False,,,3.25,92.74000000000001,1.6
sub-652,bibibi,normal,94,True,True,3.3646417899465324,1.9702524253913376,3.5,92.74000000000001,1.6
sub-652,takupi,normal,95,True,False,,,3.5,92.74000000000001,1.6
sub-652,pipipi,normal,96,True,True,3.2298822350520324,1.803223611458053,3.25,92.74000000000001,1.6
sub-652,tatata,normal,97,True,True,3.1210098001626383,1.928869397120388,3.0,92.74000000000001,1.6
sub-652,kutapi,normal,98,True,True,2.389989340277508,2.4394374664575658,3.25,92.74000000000001,1.6
sub-652,pipipi,normal,99,True,True,3.1968399615476635,2.8059780745352914,3.25,92.74000000000001,1.6
sub-652,takupi,normal,100,True,True,3.172498540520651,2.3420547873615956,3.2,92.74000000000001,1.6
sub-652,bibibi,normal,101,True,True,2.756261385248346,2.58017654779842,2.5,92.74000000000001,1.6
sub-652,pipipi,normal,102,True,False,,,3.0,92.74000000000001,1.6
sub-652,takupi,normal,103,True,False,,,2.0,92.74000000000001,1.6
sub-652,dadada,normal,104,True,False,,,2.0,92.74000000000001,1.6
sub-652,pipipi,normal,105,True,True,3.0412762486864353,2.406348977388495,3.0,92.74000000000001,1.6
sub-652,takupi,normal,106,True,True,2.3276807043019083,1.9712946296080975,3.25,92.74000000000001,1.6
sub-652,bibibi,normal,107,True,False,,,3.0,92.74000000000001,1.6
sub-652,tatata,normal,108,True,True,2.9341890568312787,2.242119608489343,3.25,92.74000000000001,1.6
sub-652,pitaku,normal,109,True,False,,,2.2857142857142856,92.74000000000001,1.6
sub-652,gugugu,normal,110,True,True,1.1467564570735087,1.6929695229327724,3.0,92.74000000000001,1.6
sub-652,dadada,normal,111,True,False,,,3.0,92.74000000000001,1.6
sub-652,takupi,normal,112,True,False,,,3.5,92.74000000000001,1.6
sub-652,pipipi,normal,113,True,False,,,3.25,92.74000000000001,1.6
sub-652,tatata,normal,114,True,True,1.9515449464638948,2.5677030713813496,3.0,92.74000000000001,1.6
sub-652,pitaku,normal,115,True,True,0.8085152252329397,1.4657061831540954,3.5,92.74000000000001,1.6
sub-652,dadada,normal,116,True,False,,,3.25,92.74000000000001,1.6
sub-652,tatata,normal,117,True,True,1.9439572911510492,2.706394721174563,3.25,92.74000000000001,1.6
sub-652,kutapi,normal,118,True,False,,,3.25,92.74000000000001,1.6
sub-652,dadada,normal,119,True,False,,,2.0,92.74000000000001,1.6
sub-652,tatata,normal,120,False,False,,,2.620087336244542,92.74000000000001,1.6
sub-652,kutapi,normal,121,True,False,,,3.0,92.74000000000001,1.6
sub-652,dadada,normal,122,True,False,,,3.0,92.74000000000001,1.6
sub-652,tatata,normal,123,True,False,,,3.0,92.74000000000001,1.6
sub-652,pitaku,normal,124,True,True,3.086332123937212,2.9750191696049733,3.25,92.74000000000001,1.6
sub-652,kukuku,normal,125,True,False,,,3.25,92.74000000000001,1.6
sub-652,tatata,normal,126,True,True,3.156476035844876,1.408557801627559,3.25,92.74000000000001,1.6
sub-652,kutapi,normal,127,True,False,,,2.146690518783542,92.74000000000001,1.6
sub-652,gugugu,normal,128,True,False,,,3.25,92.74000000000001,1.6
sub-652,tatata,normal,129,True,True,1.9840706511024937,2.00238394247566,3.25,92.74000000000001,1.6
sub-652,kutapi,normal,130,True,False,,,2.146690518783542,92.74000000000001,1.6
sub-652,gugugu,normal,131,True,False,,,3.25,92.74000000000001,1.6
sub-652,kukuku,normal,132,True,True,2.3991641270529196,2.55043589071195,3.0,92.74000000000001,1.6
sub-652,takupi,normal,133,True,False,,,3.25,92.74000000000001,1.6
sub-652,pipipi,normal,134,True,False,,,3.25,92.74000000000001,1.6
sub-652,tatata,normal,135,True,False,,,3.5,92.74000000000001,1.6
sub-652,pitaku,normal,136,True,False,,,3.0,92.74000000000001,1.6
sub-652,bibibi,normal,137,True,False,,,3.0,92.74000000000001,1.6
sub-652,kutapi,normal,138,True,False,,,3.25,92.74000000000001,1.6
sub-652,pipipi,normal,139,True,False,,,3.25,92.74000000000001,1.6
sub-652,dadada,normal,140,False,False,,,2.3952095808383236,92.74000000000001,1.6
sub-652,pitaku,normal,141,True,False,,,2.75,92.74000000000001,1.6
sub-652,kukuku,normal,142,True,True,0.942658162210865,1.4167779649418453,3.5,92.74000000000001,1.6
sub-652,pipipi,normal,143,True,False,,,2.25,92.74000000000001,1.6
sub-652,kutapi,normal,144,True,True,2.212326943524968,1.266470321709237,3.25,92.74000000000001,1.6
sub-652,tatata,normal,145,True,False,,,2.0,92.74000000000001,1.6
sub-652,bibibi,normal,146,True,False,,,3.0,92.74000000000001,1.6
sub-652,takupi,normal,147,True,False,,,3.25,92.74000000000001,1.6
sub-652,pipipi,normal,148,True,False,,,3.25,92.74000000000001,1.6
sub-652,tatata,normal,149,True,True,2.983209362987129,2.58493071802536,3.0,92.74000000000001,1.6
sub-652,kutapi,normal,150,True,True,2.880103048598173,1.086955344084374,3.25,92.74000000000001,1.6
sub-652,pipipi,normal,151,True,False,,,3.25,92.74000000000001,1.6
sub-652,bibibi,normal,152,True,False,,,3.25,92.74000000000001,1.6
sub-652,kutapi,normal,153,True,False,,,3.0418250950570345,92.74000000000001,1.6
sub-652,gugugu,normal,154,True,True,1.338291994744761,1.3871744554414622,3.0,92.74000000000001,1.6
sub-652,pipipi,normal,155,True,False,,,2.75,92.74000000000001,1.6
sub-652,takupi,normal,156,True,False,,,7.746478873239437,92.74000000000001,1.6
sub-652,gugugu,normal,157,True,False,,,3.0,92.74000000000001,1.6
sub-652,bibibi,normal,158,True,False,,,3.25,92.74000000000001,1.6
sub-652,takupi,normal,159,True,False,,,2.2813688212927756,92.74000000000001,1.6
sub-652,gugugu,normal,160,True,False,,,3.25,92.74000000000001,1.6
sub-652,bibibi,normal,161,True,False,,,2.0,92.74000000000001,1.6
sub-652,pitaku,normal,162,True,False,,,3.0,92.74000000000001,1.6
sub-652,kukuku,normal,163,True,False,,,2.5,92.74000000000001,1.6
sub-652,gugugu,normal,164,True,False,,,2.0,92.74000000000001,1.6
sub-652,kutapi,normal,165,True,False,,,2.5,92.74000000000001,1.6
sub-652,bibibi,normal,166,True,False,,,3.0,92.74000000000001,1.6
sub-652,pipipi,normal,167,True,False,,,3.0,92.74000000000001,1.6
sub-652,takupi,normal,168,True,False,,,3.0,92.74000000000001,1.6
sub-652,bibibi,normal,169,True,True,1.6087060241224198,1.2326965112819437,3.25,92.74000000000001,1.6
sub-652,tatata,normal,170,True,False,,,3.0,92.74000000000001,1.6
sub-652,pitaku,normal,171,True,False,,,2.5,92.74000000000001,1.6
sub-652,gugugu,normal,172,True,True,2.7291803072993894,3.032618621694943,3.0,92.74000000000001,1.6
sub-652,pipipi,normal,173,True,False,,,3.0,92.74000000000001,1.6
sub-652,kutapi,normal,174,True,True,0.7480338604088093,0.8209788968571043,3.0,92.74000000000001,1.6
sub-652,bibibi,normal,175,True,True,3.2257150470790203,1.198934707162639,3.2835820895522385,92.74000000000001,1.6
sub-652,gugugu,normal,176,True,False,,,3.25,92.74000000000001,1.6
sub-652,pitaku,normal,177,True,False,,,3.0,92.74000000000001,1.6
sub-652,kukuku,normal,178,True,False,,,3.25,92.74000000000001,1.6
sub-652,bibibi,normal,179,True,True,0.7348410233645621,1.222669070726644,3.0,92.74000000000001,1.6
sub-652,pitaku,normal,180,True,False,,,2.053915275994865,92.74000000000001,1.6
sub-705,bibibi,normal,1,True,True,2.049120803693938,2.9241540072596894,2.25,122.31,1.68
sub-705,kutapi,normal,2,True,True,1.9439559724001585,1.758961682086598,2.25,122.31,1.68
sub-705,pipipi,normal,3,True,False,,,2.0,122.31,1.68
sub-705,tatata,normal,4,True,True,1.098386371048596,5.407216537442608,2.0,122.31,1.68
sub-705,kutapi,normal,5,True,True,1.930445853673053,1.4428564103787809,2.0,122.31,1.68
sub-705,pipipi,normal,6,True,False,,,2.25,122.31,1.68
sub-705,kukuku,normal,7,True,False,,,2.25,122.31,1.68
sub-705,takupi,normal,8,True,True,1.9684467563044128,1.377903488049112,2.0,122.31,1.68
sub-705,bibibi,normal,9,True,False,,,2.0,122.31,1.68
sub-705,pipipi,normal,10,True,False,,,2.25,122.31,1.68
sub-705,takupi,normal,11,True,True,1.3074933998465503,0.7263490187509092,2.0,122.31,1.68
sub-705,bibibi,normal,12,True,True,1.8768223577376908,2.953608991394045,2.0,122.31,1.68
sub-705,dadada,normal,13,True,False,,,2.5,122.31,1.68
sub-705,pitaku,normal,14,True,True,1.7146278329949274,0.9398722392962596,2.25,122.31,1.68
sub-705,bibibi,normal,15,True,True,2.00636226364896,2.549973970279356,2.0,122.31,1.68
sub-705,dadada,normal,16,True,True,1.0840968692569837,2.1463264876596195,2.0,122.31,1.68
sub-705,pitaku,normal,17,True,True,0.8223445330613829,1.523010329714328,3.0,122.31,1.68
sub-705,bibibi,normal,18,True,False,,,2.0,122.31,1.68
sub-705,takupi,normal,19,True,True,1.9439559724001585,1.2363423765462436,2.0,122.31,1.68
sub-705,pipipi,normal,20,True,False,,,8.534322820037106,122.31,1.68
sub-705,bibibi,normal,21,True,True,1.1384005934946042,2.7847324620668346,2.25,122.31,1.68
sub-705,pitaku,normal,22,True,False,,,2.0,122.31,1.68
sub-705,tatata,normal,23,True,False,,,2.366863905325443,122.31,1.68
sub-705,gugugu,normal,24,True,False,,,2.0,122.31,1.68
sub-705,takupi,normal,25,True,True,2.022595229218569,0.7690670336996117,2.0,122.31,1.68
sub-705,kukuku,normal,26,True,False,,,2.366863905325443,122.31,1.68
sub-705,gugugu,normal,27,True,False,,,2.0,122.31,1.68
sub-705,takupi,normal,28,True,True,1.920067360456337,5.193388202240444,2.5,122.31,1.68
sub-705,dadada,normal,29,True,False,,,2.0,122.31,1.68
sub-705,tatata,normal,30,True,True,2.0626466198961637,3.660684035956976,2.0,122.31,1.68
sub-705,kutapi,normal,31,True,True,2.00314719816839,1.07182915976788,2.0,122.31,1.68
sub-705,pipipi,normal,32,True,False,,,2.5,122.31,1.68
sub-705,bibibi,normal,33,True,False,,,2.75,122.31,1.68
sub-705,pitaku,normal,34,True,False,,,2.25,122.31,1.68
sub-705,tatata,normal,35,True,True,2.2726615484674095,1.5483605525943709,2.0,122.31,1.68
sub-705,bibibi,normal,36,True,False,,,2.0,122.31,1.68
sub-705,pitaku,normal,37,True,True,1.835482895237996,4.360860433008012,2.0,122.31,1.68
sub-705,dadada,normal,38,True,True,1.789497282257803,1.5861189491814036,2.0,122.31,1.68
sub-705,pipipi,normal,39,True,False,,,2.0,122.31,1.68
sub-705,takupi,normal,40,True,False,,,2.2988505747126435,122.31,1.68
sub-705,bibibi,normal,41,True,False,,,2.0,122.31,1.68
sub-705,tatata,normal,42,True,False,,,2.0,122.31,1.68
sub-705,kutapi,normal,43,True,False,,,2.0,122.31,1.68
sub-705,dadada,normal,44,True,False,,,2.0,122.31,1.68
sub-705,pipipi,normal,45,True,False,,,2.0,122.31,1.68
sub-705,kutapi,normal,46,True,False,,,2.7613412228796843,122.31,1.68
sub-705,gugugu,normal,47,True,False,,,2.0,122.31,1.68
sub-705,kukuku,normal,48,True,False,,,2.5,122.31,1.68
sub-705,takupi,normal,49,True,False,,,2.366863905325443,122.31,1.68
sub-705,gugugu,normal,50,True,False,,,2.0,122.31,1.68
sub-705,kukuku,normal,51,True,False,,,2.0,122.31,1.68
sub-705,takupi,normal,52,True,False,,,2.366863905325443,122.31,1.68
sub-705,gugugu,normal,53,True,False,,,2.0,122.31,1.68
sub-705,kukuku,normal,54,True,False,,,2.25,122.31,1.68
sub-705,takupi,normal,55,True,False,,,2.0,122.31,1.68
sub-705,dadada,normal,56,True,False,,,2.0,122.31,1.68
sub-705,kukuku,normal,57,True,False,,,2.0,122.31,1.68
sub-705,takupi,normal,58,True,False,,,2.5594149908592323,122.31,1.68
sub-705,gugugu,normal,59,True,False,,,2.0,122.31,1.68
sub-705,bibibi,normal,60,True,False,,,3.436426116838488,122.31,1.68
sub-705,takupi,normal,61,True,True,1.7869389159203264,2.668150987266495,2.25,122.31,1.68
sub-705,pipipi,normal,62,True,False,,,4.339250493096647,122.31,1.68
sub-705,gugugu,normal,63,True,False,,,2.0,122.31,1.68
sub-705,kutapi,normal,64,True,False,,,2.0,122.31,1.68
sub-705,pipipi,normal,65,True,True,1.513273331339308,1.289941818776411,2.0,122.31,1.68
sub-705,bibibi,normal,66,True,True,1.8996409904046632,2.7191478473403983,2.0,122.31,1.68
sub-705,pitaku,normal,67,True,False,,,2.5594149908592323,122.31,1.68
sub-705,gugugu,normal,68,True,False,,,2.0,122.31,1.68
sub-705,tatata,normal,69,True,True,1.0455573163415044,3.6493837465816066,2.0,122.31,1.68
sub-705,kutapi,normal,70,True,False,,,2.0,122.31,1.68
sub-705,pipipi,normal,71,True,True,2.086750870928662,5.651932850314877,2.0,122.31,1.68
sub-705,tatata,normal,72,True,False,,,2.0,122.31,1.68
sub-705,kutapi,normal,73,True,False,,,2.0,122.31,1.68
sub-705,dadada,normal,74,True,False,,,2.1937842778793417,122.31,1.68
sub-705,gugugu,normal,75,True,False,,,2.0,122.31,1.68
sub-705,takupi,normal,76,True,False,,,2.0,122.31,1.68
sub-705,dadada,normal,77,True,True,2.066055820969039,2.1161901353568275,2.0,122.31,1.68
sub-705,pipipi,normal,78,True,False,,,2.0,122.31,1.68
sub-705,kutapi,normal,79,True,False,,,2.75,122.31,1.68
sub-705,dadada,normal,80,True,False,,,2.5270758122743686,122.31,1.68
sub-705,pipipi,normal,81,True,False,,,2.5,122.31,1.68
sub-705,kutapi,normal,82,True,False,,,2.0,122.31,1.68
sub-705,dadada,normal,83,True,False,,,2.0,122.31,1.68
sub-705,tatata,normal,84,True,False,,,2.75,122.31,1.68
sub-705,pitaku,normal,85,True,True,1.9731079326391068,3.3013982427281476,2.0,122.31,1.68
sub-705,dadada,normal,86,True,False,,,2.25,122.31,1.68
sub-705,kukuku,normal,87,True,False,,,2.0,122.31,1.68
sub-705,takupi,normal,88,True,False,,,7.312614259597806,122.31,1.68
sub-705,gugugu,normal,89,True,False,,,2.0,122.31,1.68
sub-705,dadada,normal,90,True,False,,,2.0,122.31,1.68
sub-705,takupi,normal,91,True,False,,,2.75,122.31,1.68
sub-705,bibibi,normal,92,True,True,2.0357717839199907,4.839001963636623,2.75,122.31,1.68
sub-705,dadada,normal,93,True,False,,,2.25,122.31,1.68
sub-705,pitaku,normal,94,True,False,,,2.0,122.31,1.68
sub-705,tatata,normal,95,True,False,,,2.1937842778793417,122.31,1.68
sub-705,gugugu,normal,96,True,False,,,2.0,122.31,1.68
sub-705,kutapi,normal,97,True,True,2.166315208538777,4.027641514284085,2.0,122.31,1.68
sub-705,dadada,normal,98,True,False,,,7.678244972577696,122.31,1.68
sub-705,gugugu,normal,99,True,False,,,2.0,122.31,1.68
sub-705,kutapi,normal,100,True,False,,,2.0,122.31,1.68
sub-705,tatata,normal,101,True,True,1.882475643363595,1.608580796570843,2.25,122.31,1.68
sub-705,bibibi,normal,102,True,True,1.9809252411940208,3.253600195745335,2.0,122.31,1.68
sub-705,kutapi,normal,103,True,False,,,2.0,122.31,1.68
sub-705,tatata,normal,104,True,False,,,2.0,122.31,1.68
sub-705,dadada,normal,105,True,False,,,2.0,122.31,1.68
sub-705,pitaku,normal,106,True,True,2.228099513713774,0.937136850051953,2.0,122.31,1.68
sub-705,bibibi,normal,107,True,False,,,7.0,122.31,1.68
sub-705,kukuku,normal,108,True,False,,,2.0,122.31,1.68
sub-705,pitaku,normal,109,True,False,,,2.5,122.31,1.68
sub-705,dadada,normal,110,True,False,,,2.0,122.31,1.68
sub-705,pipipi,normal,111,True,True,2.025873301772167,2.1565311828630556,2.75,122.31,1.68
sub-705,kutapi,normal,112,True,False,,,2.0,122.31,1.68
sub-705,tatata,normal,113,True,False,,,2.0,122.31,1.68
sub-705,kukuku,normal,114,True,False,,,2.0,122.31,1.68
sub-705,pitaku,normal,115,True,False,,,2.0,122.31,1.68
sub-705,dadada,normal,116,True,False,,,2.0,122.31,1.68
sub-705,kukuku,normal,117,True,False,,,2.0,122.31,1.68
sub-705,pitaku,normal,118,True,False,,,2.9250457038391224,122.31,1.68
sub-705,gugugu,normal,119,True,False,,,2.0,122.31,1.68
sub-705,pipipi,normal,120,True,False,,,8.829174664107486,122.31,1.68
sub-705,kutapi,normal,121,True,False,,,2.1937842778793417,122.31,1.68
sub-705,gugugu,normal,122,True,False,,,2.0,122.31,1.68
sub-705,bibibi,normal,123,True,True,1.9746660900004984,3.020939749420675,2.0,122.31,1.68
sub-705,kutapi,normal,124,True,False,,,6.70611439842209,122.31,1.68
sub-705,gugugu,normal,125,True,False,,,2.0,122.31,1.68
sub-705,kukuku,normal,126,True,False,,,4.25,122.31,1.68
sub-705,pitaku,normal,127,True,True,2.006362174912224,3.2881821148975128,2.0,122.31,1.68
sub-705,tatata,normal,128,True,False,,,2.366863905325443,122.31,1.68
sub-705,gugugu,normal,129,True,False,,,2.0,122.31,1.68
sub-705,takupi,normal,130,True,True,1.945468692560802,0.955157261905482,2.0,122.31,1.68
sub-705,kukuku,normal,131,True,False,,,5.850091407678245,122.31,1.68
sub-705,gugugu,normal,132,True,False,,,2.0,122.31,1.68
sub-705,takupi,normal,133,True,False,,,2.0,122.31,1.68
sub-705,bibibi,normal,134,True,False,,,4.387568555758683,122.31,1.68
sub-705,gugugu,normal,135,True,False,,,2.0,122.31,1.68
sub-705,pitaku,normal,136,True,False,,,2.25,122.31,1.68
sub-705,tatata,normal,137,True,False,,,2.366863905325443,122.31,1.68
sub-705,gugugu,normal,138,True,False,,,2.0,122.31,1.68
sub-705,pitaku,normal,139,True,False,,,2.0,122.31,1.68
sub-705,kukuku,normal,140,False,False,,,2.0253164556962022,122.31,1.68
sub-705,bibibi,normal,141,True,False,,,2.0,122.31,1.68
sub-705,pitaku,normal,142,True,False,,,2.25,122.31,1.68
sub-705,tatata,normal,143,True,False,,,2.0,122.31,1.68
sub-705,pipipi,normal,144,True,False,,,2.0,122.31,1.68
sub-705,kutapi,normal,145,True,False,,,2.0,122.31,1.68
sub-705,tatata,normal,146,True,True,1.9715517072322628,0.9115150413637344,2.0,122.31,1.68
sub-705,pipipi,normal,147,True,False,,,2.0,122.31,1.68
sub-705,kutapi,normal,148,True,True,1.6149402873194505,4.859959439490217,2.0,122.31,1.68
sub-705,tatata,normal,149,True,True,1.838182032919492,1.2141829255105847,2.0,122.31,1.68
sub-705,bibibi,normal,150,True,True,1.180324629258975,4.026014382954619,2.25,122.31,1.68
sub-705,pitaku,normal,151,True,False,,,2.75,122.31,1.68
sub-705,kukuku,normal,152,True,False,,,2.0,122.31,1.68
sub-705,bibibi,normal,153,True,False,,,2.25,122.31,1.68
sub-705,pitaku,normal,154,True,True,1.765485568340755,1.6837187457282017,2.0,122.31,1.68
sub-705,kukuku,normal,155,True,False,,,2.0,122.31,1.68
sub-705,tatata,normal,156,True,True,1.902532393280448,2.6910893248073364,2.0,122.31,1.68
sub-705,pitaku,normal,157,True,False,,,2.0,122.31,1.68
sub-705,kukuku,normal,158,True,False,,,2.25,122.31,1.68
sub-705,pipipi,normal,159,True,False,,,2.0,122.31,1.68
sub-705,kutapi,normal,160,False,False,,,2.3622047244094486,122.31,1.68
sub-705,tatata,normal,161,True,True,2.097255026735285,1.8033886993469552,2.0,122.31,1.68
sub-705,kukuku,normal,162,True,True,1.0216297473920966,7.947738439007215,2.0,122.31,1.68
sub-705,takupi,normal,163,True,True,1.8996413312070368,1.0473963270438524,2.0,122.31,1.68
sub-705,bibibi,normal,164,True,False,,,2.0,122.31,1.68
sub-705,tatata,normal,165,True,False,,,2.0,122.31,1.68
sub-705,pitaku,normal,166,True,False,,,2.7613412228796843,122.31,1.68
sub-705,gugugu,normal,167,True,False,,,2.0,122.31,1.68
sub-705,dadada,normal,168,True,False,,,2.0,122.31,1.68
sub-705,takupi,normal,169,True,False,,,2.25,122.31,1.68
sub-705,kukuku,normal,170,True,False,,,2.0,122.31,1.68
sub-705,dadada,normal,171,True,True,2.1185830439563222,4.453761793986542,2.0,122.31,1.68
sub-705,kutapi,normal,172,True,False,,,8.5,122.31,1.68
sub-705,pipipi,normal,173,True,False,,,2.0,122.31,1.68
sub-705,dadada,normal,174,True,False,,,2.0,122.31,1.68
sub-705,takupi,normal,175,True,True,1.9591912161978529,1.758541371386814,2.25,122.31,1.68
sub-705,pipipi,normal,176,True,False,,,2.0,122.31,1.68
sub-705,kukuku,normal,177,True,False,,,2.0,122.31,1.68
sub-705,takupi,normal,178,True,True,1.9379286758670236,2.349630017921042,2.0,122.31,1.68
sub-705,pipipi,normal,179,True,False,,,2.0,122.31,1.68
sub-705,kukuku,normal,180,True,True,5.733779797863441,0.4605105710222865,8.5,122.31,1.68
sub-705,tatata,fast,1,True,True,4.340151688301506,2.1774712873640567,4.75,122.31,1.68
sub-705,kukuku,fast,2,True,False,,,3.75,122.31,1.68
sub-705,pitaku,fast,3,True,False,,,4.75,122.31,1.68
sub-705,tatata,fast,4,True,True,4.355274168051686,2.474432760861488,2.0,122.31,1.68
sub-705,pipipi,fast,5,True,True,2.6852066299266033,0.6836405654876483,4.5,122.31,1.68
sub-705,kutapi,fast,6,True,True,3.628341614603291,1.936478904418944,5.75,122.31,1.68
sub-705,pitaku,fast,7,True,True,2.593285656080568,2.595266456600088,5.5,122.31,1.68
sub-705,kukuku,fast,8,True,False,,,4.5,122.31,1.68
sub-705,tatata,fast,9,True,True,4.512504282421782,2.11798986173041,5.25,122.31,1.68
sub-705,kutapi,fast,10,True,True,2.976104014835318,2.1262560935901984,7.0,122.31,1.68
sub-705,takupi,fast,11,True,True,2.222157664410371,2.4178541412910084,5.75,122.31,1.68
sub-705,kukuku,fast,12,True,False,,,4.25,122.31,1.68
sub-705,pipipi,fast,13,True,True,4.798325091097251,0.5504909160060114,5.0,122.31,1.68
sub-705,takupi,fast,14,True,True,1.9054324485226124,2.8193662749055566,6.0,122.31,1.68
sub-705,kutapi,fast,15,True,True,3.101646864096362,2.3861615757403527,5.25,122.31,1.68
sub-705,tatata,fast,16,True,True,4.681511933448817,1.812146912578764,4.75,122.31,1.68
sub-705,pitaku,fast,17,True,True,1.9083415056959296,2.1610127909630528,5.75,122.31,1.68
sub-705,kutapi,fast,18,True,True,4.31021960769253,2.025064650649135,5.75,122.31,1.68
sub-705,pipipi,fast,19,True,True,5.112325915054535,1.06182147150197,5.25,122.31,1.68
sub-705,tatata,fast,20,True,True,4.528853935618963,2.547539290839328,4.5,122.31,1.68
sub-705,pitaku,fast,21,True,True,2.873480245494311,1.8948357916609504,4.25,122.31,1.68
sub-705,kukuku,fast,22,True,False,,,4.75,122.31,1.68
sub-705,takupi,fast,23,True,True,2.136690438957308,3.042768230754528,5.75,122.31,1.68
sub-705,pipipi,fast,24,True,True,4.9114495355207275,0.7342069222619294,5.0,122.31,1.68
sub-705,tatata,fast,25,True,True,5.165140110702585,1.7570727980998857,2.25,122.31,1.68
sub-705,kutapi,fast,26,True,True,3.0192364898309787,2.5744018953346917,5.75,122.31,1.68
sub-705,takupi,fast,27,True,False,,,5.25,122.31,1.68
sub-705,pipipi,fast,28,True,True,4.629495951074168,0.6766828547495631,5.25,122.31,1.68
sub-705,kutapi,fast,29,True,True,3.930704109402594,3.248279526497287,5.25,122.31,1.68
sub-705,takupi,fast,30,True,True,2.662329939914857,2.461798949738446,5.5,122.31,1.68
sub-705,kukuku,fast,31,True,True,2.5099676843173193,0.8218696174771036,4.75,122.31,1.68
sub-705,pitaku,fast,32,True,True,3.0265469898063566,1.9929804996921048,6.0,122.31,1.68
sub-705,kutapi,fast,33,True,True,4.111723377598767,2.3140758780540605,5.5,122.31,1.68
sub-705,pipipi,fast,34,True,True,4.960174233293751,0.6440954191165664,5.25,122.31,1.68
sub-705,takupi,fast,35,True,True,2.0258734307779984,4.09445478591946,6.25,122.31,1.68
sub-705,kutapi,fast,36,True,True,3.3782808291622306,3.017407635537147,6.75,122.31,1.68
sub-705,tatata,fast,37,True,True,4.646705973197121,2.3644198506869563,4.75,122.31,1.68
sub-705,pitaku,fast,38,True,True,1.93193803213296,4.032022109756253,5.75,122.31,1.68
sub-705,takupi,fast,39,True,False,,,5.75,122.31,1.68
sub-705,kukuku,fast,40,True,False,,,4.25,122.31,1.68
sub-705,pitaku,fast,41,True,True,2.906892860031161,2.2176468451856577,5.75,122.31,1.68
sub-705,kutapi,fast,42,True,True,3.720130743492261,2.6307395875432427,5.5,122.31,1.68
sub-705,pipipi,fast,43,True,True,5.251949284930248,0.626020733995615,5.5,122.31,1.68
sub-705,takupi,fast,44,True,True,1.8996412307194517,3.985952022273029,6.0,122.31,1.68
sub-705,pitaku,fast,45,True,True,3.097804039190581,2.4490263681414284,5.5,122.31,1.68
sub-705,tatata,fast,46,True,True,4.553602658700908,1.5904676180565795,4.75,122.31,1.68
sub-705,kutapi,fast,47,True,True,4.310220447632411,1.827150752383421,5.75,122.31,1.68
sub-705,takupi,fast,48,True,True,2.8505448798481168,3.0505449557469246,5.75,122.31,1.68
sub-705,pipipi,fast,49,True,True,4.95035219728079,0.7590639917564559,5.25,122.31,1.68
sub-705,kutapi,fast,50,True,True,3.4012623940500655,2.2503389060349557,5.75,122.31,1.68
sub-705,takupi,fast,51,True,True,1.9999422877014383,4.067175885151347,6.0,122.31,1.68
sub-705,pipipi,fast,52,True,True,5.154490432220203,0.7324582175914571,5.5,122.31,1.68
sub-705,kutapi,fast,53,True,True,3.7312356113832807,2.564413567999588,6.0,122.31,1.68
sub-705,pitaku,fast,54,True,True,2.2521872609250435,2.870545471688428,5.75,122.31,1.68
sub-705,tatata,fast,55,True,True,4.779976787049328,1.5415665840846122,5.0,122.31,1.68
sub-705,kukuku,fast,56,True,False,,,4.75,122.31,1.68
sub-705,pitaku,fast,57,True,True,2.8934350227162016,2.476902411541584,5.25,122.31,1.68
sub-705,takupi,fast,58,True,False,,,5.5,122.31,1.68
sub-705,pipipi,fast,59,True,True,4.863672878651359,0.9725368440686352,4.75,122.31,1.68
sub-705,tatata,fast,60,True,True,4.05174693618606,2.1185827872471155,4.0,122.31,1.68
sub-705,pitaku,fast,61,True,True,3.476950988641173,2.7215147383233127,5.25,122.31,1.68
sub-705,takupi,fast,62,True,True,2.574590896841404,3.9618414130306983,5.75,122.31,1.68
sub-705,kukuku,fast,63,True,False,,,4.75,122.31,1.68
sub-705,pitaku,fast,64,True,True,3.041274648215332,1.9158917722388829,5.5,122.31,1.68
sub-705,takupi,fast,65,True,False,,,5.5,122.31,1.68
sub-705,pipipi,fast,66,True,True,4.66404432991232,0.6195011455962192,5.0,122.31,1.68
sub-705,tatata,fast,67,True,True,4.512504983453074,2.693853355603993,4.25,122.31,1.68
sub-705,pitaku,fast,68,True,True,1.8853150534185543,3.197021539383885,5.5,122.31,1.68
sub-705,kutapi,fast,69,True,True,3.5459968238766,3.4339885917659982,5.5,122.31,1.68
sub-705,pipipi,fast,70,True,True,4.921117639435046,0.4816081205729485,5.0,122.31,1.68
sub-705,kukuku,fast,71,True,False,,,4.5,122.31,1.68
sub-705,pitaku,fast,72,True,True,1.9653520132334927,3.3370782912419052,5.75,122.31,1.68
sub-705,takupi,fast,73,True,True,2.7232328549379123,3.654072153694812,5.75,122.31,1.68
sub-705,pipipi,fast,74,True,True,4.940568697298427,0.669771261947151,5.0,122.31,1.68
sub-705,tatata,fast,75,True,True,4.863672686445532,2.2703631216405213,4.75,122.31,1.68
sub-705,pitaku,fast,76,True,True,2.401467589657064,2.514762922290677,6.0,122.31,1.68
sub-705,kutapi,fast,77,True,True,4.251577824545924,1.315196906471419,2.75,122.31,1.68
sub-705,tatata,fast,78,True,True,4.295408523768048,2.808089099790566,4.0,122.31,1.68
sub-705,kukuku,fast,79,True,False,,,4.25,122.31,1.68
sub-705,pitaku,fast,80,True,True,3.090145563452414,2.009734739986512,5.75,122.31,1.68
sub-705,tatata,fast,81,True,True,3.787769023471456,3.301554950487578,3.75,122.31,1.68
sub-705,kukuku,fast,82,True,False,,,3.75,122.31,1.68
sub-705,takupi,fast,83,True,False,,,5.5,122.31,1.68
sub-705,pipipi,fast,84,True,True,3.196838306254681,0.9005512730406355,3.25,122.31,1.68
sub-705,tatata,fast,85,True,True,3.472121604848835,4.144636348848618,3.5,122.31,1.68
sub-705,kutapi,fast,86,True,True,3.1724968978314223,2.886743215707268,5.5,122.31,1.68
sub-705,pipipi,fast,87,True,True,3.3874357120476435,0.7374468922915094,3.25,122.31,1.68
sub-705,kukuku,fast,88,True,True,2.8343849835500685,1.2798429017963553,3.0,122.31,1.68
sub-705,pitaku,fast,89,True,True,4.166545925818602,2.2529776053423056,5.25,122.31,1.68
sub-705,tatata,fast,90,True,True,3.0449787521207803,4.107915787056348,3.0,122.31,1.68
sub-705,pipipi,fast,91,True,True,2.880100870381521,0.8475780816353744,3.0,122.31,1.68
sub-705,takupi,fast,92,True,False,,,5.25,122.31,1.68
sub-705,kukuku,fast,93,True,True,3.1724968978314227,2.135239142099242,3.0,122.31,1.68
sub-705,pitaku,fast,94,True,True,2.0798066185450588,3.319162589446356,5.0,122.31,1.68
sub-705,kutapi,fast,95,True,True,3.196838306254681,2.3701841249960527,5.0,122.31,1.68
sub-705,tatata,fast,96,True,True,2.8472978991926663,4.759202234592017,3.0,122.31,1.68
sub-705,kukuku,fast,97,True,True,1.5077970781008203,2.1314525747764836,2.75,122.31,1.68
sub-705,takupi,fast,98,True,False,,,5.25,122.31,1.68
sub-705,pipipi,fast,99,True,False,,,3.0,122.31,1.68
sub-705,kukuku,fast,100,True,True,2.665167969606781,0.9512222005848888,3.0,122.31,1.68
sub-705,pitaku,fast,101,True,True,1.6621859933180445,4.112583898692213,5.25,122.31,1.68
sub-705,kutapi,fast,102,True,True,4.058324243425876,3.5424567219303125,5.0,122.31,1.68
sub-705,tatata,fast,103,True,True,3.5713253342147704,2.6199089513317126,3.5,122.31,1.68
sub-705,kukuku,fast,104,True,False,,,3.5,122.31,1.68
sub-705,takupi,fast,105,True,True,2.8026095672089,3.3066706155694785,2.0,122.31,1.68
sub-705,kutapi,fast,106,True,True,2.983207319749808,1.8322010717848336,5.5,122.31,1.68
sub-705,tatata,fast,107,True,True,3.342149376938956,1.9278873382429216,3.25,122.31,1.68
sub-705,kukuku,fast,108,True,False,,,3.25,122.31,1.68
sub-705,takupi,fast,109,True,True,2.8603292150461543,3.1542955124337837,5.75,122.31,1.68
sub-705,pipipi,fast,110,True,True,3.2382483600392993,1.2669039773187345,3.25,122.31,1.68
sub-705,kukuku,fast,111,True,False,,,3.25,122.31,1.68
sub-705,takupi,fast,112,True,True,2.783883890813295,2.355213300922925,5.75,122.31,1.68
sub-705,kutapi,fast,113,True,True,3.793517046965613,2.1181851430937115,5.75,122.31,1.68
sub-705,pipipi,fast,114,True,True,3.8579131696764497,0.7886322043597191,4.0,122.31,1.68
sub-705,kukuku,fast,115,True,False,,,4.25,122.31,1.68
sub-705,pitaku,fast,116,True,True,3.7146028736260615,1.6970207800921582,5.75,122.31,1.68
sub-705,tatata,fast,117,True,True,3.5918501924573834,4.073444276567212,3.25,122.31,1.68
sub-705,kutapi,fast,118,True,True,3.5815583580950423,2.13845126495678,5.75,122.31,1.68
sub-705,pipipi,fast,119,True,True,3.893968432944454,1.1716595019485592,3.5,122.31,1.68
sub-705,kukuku,fast,120,True,False,,,4.0,122.31,1.68
sub-726,kukuku,normal,1,True,True,3.3199592722731595,3.527102274572438,3.25,112.13,1.84
sub-726,tatata,normal,2,True,True,3.1093648408229964,3.438871074361458,2.0,112.13,1.84
sub-726,kutapi,normal,3,True,True,3.6178427380921687,2.3204459904537664,3.75,112.13,1.84
sub-726,dadada,normal,4,True,False,,,4.25,112.13,1.84
sub-726,kukuku,normal,5,True,True,2.7471750901337244,2.5576302267003967,4.5,112.13,1.84
sub-726,pitaku,normal,6,True,True,3.5918524885369094,4.857445476155009,2.5,112.13,1.84
sub-726,dadada,normal,7,True,True,3.213276776377492,3.9066796568715656,3.5,112.13,1.84
sub-726,tatata,normal,8,True,True,3.467308366188196,4.114217171237031,4.25,112.13,1.84
sub-726,kutapi,normal,9,True,True,3.6230859884372304,1.6190549437060069,4.0,112.13,1.84
sub-726,bibibi,normal,10,True,True,3.369176997333813,3.565617355543594,3.5,112.13,1.84
sub-726,tatata,normal,11,True,True,3.392034371806906,3.7314454140302846,4.0,112.13,1.84
sub-726,kutapi,normal,12,True,True,3.302416554850316,3.696899104938893,2.0,112.13,1.84
sub-726,dadada,normal,13,True,False,,,2.0,112.13,1.84
sub-726,kukuku,normal,14,True,True,1.4293478170507083,3.858808070998574,2.5,112.13,1.84
sub-726,takupi,normal,15,True,False,,,2.366863905325443,112.13,1.84
sub-726,gugugu,normal,16,True,True,1.3088635246186853,0.7272466522807628,3.25,112.13,1.84
sub-726,kukuku,normal,17,True,False,,,2.0,112.13,1.84
sub-726,pitaku,normal,18,True,False,,,2.1937842778793417,112.13,1.84
sub-726,gugugu,normal,19,True,False,,,3.25,112.13,1.84
sub-726,pipipi,normal,20,True,False,,,2.9411764705882355,112.13,1.84
sub-726,kutapi,normal,21,True,True,3.3966429594796783,4.800259234737471,2.0,112.13,1.84
sub-726,dadada,normal,22,True,False,,,3.5,112.13,1.84
sub-726,kukuku,normal,23,True,True,2.6594991682734506,4.0473657214269885,4.5,112.13,1.84
sub-726,pitaku,normal,24,True,True,3.2807470054816843,3.652383012104398,3.5,112.13,1.84
sub-726,tatata,normal,25,True,True,3.3782827272662748,3.480897614930962,2.25,112.13,1.84
sub-726,pipipi,normal,26,True,True,3.04869416850859,3.65135833343926,2.25,112.13,1.84
sub-726,takupi,normal,27,True,False,,,3.0,112.13,1.84
sub-726,kukuku,normal,28,True,True,3.3601199169046287,5.60305377909339,2.0,112.13,1.84
sub-726,dadada,normal,29,True,True,2.84729979291235,4.0867138172132265,5.5,112.13,1.84
sub-726,pitaku,normal,30,True,False,,,2.0,112.13,1.84
sub-726,kukuku,normal,31,True,False,,,8.284023668639053,112.13,1.84
sub-726,gugugu,normal,32,True,False,,,3.25,112.13,1.84
sub-726,kutapi,normal,33,True,True,3.306784680128365,1.5396387229086343,2.0,112.13,1.84
sub-726,pipipi,normal,34,True,True,3.5210270678549915,6.291998263669364,2.0,112.13,1.84
sub-726,dadada,normal,35,True,True,3.4915212544372123,3.7892112675455385,4.25,112.13,1.84
sub-726,pitaku,normal,36,True,True,1.1425636280516651,1.6479082338969595,3.25,112.13,1.84
sub-726,kukuku,normal,37,True,True,3.2132766300476137,1.6041615146492028,2.5,112.13,1.84
sub-726,bibibi,normal,38,True,True,1.391942771813499,2.7716423895164404,3.0,112.13,1.84
sub-726,pitaku,normal,39,True,True,3.1249115227213045,4.688168356945516,2.5,112.13,1.84
sub-726,dadada,normal,40,True,True,1.700632121208873,2.641060942984872,2.25,112.13,1.84
sub-726,gugugu,normal,41,True,True,1.582233593973723,4.391854325519345,3.25,112.13,1.84
sub-726,kutapi,normal,42,True,True,3.306784495341908,4.404215765780215,3.5,112.13,1.84
sub-726,dadada,normal,43,True,True,3.25088306694211,1.9356309387129311,3.25,112.13,1.84
sub-726,pipipi,normal,44,True,True,2.7055509507342883,3.3554241747522564,5.75,112.13,1.84
sub-726,takupi,normal,45,True,True,1.3750985030134668,2.0682152367893547,2.0,112.13,1.84
sub-726,kukuku,normal,46,True,True,3.2893803664190564,6.240001080983543,2.0,112.13,1.84
sub-726,tatata,normal,47,True,True,3.405897927082401,4.34548801037421,4.75,112.13,1.84
sub-726,pitaku,normal,48,True,True,3.3874377757161014,4.799042333407927,2.0,112.13,1.84
sub-726,dadada,normal,49,True,True,3.3511113652526574,1.2159295058962307,3.25,112.13,1.84
sub-726,bibibi,normal,50,True,True,1.8768236324913532,3.9010404812985566,3.0,112.13,1.84
sub-726,pitaku,normal,51,True,True,0.7204406566220412,1.8728086341354668,3.5,112.13,1.84
sub-726,kukuku,normal,52,True,True,3.2807468221502405,5.68642358876804,2.0,112.13,1.84
sub-726,dadada,normal,53,True,True,3.857915244565561,2.3172822119758765,2.0,112.13,1.84
sub-726,pitaku,normal,54,True,False,,,2.75,112.13,1.84
sub-726,kukuku,normal,55,True,False,,,3.944773175542406,112.13,1.84
sub-726,gugugu,normal,56,True,False,,,3.25,112.13,1.84
sub-726,takupi,normal,57,True,True,3.2807468221502405,4.104739116067883,2.5,112.13,1.84
sub-726,dadada,normal,58,True,True,1.8490599692888183,3.411561944993581,2.25,112.13,1.84
sub-726,bibibi,normal,59,True,True,3.3556095013133995,3.4727371606402544,2.75,112.13,1.84
sub-726,kutapi,normal,60,False,False,,,4.651162790697675,112.13,1.84
sub-726,tatata,normal,61,True,False,,,2.366863905325443,112.13,1.84
sub-726,gugugu,normal,62,True,False,,,3.25,112.13,1.84
sub-726,pitaku,normal,63,True,True,3.4625058413990595,1.2207393376837654,2.0,112.13,1.84
sub-726,bibibi,normal,64,True,False,,,2.366863905325443,112.13,1.84
sub-726,gugugu,normal,65,True,True,2.863607351076886,1.419059395167552,3.0,112.13,1.84
sub-726,takupi,normal,66,True,False,,,3.25,112.13,1.84
sub-726,kukuku,normal,67,True,False,,,9.140767824497258,112.13,1.84
sub-726,gugugu,normal,68,True,False,,,3.25,112.13,1.84
sub-726,takupi,normal,69,True,True,3.298059653680898,2.6395136606013327,3.0,112.13,1.84
sub-726,pipipi,normal,70,True,True,3.4915212534778224,6.001605137891172,3.75,112.13,1.84
sub-726,dadada,normal,71,True,True,3.2893805493291057,2.6316506745888084,5.5,112.13,1.84
sub-726,takupi,normal,72,True,False,,,3.25,112.13,1.84
sub-726,kukuku,normal,73,True,False,,,2.0,112.13,1.84
sub-726,bibibi,normal,74,True,True,3.1564762847097483,2.3717992677237056,5.75,112.13,1.84
sub-726,takupi,normal,75,True,True,3.4721239131807233,1.5041621242597252,3.5,112.13,1.84
sub-726,pipipi,normal,76,True,True,3.229882709935558,4.392709884035982,2.5,112.13,1.84
sub-726,tatata,normal,77,True,True,3.8758592519226673,3.833242524637692,5.25,112.13,1.84
sub-726,kutapi,normal,78,True,True,3.1564762847097483,1.8818889914303665,2.75,112.13,1.84
sub-726,pipipi,normal,79,True,True,3.306784679219737,2.1427217766074573,6.25,112.13,1.84
sub-726,takupi,normal,80,True,False,,,9.284332688588009,112.13,1.84
sub-726,bibibi,normal,81,True,True,3.306784679219737,2.004112203799888,2.0,112.13,1.84
sub-726,pipipi,normal,82,True,True,2.937637153337393,4.0956995166815515,5.0,112.13,1.84
sub-726,takupi,normal,83,True,True,3.2937143840449545,5.371878140372218,2.25,112.13,1.84
sub-726,dadada,normal,84,True,True,3.168478095678226,1.873600444769652,3.25,112.13,1.84
sub-726,pipipi,normal,85,True,True,3.2551161686069277,2.261255757429616,6.5,112.13,1.84
sub-726,takupi,normal,86,True,True,1.6533923396098684,2.0953343934830047,2.0,112.13,1.84
sub-726,bibibi,normal,87,True,True,3.1886852263904606,5.147050393245374,3.25,112.13,1.84
sub-726,tatata,normal,88,True,True,2.896789359779978,3.4927062360061756,5.25,112.13,1.84
sub-726,pitaku,normal,89,True,False,,,4.753199268738574,112.13,1.84
sub-726,gugugu,normal,90,True,False,,,3.25,112.13,1.84
sub-726,dadada,normal,91,True,True,3.0901473640174553,2.7539501088137968,6.0,112.13,1.84
sub-726,takupi,normal,92,True,True,3.3920342164045056,1.5795843532545968,3.25,112.13,1.84
sub-726,pipipi,normal,93,True,True,3.0863323672717535,4.354992447446573,2.75,112.13,1.84
sub-726,tatata,normal,94,True,True,3.2807470045802116,1.7736714156227809,2.0,112.13,1.84
sub-726,pitaku,normal,95,True,True,3.4915212534778233,4.7915011579846185,2.25,112.13,1.84
sub-726,dadada,normal,96,True,True,2.537999205573727,4.070819914473006,2.0,112.13,1.84
sub-726,tatata,normal,97,True,True,3.9998867479841937,2.9138421874167637,5.25,112.13,1.84
sub-726,kutapi,normal,98,True,True,3.136674049548458,5.018173326211829,2.75,112.13,1.84
sub-726,dadada,normal,99,True,True,3.1564762847097483,4.633303482908389,3.25,112.13,1.84
sub-726,tatata,normal,100,True,False,,,3.4482758620689657,112.13,1.84
sub-726,kutapi,normal,101,True,True,3.5409762558137245,4.273682278867447,2.0,112.13,1.84
sub-726,dadada,normal,102,True,True,3.2807470296646843,3.8155790688207674,2.0,112.13,1.84
sub-726,tatata,normal,103,True,True,3.011962935668059,1.9664898768701689,5.75,112.13,1.84
sub-726,pitaku,normal,104,True,False,,,3.5,112.13,1.84
sub-726,kukuku,normal,105,True,True,3.415203875142746,5.531475161145112,2.5,112.13,1.84
sub-726,tatata,normal,106,True,True,3.9183843833926177,5.5765617609279,4.75,112.13,1.84
sub-726,kutapi,normal,107,True,False,,,5.118829981718465,112.13,1.84
sub-726,gugugu,normal,108,True,True,1.3006915903249163,2.2966158480839223,3.25,112.13,1.84
sub-726,tatata,normal,109,True,True,4.362878248873455,2.516296277069644,6.0,112.13,1.84
sub-726,kutapi,normal,110,True,False,,,2.9250457038391224,112.13,1.84
sub-726,gugugu,normal,111,True,True,0.8440004174896992,1.5780327844901514,3.25,112.13,1.84
sub-726,kukuku,normal,112,True,True,3.974450296668505,1.619808178412149,5.75,112.13,1.84
sub-726,takupi,normal,113,True,True,3.3782827521682286,1.4454835810580278,3.5,112.13,1.84
sub-726,pipipi,normal,114,True,True,3.124911545755612,4.422612358836249,2.75,112.13,1.84
sub-726,tatata,normal,115,True,True,3.8818776965908226,1.4602607626898667,2.25,112.13,1.84
sub-726,pitaku,normal,116,True,True,3.472123939728457,0.8158182084316339,2.0,112.13,1.84
sub-726,bibibi,normal,117,True,True,3.8818776965908217,3.1863550395816027,5.75,112.13,1.84
sub-726,kutapi,normal,118,True,True,3.540976255813725,1.35604195551252,2.0,112.13,1.84
sub-726,pipipi,normal,119,True,True,3.4721239397284576,3.1968193865358803,2.0,112.13,1.84
sub-726,dadada,normal,120,True,False,,,2.390438247011952,112.13,1.84
sub-726,pitaku,normal,121,True,False,,,3.75,112.13,1.84
sub-726,kukuku,normal,122,True,True,3.467307879244419,1.0263432599838564,3.25,112.13,1.84
sub-726,pipipi,normal,123,True,True,2.14402142447275,3.380062871089658,2.0,112.13,1.84
sub-726,kutapi,normal,124,True,True,3.221557965122715,4.041092544392429,3.25,112.13,1.84
sub-726,tatata,normal,125,True,True,2.9832088077986,1.534314285720349,3.0,112.13,1.84
sub-726,bibibi,normal,126,True,True,3.0412761325246063,1.5825820959255328,6.0,112.13,1.84
sub-726,takupi,normal,127,True,True,3.4292578613651936,1.581311842002216,3.25,112.13,1.84
sub-726,pipipi,normal,128,True,True,3.3067843663164367,4.5484348686544,3.0,112.13,1.84
sub-726,tatata,normal,129,True,True,3.906139032711291,5.609587430159641,2.0,112.13,1.84
sub-726,kutapi,normal,130,True,True,3.333238641246968,3.256120484145997,3.25,112.13,1.84
sub-726,pipipi,normal,131,True,True,3.2807466941407175,2.2940119784548845,2.0,112.13,1.84
sub-726,bibibi,normal,132,True,True,3.602203142557963,4.600460356555355,5.75,112.13,1.84
sub-726,kutapi,normal,133,True,False,,,2.7613412228796843,112.13,1.84
sub-726,gugugu,normal,134,True,False,,,3.25,112.13,1.84
sub-726,pipipi,normal,135,True,True,1.2437457616593164,3.388774681828342,6.0,112.13,1.84
sub-726,takupi,normal,136,True,False,,,2.5594149908592323,112.13,1.84
sub-726,gugugu,normal,137,True,True,1.0481882519644554,1.4867721061217862,3.25,112.13,1.84
sub-726,bibibi,normal,138,True,True,2.595980250192343,2.0792920822811665,7.0,112.13,1.84
sub-726,takupi,normal,139,True,False,,,4.339250493096647,112.13,1.84
sub-726,gugugu,normal,140,True,False,,,3.5,112.13,1.84
sub-726,bibibi,normal,141,True,True,2.880102322944138,1.663490549593187,4.75,112.13,1.84
sub-726,pitaku,normal,142,True,False,,,3.25,112.13,1.84
sub-726,kukuku,normal,143,True,False,,,2.9250457038391224,112.13,1.84
sub-726,gugugu,normal,144,True,False,,,3.25,112.13,1.84
sub-726,kutapi,normal,145,True,True,3.556086509694896,1.9786255608924856,3.75,112.13,1.84
sub-726,bibibi,normal,146,True,True,3.229882191622108,2.509366788665668,3.25,112.13,1.84
sub-726,pipipi,normal,147,True,True,3.2721581365386276,2.691675110345626,5.75,112.13,1.84
sub-726,takupi,normal,148,True,True,3.324373425951478,1.5597282993084534,3.25,112.13,1.84
sub-726,bibibi,normal,149,True,True,3.1016486554783023,6.072702621973766,3.0,112.13,1.84
sub-726,tatata,normal,150,True,True,2.2726625602868284,4.4526112884252615,2.0,112.13,1.84
sub-726,pitaku,normal,151,True,False,,,9.140767824497258,112.13,1.84
sub-726,gugugu,normal,152,True,True,0.7696825173385196,3.042134044385291,3.25,112.13,1.84
sub-726,pipipi,normal,153,True,True,2.093742727232422,3.046523038289579,6.0,112.13,1.84
sub-726,kutapi,normal,154,True,True,3.4915206931780887,1.0630733147288058,3.25,112.13,1.84
sub-726,bibibi,normal,155,True,False,,,5.522682445759369,112.13,1.84
sub-726,gugugu,normal,156,True,True,0.8864995802537274,0.9076113424502914,3.5,112.13,1.84
sub-726,pitaku,normal,157,True,False,,,3.0,112.13,1.84
sub-726,kukuku,normal,158,True,True,3.4625052857555567,0.8820070659518446,3.5,112.13,1.84
sub-726,bibibi,normal,159,True,True,3.0011150255888492,1.6548501398749194,4.25,112.13,1.84
sub-726,pitaku,normal,160,True,False,,,2.166064981949458,112.13,1.84
sub-726,dadada,normal,161,True,True,3.5918520744169116,1.5571192283383155,3.5,112.13,1.84
sub-726,bibibi,normal,162,True,True,3.0083381995116376,2.51227580083723,5.75,112.13,1.84
sub-726,takupi,normal,163,True,True,3.3067844494631884,1.5669487866890617,3.5,112.13,1.84
sub-726,pipipi,normal,164,True,False,,,3.75,112.13,1.84
sub-726,kukuku,normal,165,True,True,3.255115942440326,2.7260588398580827,2.0,112.13,1.84
sub-726,takupi,normal,166,True,False,,,5.522682445759369,112.13,1.84
sub-726,gugugu,normal,167,True,True,1.6994758965290078,0.887734687018102,3.25,112.13,1.84
sub-726,pipipi,normal,168,True,True,3.77632786071627,2.6002861773401627,5.25,112.13,1.84
sub-726,kutapi,normal,169,True,True,3.276446977449765,5.108049652717944,3.25,112.13,1.84
sub-726,tatata,normal,170,True,False,,,3.290676416819013,112.13,1.84
sub-726,gugugu,normal,171,True,True,2.6482299192734855,0.852717754544301,3.25,112.13,1.84
sub-726,kutapi,normal,172,True,True,3.476952773009973,1.7777046047216911,3.75,112.13,1.84
sub-726,bibibi,normal,173,True,True,3.180571302537113,6.431860567093782,2.75,112.13,1.84
sub-726,tatata,normal,174,True,True,2.3385678613603087,4.446683880667016,2.0,112.13,1.84
sub-726,pitaku,normal,175,True,False,,,7.10059171597633,112.13,1.84
sub-726,gugugu,normal,176,True,True,1.5943425024197515,0.4639448941931423,3.5,112.13,1.84
sub-726,kukuku,normal,177,True,True,3.0673975997474487,3.5503212422019272,3.25,112.13,1.84
sub-726,takupi,normal,178,True,True,3.906139130928392,1.6329290485165728,4.25,112.13,1.84
sub-726,bibibi,normal,179,True,True,3.4152036117406697,6.175873243623643,3.5,112.13,1.84
sub-726,dadada,normal,180,False,False,,,4.316546762589928,112.13,1.84
sub-726,pitaku,fast,1,True,True,2.893436492035688,3.0975128309306914,2.25,112.13,1.84
sub-726,kukuku,fast,2,True,False,,,5.5,112.13,1.84
sub-726,takupi,fast,3,True,True,2.250161232330184,1.7643596937624375,6.25,112.13,1.84
sub-726,kutapi,fast,4,True,True,4.302804008810386,3.82545608487032,7.0,112.13,1.84
sub-726,pipipi,fast,5,True,True,5.813788672369383,1.6287052230297387,6.0,112.13,1.84
sub-726,takupi,fast,6,True,True,2.3342008675245887,3.706069625813835,7.25,112.13,1.84
sub-726,kutapi,fast,7,True,True,4.655361506738985,3.820703473678022,7.0,112.13,1.84
sub-726,tatata,fast,8,True,True,5.530816657342555,3.2433502781742094,6.25,112.13,1.84
sub-726,kukuku,fast,9,True,True,4.950354711126407,1.595814210178025,5.25,112.13,1.84
sub-726,takupi,fast,10,True,True,2.170077369026766,1.7154076406214944,7.25,112.13,1.84
sub-726,kutapi,fast,11,True,True,3.6763663663512274,4.075982780652264,6.75,112.13,1.84
sub-726,tatata,fast,12,True,True,5.896059266789704,2.66573567997846,6.25,112.13,1.84
sub-726,kukuku,fast,13,True,True,2.5124915870541047,1.870925159616224,5.25,112.13,1.84
sub-726,takupi,fast,14,True,True,2.7501970617368916,1.2383492005972974,7.0,112.13,1.84
sub-726,kutapi,fast,15,True,True,2.4557260600381476,3.70303887366598,7.25,112.13,1.84
sub-726,tatata,fast,16,True,True,5.681657111633714,1.6283507745115688,6.25,112.13,1.84
sub-726,pitaku,fast,17,True,True,2.356200875701069,2.878776194505752,2.5,112.13,1.84
sub-726,kutapi,fast,18,True,False,,,7.5,112.13,1.84
sub-726,tatata,fast,19,True,True,6.053097164936648,1.480869295882746,6.25,112.13,1.84
sub-726,kukuku,fast,20,True,True,4.208634897506457,1.1234859009184284,5.0,112.13,1.84
sub-726,takupi,fast,21,True,True,2.3673571773015043,2.395625678469962,5.0,112.13,1.84
sub-726,kutapi,fast,22,True,True,4.553605062350434,2.846131470775596,6.75,112.13,1.84
sub-726,tatata,fast,23,True,True,6.312952472804013,1.263971576569058,6.5,112.13,1.84
sub-726,pipipi,fast,24,True,True,6.476500464327433,1.3659480971310582,6.75,112.13,1.84
sub-726,takupi,fast,25,True,True,2.5561648049390477,3.3189735723354588,8.0,112.13,1.84
sub-726,kukuku,fast,26,True,True,4.970038129682683,1.3952455452740402,4.75,112.13,1.84
sub-726,pipipi,fast,27,True,True,5.868378355000912,2.0640341038800845,6.5,112.13,1.84
sub-726,kutapi,fast,28,True,True,4.528857208750704,4.870581708384702,7.25,112.13,1.84
sub-726,tatata,fast,29,True,True,5.9240027943848075,3.142027387804445,6.0,112.13,1.84
sub-726,pipipi,fast,30,True,True,5.341729015449549,2.048609571647516,5.5,112.13,1.84
sub-726,takupi,fast,31,True,True,2.6149886812033354,2.0356343807580073,7.25,112.13,1.84
sub-726,pitaku,fast,32,True,True,2.3147492400281373,3.396521700769771,5.0,112.13,1.84
sub-726,tatata,fast,33,True,True,5.422839868178719,4.177129675278519,5.5,112.13,1.84
sub-726,pipipi,fast,34,True,True,5.518607459669733,1.3303032509707506,5.75,112.13,1.84
sub-726,kutapi,fast,35,True,True,4.1252956752976715,4.617685889444613,7.0,112.13,1.84
sub-726,takupi,fast,36,True,True,2.7807888534264613,2.687360416958307,7.0,112.13,1.84
sub-726,kukuku,fast,37,True,True,1.261316437553173,1.9440301014271937,5.0,112.13,1.84
sub-726,pitaku,fast,38,True,True,2.543162949369673,2.9210937093526574,7.5,112.13,1.84
sub-726,kutapi,fast,39,True,True,4.440371543926091,3.3185871667454947,7.0,112.13,1.84
sub-726,pipipi,fast,40,True,True,4.132114345835354,0.8284103083153518,5.75,112.13,1.84
sub-726,tatata,fast,41,False,False,,,,112.13,1.84
sub-726,pitaku,fast,61,True,True,5.896059196145307,2.356443896473415,6.25,112.13,1.84
sub-726,pitaku,fast,42,False,False,,,,112.13,1.84
sub-726,kutapi,fast,62,True,True,2.5457526468081566,2.521965740159102,4.75,112.13,1.84
sub-726,pipipi,fast,63,False,False,,,,112.13,1.84
sub-726,kukuku,fast,43,True,True,4.370505418121695,1.411637046159619,5.25,112.13,1.84
sub-726,kukuku,fast,64,False,False,,,,112.13,1.84
sub-726,tatata,fast,44,True,True,5.746963446357724,3.4152367729589805,6.0,112.13,1.84
sub-726,pitaku,fast,65,False,False,,,,112.13,1.84
sub-726,kutapi,fast,45,True,True,3.5062119202883726,4.558163759483974,7.0,112.13,1.84
sub-726,takupi,fast,66,False,False,,,,112.13,1.84
sub-726,pipipi,fast,46,True,True,5.364654719239506,0.7669352150679725,5.75,112.13,1.84
sub-726,pipipi,fast,67,False,False,,,,112.13,1.84
sub-726,tatata,fast,47,True,True,5.165142766871095,2.641432937720632,6.0,112.13,1.84
sub-726,kukuku,fast,68,False,False,,,,112.13,1.84
sub-726,pitaku,fast,48,True,True,2.3991642026541364,2.652506768974975,4.75,112.13,1.84
sub-726,takupi,fast,69,False,False,,,,112.13,1.84
sub-726,kukuku,fast,49,True,False,,,4.75,112.13,1.84
sub-726,pipipi,fast,70,False,False,,,,112.13,1.84
sub-726,pipipi,fast,50,True,True,5.580198882066095,1.1771654455654552,6.5,112.13,1.84
sub-726,kutapi,fast,71,False,False,,,,112.13,1.84
sub-726,takupi,fast,51,True,False,,,7.5,112.13,1.84
sub-726,tatata,fast,72,False,False,,,,112.13,1.84
sub-726,kukuku,fast,52,True,True,2.347351266822169,1.411116717694779,5.25,112.13,1.84
sub-726,kukuku,fast,73,False,False,,,,112.13,1.84
sub-726,tatata,fast,53,True,True,5.733782337535804,2.248262086370765,5.706874189364462,112.13,1.84
sub-726,takupi,fast,74,False,False,,,,112.13,1.84
sub-726,pitaku,fast,54,True,True,2.6482299779296716,1.745824932358028,4.75,112.13,1.84
sub-726,pipipi,fast,75,False,False,,,,112.13,1.84
sub-726,kutapi,fast,55,True,True,4.355277176246708,2.645552358783265,7.0,112.13,1.84
sub-726,kukuku,fast,76,False,False,,,,112.13,1.84
sub-726,pipipi,fast,56,True,True,5.655948188157488,0.5698263471602143,5.75,112.13,1.84
sub-726,pitaku,fast,77,False,False,,,,112.13,1.84
sub-726,tatata,fast,57,True,True,5.63047094406669,2.929923498465687,5.54089709762533,112.13,1.84
sub-726,kutapi,fast,78,False,False,,,,112.13,1.84
sub-726,kutapi,fast,58,True,True,3.7649534625988106,3.520266071435696,7.75,112.13,1.84
sub-726,tatata,fast,79,False,False,,,,112.13,1.84
sub-726,pipipi,fast,59,True,True,6.112296085979488,1.295885157144692,6.5,112.13,1.84
sub-726,kukuku,fast,80,False,False,,,,112.13,1.84
sub-726,kukuku,fast,60,True,True,2.735152187270908,2.055498074815194,5.25,112.13,1.84
sub-726,takupi,fast,81,True,True,2.4850189902924193,2.442801897904616,5.0,112.13,1.84
sub-726,pipipi,fast,82,True,True,5.896059208099468,0.8439605072193181,6.25,112.13,1.84
sub-726,tatata,fast,83,True,True,5.7602053092953325,1.6013210080773046,6.5,112.13,1.84
sub-726,kutapi,fast,84,True,True,4.901821773008185,3.079283390326909,7.25,112.13,1.84
sub-726,pitaku,fast,85,True,True,2.4605601419627696,2.6563980348330087,2.25,112.13,1.84
sub-726,tatata,fast,86,True,True,5.681657055077669,1.8653162399951435,6.25,112.13,1.84
sub-726,pipipi,fast,87,True,True,6.2654864767773795,1.0042394633546063,6.5,112.13,1.84
sub-726,takupi,fast,88,True,True,2.4776304303609256,2.4143764616032355,7.75,112.13,1.84
sub-726,pitaku,fast,89,True,True,2.32335418609124,2.513789552614486,5.25,112.13,1.84
sub-726,tatata,fast,90,True,True,5.605222206803083,1.8806476939408423,6.25,112.13,1.84
sub-726,pipipi,fast,91,True,True,6.023925552371503,1.9671552546433295,6.25,112.13,1.84
sub-726,takupi,fast,92,True,True,2.4437234645495347,3.071495442081795,7.25,112.13,1.84
sub-726,pitaku,fast,93,True,True,2.4509108865040923,2.610009782434842,7.25,112.13,1.84
sub-726,tatata,fast,94,True,True,5.882186127609823,2.903217544131973,6.0,112.13,1.84
sub-726,kukuku,fast,95,True,True,3.8818774910468545,1.872375908682543,2.25,112.13,1.84
sub-726,pitaku,fast,96,True,False,,,4.0,112.13,1.84
sub-726,takupi,fast,97,True,True,2.6651696207187356,2.52096687722344,7.5,112.13,1.84
sub-726,pipipi,fast,98,True,True,5.630470955482374,0.7877287080738018,6.25,112.13,1.84
sub-726,kutapi,fast,99,True,True,4.08485147750682,3.559040184464596,7.0,112.13,1.84
sub-726,pitaku,fast,100,True,True,2.297728956097586,2.4139032559104994,4.75,112.13,1.84
sub-726,kukuku,fast,101,True,True,4.5453257464688335,1.0498111689376923,5.25,112.13,1.84
sub-726,takupi,fast,102,True,True,2.401468934253466,2.2513791562201044,7.0,112.13,1.84
sub-726,pitaku,fast,103,True,True,2.2521884329350073,2.69887415082078,6.75,112.13,1.84
sub-726,tatata,fast,104,True,True,6.249822901394646,1.6232856155043065,6.25,112.13,1.84
sub-726,kutapi,fast,105,True,True,2.6315043795345874,3.589787921827874,6.75,112.13,1.84
sub-726,pitaku,fast,106,True,True,2.5150192762151486,2.4994481697496713,2.5,112.13,1.84
sub-726,kukuku,fast,107,True,True,3.8818775785059905,1.325003075618728,4.25,112.13,1.84
sub-726,takupi,fast,108,True,True,2.240079892972991,2.1471438925568727,7.0,112.13,1.84
sub-726,pitaku,fast,109,True,True,2.4318377048228186,1.9121014096261195,5.0,112.13,1.84
sub-726,kukuku,fast,110,True,True,2.5405784152010753,1.3337746660907026,5.25,112.13,1.84
sub-726,pipipi,fast,111,True,True,4.332632860585543,1.1921398399772736,7.0,112.13,1.84
sub-726,takupi,fast,112,True,True,2.499929160557858,2.7973036235019553,7.5,112.13,1.84
sub-726,kukuku,fast,113,True,True,2.314749222738757,1.380028780594186,4.75,112.13,1.84
sub-726,pitaku,fast,114,True,False,,,5.0,112.13,1.84
sub-726,takupi,fast,115,True,True,2.3991642615718405,2.890838658537712,6.75,112.13,1.84
sub-726,pipipi,fast,116,True,True,6.774875773869535,1.2531064449590137,6.75,112.13,1.84
sub-726,kutapi,fast,117,True,True,3.405898038907163,3.2016413657774656,7.75,112.13,1.84
sub-726,pitaku,fast,118,True,True,2.2281008561121727,3.3453442189284246,7.25,112.13,1.84
sub-726,tatata,fast,119,True,True,6.328934583690781,1.5698171776585248,7.0,112.13,1.84
sub-726,kutapi,fast,120,True,True,2.477630486182218,3.706719520107578,7.25,112.13,1.84
sub-779,pipipi,normal,1,True,True,3.5459988337126416,0.9562445815721284,3.636363636363636,100.66,1.62
sub-779,kukuku,normal,2,False,False,,,,100.66,1.62
sub-779,pitaku,normal,3,True,False,,,3.5,100.66,1.62
sub-779,kutapi,normal,4,True,True,3.2721586096432103,0.373753796210428,4.044117647058823,100.66,1.62
sub-779,tatata,normal,5,False,False,,,,100.66,1.62
sub-779,gugugu,normal,6,True,False,,,3.2549728752260396,100.66,1.62
sub-779,pitaku,normal,7,True,False,,,3.75,100.66,1.62
sub-779,bibibi,normal,8,True,False,,,2.1238938053097343,100.66,1.62
sub-779,tatata,normal,9,True,False,,,2.6143790849673203,100.66,1.62
sub-779,kutapi,normal,10,True,False,,,3.2586558044806515,100.66,1.62
sub-779,bibibi,normal,11,True,False,,,3.904555314533622,100.66,1.62
sub-779,pipipi,normal,12,True,False,,,2.3346303501945527,100.66,1.62
sub-779,kutapi,normal,13,True,True,3.156476234554814,0.4739186297779261,2.93040293040293,100.66,1.62
sub-779,bibibi,normal,14,True,False,,,3.501945525291829,100.66,1.62
sub-779,tatata,normal,15,True,True,3.396642904575289,1.0335857691812669,3.485838779956427,100.66,1.62
sub-779,kutapi,normal,16,True,False,,,2.028397565922921,100.66,1.62
sub-779,pipipi,normal,17,True,False,,,3.5598705501618126,100.66,1.62
sub-779,dadada,normal,18,True,False,,,2.0366598778004072,100.66,1.62
sub-779,pitaku,normal,19,True,True,3.0939717546626393,0.832049287615888,3.1818181818181817,100.66,1.62
sub-779,bibibi,normal,20,False,False,,,2.6607538802660757,100.66,1.62
sub-779,pipipi,normal,21,True,False,,,2.75,100.66,1.62
sub-779,kukuku,normal,22,True,False,,,2.0,100.66,1.62
sub-779,pitaku,normal,23,True,True,3.525992851105925,1.8379578840452415,3.0,100.66,1.62
sub-779,kutapi,normal,24,True,True,0.7566370857851393,1.7810285618526578,2.75,100.66,1.62
sub-779,tatata,normal,25,True,False,,,3.893805309734513,100.66,1.62
sub-779,gugugu,normal,26,True,False,,,3.25,100.66,1.62
sub-779,pitaku,normal,27,True,False,,,2.75,100.66,1.62
sub-779,bibibi,normal,28,True,True,2.753225695412005,1.5651064768861511,2.25,100.66,1.62
sub-779,tatata,normal,29,True,True,3.2050370915821804,1.5203853180268991,2.25,100.66,1.62
sub-779,kutapi,normal,30,True,False,,,2.25,100.66,1.62
sub-779,bibibi,normal,31,True,True,3.4964040999078327,2.2092642921779673,3.0,100.66,1.62
sub-779,pipipi,normal,32,True,False,,,2.0,100.66,1.62
sub-779,kutapi,normal,33,True,False,,,2.25,100.66,1.62
sub-779,bibibi,normal,34,True,True,3.071165763432556,1.613813616724137,2.0,100.66,1.62
sub-779,tatata,normal,35,True,False,,,2.75,100.66,1.62
sub-779,kutapi,normal,36,True,False,,,2.5,100.66,1.62
sub-779,pipipi,normal,37,True,True,3.041276072304258,2.043928898363909,3.0,100.66,1.62
sub-779,dadada,normal,38,True,False,,,3.0,100.66,1.62
sub-779,pitaku,normal,39,True,False,,,3.25,100.66,1.62
sub-779,bibibi,normal,40,True,False,,,2.9950083194675545,100.66,1.62
sub-779,dadada,normal,41,True,False,,,2.75,100.66,1.62
sub-779,takupi,normal,42,True,False,,,2.75,100.66,1.62
sub-779,kukuku,normal,43,True,True,3.1886851051954284,0.5514986422187782,3.0,100.66,1.62
sub-779,dadada,normal,44,True,True,3.1564761647389097,0.7076717778259711,2.75,100.66,1.62
sub-779,takupi,normal,45,True,False,,,2.5,100.66,1.62
sub-779,kukuku,normal,46,True,False,,,2.0,100.66,1.62
sub-779,dadada,normal,47,True,True,3.3782825979367783,3.516195756991687,2.0,100.66,1.62
sub-779,takupi,normal,48,True,False,,,2.5,100.66,1.62
sub-779,pipipi,normal,49,True,False,,,3.25,100.66,1.62
sub-779,tatata,normal,50,True,True,3.7877713976866914,1.5043260514601045,3.5,100.66,1.62
sub-779,kutapi,normal,51,True,False,,,3.0,100.66,1.62
sub-779,dadada,normal,52,True,False,,,3.25,100.66,1.62
sub-779,kukuku,normal,53,True,True,3.2466611980171636,1.8425021202329803,2.0,100.66,1.62
sub-779,takupi,normal,54,True,False,,,2.75,100.66,1.62
sub-779,dadada,normal,55,True,False,,,2.25,100.66,1.62
sub-779,kukuku,normal,56,True,False,,,3.0,100.66,1.62
sub-779,pitaku,normal,57,True,False,,,4.0,100.66,1.62
sub-779,dadada,normal,58,True,False,,,3.1434184675834973,100.66,1.62
sub-779,gugugu,normal,59,True,False,,,3.25,100.66,1.62
sub-779,kutapi,normal,60,True,False,,,3.202328966521106,100.66,1.62
sub-779,dadada,normal,61,True,False,,,2.25,100.66,1.62
sub-779,kukuku,normal,62,True,False,,,3.5,100.66,1.62
sub-779,pitaku,normal,63,True,False,,,2.25,100.66,1.62
sub-779,bibibi,normal,64,True,False,,,3.25,100.66,1.62
sub-779,pipipi,normal,65,True,False,,,3.0,100.66,1.62
sub-779,takupi,normal,66,True,False,,,3.6429872495446265,100.66,1.62
sub-779,gugugu,normal,67,True,False,,,3.5,100.66,1.62
sub-779,dadada,normal,68,True,False,,,3.0,100.66,1.62
sub-779,kutapi,normal,69,True,False,,,4.735883424408014,100.66,1.62
sub-779,gugugu,normal,70,True,False,,,3.25,100.66,1.62
sub-779,tatata,normal,71,True,False,,,3.25,100.66,1.62
sub-779,kutapi,normal,72,True,False,,,2.914389799635701,100.66,1.62
sub-779,gugugu,normal,73,True,False,,,3.25,100.66,1.62
sub-779,dadada,normal,74,True,False,,,2.5,100.66,1.62
sub-779,pitaku,normal,75,True,False,,,3.25,100.66,1.62
sub-779,bibibi,normal,76,True,False,,,2.357563850687623,100.66,1.62
sub-779,gugugu,normal,77,True,True,1.7793088357810372,2.456891172655764,2.25,100.66,1.62
sub-779,kutapi,normal,78,True,False,,,3.0,100.66,1.62
sub-779,bibibi,normal,79,True,False,,,7.465618860510806,100.66,1.62
sub-779,gugugu,normal,80,True,False,,,2.25,100.66,1.62
sub-779,takupi,normal,81,True,False,,,3.0,100.66,1.62
sub-779,bibibi,normal,82,True,False,,,2.0,100.66,1.62
sub-779,pipipi,normal,83,True,False,,,2.75,100.66,1.62
sub-779,kutapi,normal,84,True,False,,,2.352941176470588,100.66,1.62
sub-779,gugugu,normal,85,True,False,,,3.25,100.66,1.62
sub-779,kukuku,normal,86,True,False,,,2.0,100.66,1.62
sub-779,takupi,normal,87,True,False,,,2.0,100.66,1.62
sub-779,pipipi,normal,88,True,False,,,3.25,100.66,1.62
sub-779,tatata,normal,89,True,False,,,2.5,100.66,1.62
sub-779,kutapi,normal,90,True,False,,,2.5,100.66,1.62
sub-779,bibibi,normal,91,True,False,,,3.0,100.66,1.62
sub-779,pipipi,normal,92,True,False,,,2.25,100.66,1.62
sub-779,takupi,normal,93,True,False,,,2.745098039215686,100.66,1.62
sub-779,gugugu,normal,94,True,False,,,3.5,100.66,1.62
sub-779,pipipi,normal,95,True,False,,,2.0,100.66,1.62
sub-779,takupi,normal,96,True,True,2.0160719497779964,1.109591260901639,2.5,100.66,1.62
sub-779,dadada,normal,97,True,False,,,2.0,100.66,1.62
sub-779,bibibi,normal,98,True,False,,,2.75,100.66,1.62
sub-779,pitaku,normal,99,True,False,,,3.5,100.66,1.62
sub-779,tatata,normal,100,True,False,,,2.0348837209302326,100.66,1.62
sub-779,pipipi,normal,101,True,False,,,2.75,100.66,1.62
sub-779,kutapi,normal,102,True,False,,,3.25,100.66,1.62
sub-779,tatata,normal,103,True,False,,,2.25,100.66,1.62
sub-779,kukuku,normal,104,True,False,,,2.0,100.66,1.62
sub-779,pitaku,normal,105,True,False,,,4.198473282442748,100.66,1.62
sub-779,gugugu,normal,106,True,True,2.2977287540101963,1.639898646275685,3.5,100.66,1.62
sub-779,kukuku,normal,107,True,False,,,2.25,100.66,1.62
sub-779,pitaku,normal,108,True,True,2.0160716809379786,1.2274958929739013,3.25,100.66,1.62
sub-779,tatata,normal,109,True,False,,,3.0534351145038165,100.66,1.62
sub-779,gugugu,normal,110,True,False,,,2.25,100.66,1.62
sub-779,kutapi,normal,111,True,False,,,3.25,100.66,1.62
sub-779,pipipi,normal,112,True,False,,,2.5,100.66,1.62
sub-779,bibibi,normal,113,True,False,,,2.25,100.66,1.62
sub-779,pitaku,normal,114,True,False,,,9.75,100.66,1.62
sub-779,dadada,normal,115,True,True,1.415588269741276,0.9326040311471157,2.75,100.66,1.62
sub-779,tatata,normal,116,True,False,,,2.5,100.66,1.62
sub-779,pitaku,normal,117,True,False,,,4.5,100.66,1.62
sub-779,kukuku,normal,118,True,True,3.8342467551581185,0.937267606913788,3.0,100.66,1.62
sub-779,tatata,normal,119,True,False,,,2.0,100.66,1.62
sub-779,pitaku,normal,120,True,False,,,2.119205298013245,100.66,1.62
sub-779,bibibi,normal,121,True,False,,,2.75,100.66,1.62
sub-779,kukuku,normal,122,True,False,,,2.75,100.66,1.62
sub-779,takupi,normal,123,True,True,2.214286162676323,1.7377913147696151,3.25,100.66,1.62
sub-779,pipipi,normal,124,True,False,,,2.0,100.66,1.62
sub-779,kukuku,normal,125,True,True,2.351767711817092,0.7738475140744772,3.25,100.66,1.62
sub-779,takupi,normal,126,True,False,,,2.1604938271604937,100.66,1.62
sub-779,gugugu,normal,127,True,False,,,2.0,100.66,1.62
sub-779,kukuku,normal,128,True,True,2.2103705372781337,1.695916794285178,3.5,100.66,1.62
sub-779,takupi,normal,129,True,False,,,5.164992826398852,100.66,1.62
sub-779,gugugu,normal,130,True,False,,,2.25,100.66,1.62
sub-779,kukuku,normal,131,True,False,,,3.75,100.66,1.62
sub-779,pitaku,normal,132,True,False,,,5.75,100.66,1.62
sub-779,tatata,normal,133,True,False,,,5.164992826398852,100.66,1.62
sub-779,gugugu,normal,134,True,False,,,2.0,100.66,1.62
sub-779,takupi,normal,135,True,True,2.436578048403089,2.0427930082928443,2.25,100.66,1.62
sub-779,bibibi,normal,136,True,True,1.937929517567108,2.3555905317954684,3.75,100.66,1.62
sub-779,tatata,normal,137,True,False,,,3.0,100.66,1.62
sub-779,kutapi,normal,138,True,False,,,3.091190108191654,100.66,1.62
sub-779,gugugu,normal,139,True,False,,,3.75,100.66,1.62
sub-779,bibibi,normal,140,True,False,,,2.7742749054224465,100.66,1.62
sub-779,takupi,normal,141,True,False,,,2.25,100.66,1.62
sub-779,pipipi,normal,142,True,True,4.125294885847151,0.9039022212856764,2.5,100.66,1.62
sub-779,kukuku,normal,143,True,False,,,3.0,100.66,1.62
sub-779,takupi,normal,144,True,False,,,2.4752475247524752,100.66,1.62
sub-779,gugugu,normal,145,True,True,1.117036953004188,1.6821823917545036,2.0,100.66,1.62
sub-779,pipipi,normal,146,True,True,3.0787299271223807,3.6697924944444944,2.25,100.66,1.62
sub-779,kutapi,normal,147,True,False,,,3.0,100.66,1.62
sub-779,dadada,normal,148,True,True,6.038475122761772,0.8397560959231614,2.5706940874035986,100.66,1.62
sub-779,pipipi,normal,149,True,False,,,3.75,100.66,1.62
sub-779,kutapi,normal,150,True,True,3.148524812120118,2.575042263537366,3.2345013477088944,100.66,1.62
sub-779,tatata,normal,151,True,False,,,6.849315068493151,100.66,1.62
sub-779,gugugu,normal,152,True,False,,,3.25,100.66,1.62
sub-779,takupi,normal,153,True,True,3.067397178924385,1.625402561383518,3.0,100.66,1.62
sub-779,pipipi,normal,154,True,False,,,3.25,100.66,1.62
sub-779,dadada,normal,155,True,True,1.9025332578564484,1.439077863533977,3.865979381443299,100.66,1.62
sub-779,takupi,normal,156,True,False,,,2.25,100.66,1.62
sub-779,pipipi,normal,157,True,True,3.0524159961213355,3.541398361396231,2.9702970297029703,100.66,1.62
sub-779,gugugu,normal,158,True,True,3.156475632352744,2.9631213047632388,3.25,100.66,1.62
sub-779,pitaku,normal,159,True,True,3.3421506695499645,0.8804401189376412,3.75,100.66,1.62
sub-779,bibibi,normal,160,True,False,,,6.538461538461538,100.66,1.62
sub-779,dadada,normal,161,True,True,6.98304208470133,1.0932591323961485,3.5,100.66,1.62
sub-779,kutapi,normal,162,True,True,3.4292579784953015,2.3711461760899213,3.603603603603604,100.66,1.62
sub-779,gugugu,normal,163,True,True,2.349557393160785,1.0725082855697048,3.5,100.66,1.62
sub-779,tatata,normal,164,True,True,5.506451687936289,1.3740320296353912,3.25,100.66,1.62
sub-779,pitaku,normal,165,True,False,,,3.25,100.66,1.62
sub-779,dadada,normal,166,True,False,,,3.0,100.66,1.62
sub-779,bibibi,normal,167,True,True,3.2050372645167635,1.936876816180031,3.25,100.66,1.62
sub-779,pitaku,normal,168,True,True,2.9796532375722,1.8989432213904576,3.25,100.66,1.62
sub-779,dadada,normal,169,True,True,4.950354586778367,1.4523808698408112,3.5,100.66,1.62
sub-779,kukuku,normal,170,True,True,5.434628405050164,1.5271443418210149,3.25,100.66,1.62
sub-779,takupi,normal,171,True,True,2.7202710188499184,3.190043077186857,3.25,100.66,1.62
sub-779,dadada,normal,172,True,True,2.937636975702791,1.87811764621957,3.25,100.66,1.62
sub-779,kukuku,normal,173,True,False,,,3.0,100.66,1.62
sub-779,pitaku,normal,174,True,True,3.324373758408344,2.577979711249604,3.0,100.66,1.62
sub-779,tatata,normal,175,True,False,,,2.0,100.66,1.62
sub-779,kukuku,normal,176,True,False,,,2.5,100.66,1.62
sub-779,pitaku,normal,177,True,True,4.0715457106239015,1.6045251617807883,2.25,100.66,1.62
sub-779,bibibi,normal,178,True,True,6.112296005679892,2.105047082485039,2.0,100.66,1.62
sub-779,tatata,normal,179,True,True,3.8939705082913942,3.170500794738625,3.75,100.66,1.62
sub-779,kutapi,normal,180,True,False,,,2.345058626465662,100.66,1.62
sub-779,takupi,fast,1,True,True,5.8137878808084995,1.2630504068504598,6.0,100.66,1.62
sub-779,kutapi,fast,2,True,True,7.225227713143513,0.8979750556273491,6.0,100.66,1.62
sub-779,tatata,fast,3,True,True,6.410073817301682,1.3591450851878304,6.75,100.66,1.62
sub-779,kukuku,fast,4,True,False,,,7.0,100.66,1.62
sub-779,takupi,fast,5,True,True,4.295410289944424,0.899162502408553,6.5,100.66,1.62
sub-779,kutapi,fast,6,True,True,5.580198189168875,1.0809129292924815,7.25,100.66,1.62
sub-779,tatata,fast,7,True,True,6.510231220697017,1.9704898446854724,6.5,100.66,1.62
sub-779,pipipi,fast,8,True,True,6.312951486736504,1.750753486163875,6.75,100.66,1.62
sub-779,takupi,fast,9,True,True,5.840955113896391,1.3861203495983578,6.75,100.66,1.62
sub-779,kukuku,fast,10,True,False,,,6.5,100.66,1.62
sub-779,pipipi,fast,11,True,True,6.410073817301682,1.643944568504354,3.5,100.66,1.62
sub-779,kutapi,fast,12,True,True,4.310222049564924,1.0181056565717013,6.5,100.66,1.62
sub-779,tatata,fast,13,True,True,6.720238679429182,1.544917562559191,7.0,100.66,1.62
sub-779,kukuku,fast,14,True,False,,,7.0,100.66,1.62
sub-779,pitaku,fast,15,True,True,4.69029791509879,0.9244868170290292,7.5,100.66,1.62
sub-779,tatata,fast,16,True,True,6.476499452714133,1.7448588188233085,6.75,100.66,1.62
sub-779,pipipi,fast,17,True,True,4.59545733225672,1.0858305826139705,4.0,100.66,1.62
sub-779,kutapi,fast,18,True,True,4.4801591196194535,0.7413750876643297,6.5,100.66,1.62
sub-779,pitaku,fast,19,True,True,4.882673415522765,1.176304863596492,2.5,100.66,1.62
sub-779,tatata,fast,20,True,True,6.510231220697017,1.6659361417553686,6.5,100.66,1.62
sub-779,kukuku,fast,21,True,False,,,6.25,100.66,1.62
sub-779,pitaku,fast,22,True,True,4.273383245472811,1.1683963021012556,6.5,100.66,1.62
sub-779,takupi,fast,23,True,True,3.8108676807951136,1.008600050525888,6.75,100.66,1.62
sub-779,pipipi,fast,24,True,True,5.7602055267317835,0.7776307219538441,6.0,100.66,1.62
sub-779,tatata,fast,25,True,True,6.410074868209216,1.8020545813857856,6.75,100.66,1.62
sub-779,kutapi,fast,26,True,True,5.65594841312578,0.8704720110572879,7.0,100.66,1.62
sub-779,takupi,fast,27,True,True,4.1665486643359895,1.0677086666794793,6.5,100.66,1.62
sub-779,kukuku,fast,28,True,False,,,3.5,100.66,1.62
sub-779,tatata,fast,29,True,True,6.281229142215061,1.5633698609521407,6.5,100.66,1.62
sub-779,pitaku,fast,30,True,True,4.325137021802067,1.2435578394298954,6.75,100.66,1.62
sub-779,takupi,fast,31,True,True,4.496275537053227,1.124818120254079,6.75,100.66,1.62
sub-779,pipipi,fast,32,True,True,5.980691862683238,1.666418819040374,6.25,100.66,1.62
sub-779,kukuku,fast,33,True,False,,,6.75,100.66,1.62
sub-779,takupi,fast,34,True,True,4.258823166271881,0.7433125717491378,6.5,100.66,1.62
sub-779,kutapi,fast,35,True,True,4.5125075787032385,0.7281396849647273,6.25,100.66,1.62
sub-779,tatata,fast,36,True,True,6.510232288024986,1.2512181970508482,6.5,100.66,1.62
sub-779,kukuku,fast,37,True,False,,,4.75,100.66,1.62
sub-779,takupi,fast,38,True,True,4.3552773494801285,1.0781110236374407,7.0,100.66,1.62
sub-779,kutapi,fast,39,True,True,7.1837045936827435,0.8614613797331208,6.25,100.66,1.62
sub-779,tatata,fast,40,True,True,6.720239781187083,1.4887861075009443,6.75,100.66,1.62
sub-779,pipipi,fast,41,True,True,4.152706436157161,0.6564456147986393,6.25,100.66,1.62
sub-779,takupi,fast,42,True,True,4.7891365413153455,1.1223057911479066,7.0,100.66,1.62
sub-779,kukuku,fast,43,True,False,,,7.0,100.66,1.62
sub-779,tatata,fast,44,True,True,6.756565606936786,1.2575484053958537,6.75,100.66,1.62
sub-779,pitaku,fast,45,True,True,4.699115177756786,0.9926257195956092,7.0,100.66,1.62
sub-779,kukuku,fast,46,True,False,,,7.0,100.66,1.62
sub-779,tatata,fast,47,True,True,6.684302873172759,1.0540470303831846,6.75,100.66,1.62
sub-779,pitaku,fast,48,True,True,4.561914734610603,0.6895599624663773,7.0,100.66,1.62
sub-779,kukuku,fast,49,True,False,,,6.5,100.66,1.62
sub-779,pipipi,fast,50,True,True,6.297051069437307,1.6594234370995018,3.25,100.66,1.62
sub-779,takupi,fast,51,True,True,4.4801599902627425,0.9254274050322592,6.75,100.66,1.62
sub-779,kukuku,fast,52,True,False,,,7.0,100.66,1.62
sub-779,pipipi,fast,53,True,True,5.952212558491932,2.2126119288563277,5.5,100.66,1.62
sub-779,kutapi,fast,54,True,True,6.41007506299131,0.8894661172701417,2.0,100.66,1.62
sub-779,tatata,fast,55,True,True,6.578761248859501,1.4222628558314554,7.0,100.66,1.62
sub-779,pipipi,fast,56,True,True,6.09738847455271,1.0161531007179194,4.25,100.66,1.62
sub-779,takupi,fast,57,True,True,5.186575258436953,0.8416316506628352,7.25,100.66,1.62
sub-779,pitaku,fast,58,True,True,5.25195225749288,0.858741293536851,7.5,100.66,1.62
sub-779,tatata,fast,59,True,True,7.142655070190317,0.8777777817584411,7.5,100.66,1.62
sub-779,pipipi,fast,60,True,True,5.9240030203000265,1.0626688683710386,6.75,100.66,1.62
sub-779,kutapi,fast,61,True,True,4.807556260977956,0.9573528051089282,6.75,100.66,1.62
sub-779,pitaku,fast,62,True,True,4.734714499447988,1.000567223017968,8.0,100.66,1.62
sub-779,kukuku,fast,63,True,False,,,7.0,100.66,1.62
sub-779,pipipi,fast,64,True,True,5.733782696579215,0.8421850961829458,5.5,100.66,1.62
sub-779,kutapi,fast,65,True,True,4.789136505188767,0.9654190591982336,2.0,100.66,1.62
sub-779,tatata,fast,66,True,True,7.0619470500241155,0.9733912837669134,7.0,100.66,1.62
sub-779,pitaku,fast,67,True,True,4.545325919470067,0.8098212528409725,7.5,100.66,1.62
sub-779,kukuku,fast,68,True,False,,,6.75,100.66,1.62
sub-779,pipipi,fast,69,True,True,5.617818552154016,1.102295598476787,3.75,100.66,1.62
sub-779,kutapi,fast,70,True,True,4.970038281726714,0.890464355611515,7.0,100.66,1.62
sub-779,tatata,fast,71,True,True,6.905881921846786,0.9031752402157344,6.75,100.66,1.62
sub-779,pipipi,fast,72,True,True,3.263615216329683,0.8696495031707228,3.75,100.66,1.62
sub-779,takupi,fast,73,True,True,4.355277448969577,0.9686292256472342,3.0,100.66,1.62
sub-779,kukuku,fast,74,True,False,,,6.5,100.66,1.62
sub-779,pipipi,fast,75,True,True,4.166548759514228,0.9671950980184096,2.25,100.66,1.62
sub-779,kutapi,fast,76,True,True,4.672764963941192,1.1290889610702566,2.0,100.66,1.62
sub-779,pitaku,fast,77,True,True,4.071546019069279,1.068900688590709,2.25,100.66,1.62
sub-779,kukuku,fast,78,True,False,,,6.75,100.66,1.62
sub-779,takupi,fast,79,True,True,4.807556260977956,0.9927310323023856,7.25,100.66,1.62
sub-779,pipipi,fast,80,True,True,6.1574612209569874,0.8895155114476703,6.25,100.66,1.62
sub-779,tatata,fast,81,True,True,7.309735222757936,1.0685595653562174,7.25,100.66,1.62
sub-779,pitaku,fast,82,True,True,5.186575614487996,0.8904123873161005,8.0,100.66,1.62
sub-779,takupi,fast,83,True,True,5.555398769296033,0.9856203777570424,8.25,100.66,1.62
sub-779,pipipi,fast,84,True,True,6.234238020407019,1.2401850991483698,6.5,100.66,1.62
sub-779,kutapi,fast,85,True,True,4.570254929036955,0.7860093360079952,7.25,100.66,1.62
sub-779,pitaku,fast,86,True,True,4.553605548603304,0.9059209255749652,2.5,100.66,1.62
sub-779,kukuku,fast,87,True,False,,,6.75,100.66,1.62
sub-779,pipipi,fast,88,True,True,6.510232932768786,1.165318368901476,4.0,100.66,1.62
sub-779,kutapi,fast,89,True,True,4.37050602479583,0.8643548061830928,2.0,100.66,1.62
sub-779,pitaku,fast,90,True,True,4.699115500344388,0.8267160168061993,7.25,100.66,1.62
sub-779,kukuku,fast,91,True,False,,,7.25,100.66,1.62
sub-779,takupi,fast,92,True,True,4.770857721723691,0.8237973173476618,7.0,100.66,1.62
sub-779,kutapi,fast,93,True,True,4.699115500344388,0.8282479632657589,7.0,100.66,1.62
sub-779,pipipi,fast,94,True,True,6.157461690106438,1.1630946596508398,2.0,100.66,1.62
sub-779,takupi,fast,95,True,True,4.921120957053571,0.8923062535993322,5.0,100.66,1.62
sub-779,pitaku,fast,96,True,True,4.921120957053571,0.7491339113024225,8.0,100.66,1.62
sub-779,tatata,fast,97,True,True,6.983043145763168,1.295330457069232,6.75,100.66,1.62
sub-779,kutapi,fast,98,True,True,5.070850803617067,0.653951135630944,7.0,100.66,1.62
sub-779,takupi,fast,99,True,True,3.5970207858751277,0.7409814590824806,2.25,100.66,1.62
sub-779,kukuku,fast,100,True,False,,,6.5,100.66,1.62
sub-779,pitaku,fast,101,True,True,4.288042577495674,0.8215688798308216,2.5,100.66,1.62
sub-779,kutapi,fast,102,True,True,5.274111440253119,0.8086636909574159,2.0,100.66,1.62
sub-779,tatata,fast,103,True,True,6.963590035320273,0.9543267590832168,7.0,100.66,1.62
sub-779,pitaku,fast,104,True,True,4.646707848847543,0.7534522201117597,2.0,100.66,1.62
sub-779,kutapi,fast,105,True,True,4.7708565318320195,0.566260367476064,2.0,100.66,1.62
sub-779,pipipi,fast,106,True,True,5.98069096334923,1.109545918287437,3.0,100.66,1.62
sub-779,takupi,fast,107,True,True,5.274111440253119,0.767419597675917,8.0,100.66,1.62
sub-779,kutapi,fast,108,True,True,5.101895556489752,0.7149567189538031,2.25,100.66,1.62
sub-779,pipipi,fast,109,True,True,5.38777763508616,1.2855320974295896,3.5,100.66,1.62
sub-779,tatata,fast,110,True,True,7.14265377908565,0.6552453374268863,7.75,100.66,1.62
sub-779,pitaku,fast,111,True,True,5.506451151277485,0.8176844978139908,2.0,100.66,1.62
sub-779,kukuku,fast,112,True,False,,,7.0,100.66,1.62
sub-779,takupi,fast,113,True,True,2.900149446264476,1.2088993383978277,8.0,100.66,1.62
sub-779,pitaku,fast,114,True,True,4.989877889580795,0.8880404555214065,2.0,100.66,1.62
sub-779,kukuku,fast,115,True,False,,,7.25,100.66,1.62
sub-779,takupi,fast,116,True,True,5.530815979380483,0.6288946810631808,7.75,100.66,1.62
sub-779,pitaku,fast,117,True,True,4.863674752295678,0.9505306413136524,8.0,100.66,1.62
sub-779,tatata,fast,118,True,True,6.684301664919727,1.1656161992195688,7.25,100.66,1.62
sub-779,kutapi,fast,119,True,True,4.7708565318320195,0.7281541674074061,2.0,100.66,1.62
sub-779,pitaku,fast,120,True,True,7.10207051897721,0.7819836883321774,2.5,100.66,1.62
sub-787,pipipi,normal,1,True,False,,,3.5,106.67500000000001,1.69
sub-787,kukuku,normal,2,True,True,2.4413365543355603,6.0522012242722365,2.0,106.67500000000001,1.69
sub-787,pitaku,normal,3,True,True,1.199581876986379,3.2587317335966457,3.25,106.67500000000001,1.69
sub-787,kutapi,normal,4,True,True,4.012726535537101,4.5637640532507415,4.25,106.67500000000001,1.69
sub-787,tatata,normal,5,True,False,,,2.1937842778793417,106.67500000000001,1.69
sub-787,gugugu,normal,6,True,False,,,4.25,106.67500000000001,1.69
sub-787,pitaku,normal,7,True,True,3.9307053956597704,2.910399702970071,4.5,106.67500000000001,1.69
sub-787,bibibi,normal,8,True,True,4.20863405999935,4.813641158525979,3.5,106.67500000000001,1.69
sub-787,tatata,normal,9,True,True,2.2201852856479696,4.374974637439188,2.25,106.67500000000001,1.69
sub-787,kutapi,normal,10,True,True,4.409045205713605,2.4372633816260114,4.0,106.67500000000001,1.69
sub-787,bibibi,normal,11,True,True,4.370504600768556,4.049538393795834,2.75,106.67500000000001,1.69
sub-787,pipipi,normal,12,True,True,2.3429509199996383,5.488035259314742,2.0,106.67500000000001,1.69
sub-787,kutapi,normal,13,True,True,4.180482661604706,2.2920091660818525,4.5,106.67500000000001,1.69
sub-787,bibibi,normal,14,True,True,4.416835038232533,3.8014279582215593,2.25,106.67500000000001,1.69
sub-787,tatata,normal,15,True,True,2.1852523003842776,5.0620388670799805,3.0,106.67500000000001,1.69
sub-787,kutapi,normal,16,True,True,4.409045205713605,2.5878133611624916,4.5,106.67500000000001,1.69
sub-787,pipipi,normal,17,True,True,4.504375912864169,1.1916621173651611,4.5,106.67500000000001,1.69
sub-787,dadada,normal,18,True,True,4.152705368172117,4.349934373830262,2.25,106.67500000000001,1.69
sub-787,pitaku,normal,19,True,True,4.2588222004082015,1.7817322853920183,4.5,106.67500000000001,1.69
sub-787,bibibi,normal,20,True,False,,,2.2408963585434174,106.67500000000001,1.69
sub-787,dadada,normal,21,True,True,4.5870252505841815,3.803946716449822,4.5,106.67500000000001,1.69
sub-787,takupi,normal,22,True,True,4.752716276745968,2.418967770037282,4.5,106.67500000000001,1.69
sub-787,kukuku,normal,23,True,False,,,4.5,106.67500000000001,1.69
sub-787,dadada,normal,41,True,False,,,4.0,106.67500000000001,1.69
sub-787,takupi,normal,42,True,True,4.038656966466347,1.7948100790893529,4.0,106.67500000000001,1.69
sub-787,kukuku,normal,43,True,True,3.822520890279311,2.3018256246694904,4.0,106.67500000000001,1.69
sub-787,dadada,normal,44,True,True,2.900149260142308,3.6969880321788686,3.75,106.67500000000001,1.69
sub-787,takupi,normal,45,True,False,,,3.25,106.67500000000001,1.69
sub-787,pipipi,normal,46,True,True,3.067397131586097,5.918185801436171,3.0,106.67500000000001,1.69
sub-787,tatata,normal,47,True,True,2.1814386232484027,2.8146263266812452,3.5,106.67500000000001,1.69
sub-787,kutapi,normal,48,True,False,,,3.25,106.67500000000001,1.69
sub-787,dadada,normal,49,True,True,3.324373221067378,5.7709414534660795,3.25,106.67500000000001,1.69
sub-787,kukuku,normal,50,True,False,,,3.25,106.67500000000001,1.69
sub-787,takupi,normal,51,True,True,3.221557554436429,6.279900430271244,3.0,106.67500000000001,1.69
sub-787,dadada,normal,52,True,True,2.0193284832331737,5.475204603713112,3.75,106.67500000000001,1.69
sub-787,kukuku,normal,53,True,True,3.581559688026746,1.2932764487302115,3.5,106.67500000000001,1.69
sub-787,pitaku,normal,54,True,False,,,3.5,106.67500000000001,1.69
sub-787,dadada,normal,55,True,False,,,3.806228373702422,106.67500000000001,1.69
sub-787,gugugu,normal,56,True,True,2.3019600941461036,5.886480549024274,3.5,106.67500000000001,1.69
sub-787,kutapi,normal,57,True,False,,,3.0,106.67500000000001,1.69
sub-787,dadada,normal,61,True,True,3.6442110226944298,1.6643695212045235,3.5,106.67500000000001,1.69
sub-787,kukuku,normal,62,True,True,3.364641671020698,2.4361442630370247,3.5,106.67500000000001,1.69
sub-787,pitaku,normal,63,True,True,2.3718489198940973,5.771719396784218,2.0,106.67500000000001,1.69
sub-787,bibibi,normal,64,True,False,,,3.0,106.67500000000001,1.69
sub-787,pipipi,normal,65,True,False,,,3.5,106.67500000000001,1.69
sub-787,takupi,normal,66,True,False,,,2.8985507246376807,106.67500000000001,1.69
sub-787,gugugu,normal,67,True,True,2.006363372045248,4.115921566565701,3.75,106.67500000000001,1.69
sub-787,dadada,normal,68,True,True,3.4058974953247665,4.175001501581251,3.25,106.67500000000001,1.69
sub-787,kutapi,normal,69,True,False,,,2.1739130434782608,106.67500000000001,1.69
sub-787,gugugu,normal,70,True,True,1.3645899353539184,9.33819286038403,4.0,106.67500000000001,1.69
sub-787,tatata,normal,71,True,True,3.5062114467999694,1.8698609419291543,3.5,106.67500000000001,1.69
sub-787,kutapi,normal,72,True,False,,,3.2608695652173907,106.67500000000001,1.69
sub-787,gugugu,normal,73,True,True,1.9409384794785545,4.533709755070954,3.5,106.67500000000001,1.69
sub-787,dadada,normal,74,True,True,3.415203226186309,1.7351664178813024,3.5,106.67500000000001,1.69
sub-787,pitaku,normal,75,True,True,3.443428046237436,5.701296177296966,3.5,106.67500000000001,1.69
sub-787,bibibi,normal,76,True,False,,,2.34375,106.67500000000001,1.69
sub-787,gugugu,normal,77,True,True,2.9515097539178026,7.308706621923377,3.0,106.67500000000001,1.69
sub-787,kutapi,normal,78,True,True,2.4800880571114865,6.402453267391761,3.75,106.67500000000001,1.69
sub-787,bibibi,normal,79,True,False,,,2.734375,106.67500000000001,1.69
sub-787,gugugu,normal,80,True,True,2.834386350984557,7.198872808430847,3.0,106.67500000000001,1.69
sub-787,takupi,normal,81,True,True,4.0062957370382835,6.6659988290678545,2.0,106.67500000000001,1.69
sub-787,bibibi,normal,82,True,True,2.376357927672898,5.068459050298701,4.0,106.67500000000001,1.69
sub-787,pipipi,normal,83,True,True,3.109363855611802,6.712316071508688,3.0,106.67500000000001,1.69
sub-787,kutapi,normal,84,True,False,,,3.118908382066277,106.67500000000001,1.69
sub-787,gugugu,normal,85,True,True,2.5328556635378807,6.145128850021398,3.75,106.67500000000001,1.69
sub-787,kukuku,normal,86,True,False,,,3.25,106.67500000000001,1.69
sub-787,takupi,normal,87,True,False,,,3.25,106.67500000000001,1.69
sub-787,pipipi,normal,88,True,True,3.263614281869306,4.299638497706891,3.75,106.67500000000001,1.69
sub-787,tatata,normal,89,True,True,2.824778011199874,7.59874294428071,2.75,106.67500000000001,1.69
sub-787,kutapi,normal,90,True,False,,,3.0,106.67500000000001,1.69
sub-787,bibibi,normal,91,True,True,1.9334327454848323,5.871265725057611,4.0,106.67500000000001,1.69
sub-787,pipipi,normal,92,True,True,3.4058971933404476,2.1440216618296546,3.5,106.67500000000001,1.69
sub-787,takupi,normal,93,True,True,3.6126134969824975,2.1278213187177837,3.5087719298245617,106.67500000000001,1.69
sub-787,gugugu,normal,94,True,True,2.765407676893682,5.605768243640914,4.0,106.67500000000001,1.69
sub-787,pipipi,normal,95,True,True,3.1968395651047175,7.808666230905185,2.0,106.67500000000001,1.69
sub-787,takupi,normal,96,True,True,2.097255486503262,4.204273574143436,4.0,106.67500000000001,1.69
sub-787,dadada,normal,97,True,False,,,3.75,106.67500000000001,1.69
sub-787,bibibi,normal,98,True,True,3.462504902925053,7.162009449263783,3.5,106.67500000000001,1.69
sub-787,pitaku,normal,99,True,True,3.571326485588412,4.58161163619636,4.0,106.67500000000001,1.69
sub-787,tatata,normal,100,True,False,,,2.1505376344086025,106.67500000000001,1.69
sub-787,pipipi,normal,101,True,False,,,3.5,106.67500000000001,1.69
sub-787,kutapi,normal,102,True,True,2.682326875086725,5.119352663677302,4.0,106.67500000000001,1.69
sub-787,tatata,normal,103,True,True,3.949334356367817,3.1041032112746256,4.0,106.67500000000001,1.69
sub-787,kukuku,normal,104,True,True,3.731236787434071,2.365081593469453,3.75,106.67500000000001,1.69
sub-787,pitaku,normal,105,True,False,,,2.687140115163148,106.67500000000001,1.69
sub-787,gugugu,normal,106,True,True,2.651037802312649,7.409593884034131,4.25,106.67500000000001,1.69
sub-787,kukuku,normal,107,True,False,,,4.0,106.67500000000001,1.69
sub-787,pitaku,normal,108,True,True,4.032142979969077,6.01339793611524,4.0,106.67500000000001,1.69
sub-787,tatata,normal,109,True,False,,,2.3032629558541267,106.67500000000001,1.69
sub-787,gugugu,normal,110,True,False,,,3.75,106.67500000000001,1.69
sub-787,kutapi,normal,111,True,True,2.232079149625739,7.935335145295815,4.0,106.67500000000001,1.69
sub-787,pipipi,normal,112,True,True,3.857914579600043,6.593893389733976,3.75,106.67500000000001,1.69
sub-787,bibibi,normal,113,True,False,,,3.75,106.67500000000001,1.69
sub-787,pitaku,normal,114,True,False,,,3.25,106.67500000000001,1.69
sub-787,dadada,normal,115,True,True,1.0133476479857426,4.164488102178266,3.75,106.67500000000001,1.69
sub-787,tatata,normal,116,True,True,3.687210394661988,2.7772988106653393,4.0,106.67500000000001,1.69
sub-787,pitaku,normal,117,True,True,3.681780040619776,6.765751104890317,3.75,106.67500000000001,1.69
sub-787,kukuku,normal,118,True,True,2.574591810072943,11.478717935679958,4.25,106.67500000000001,1.69
sub-787,tatata,normal,119,True,False,,,3.5,106.67500000000001,1.69
sub-787,pitaku,normal,120,True,False,,,3.75,106.67500000000001,1.69
sub-787,bibibi,normal,121,True,True,3.443428191518693,2.260842827628503,3.5,106.67500000000001,1.69
sub-787,kukuku,normal,122,True,False,,,2.75,106.67500000000001,1.69
sub-787,takupi,normal,123,True,True,3.5815599814363477,5.2812549223319,2.25,106.67500000000001,1.69
sub-787,pipipi,normal,124,True,False,,,3.25,106.67500000000001,1.69
sub-787,kukuku,normal,125,True,True,3.846044410834724,2.70088653395738,3.25,106.67500000000001,1.69
sub-787,takupi,normal,126,True,False,,,2.339181286549708,106.67500000000001,1.69
sub-787,gugugu,normal,127,True,True,2.0357726930314097,5.988430481865008,4.0,106.67500000000001,1.69
sub-787,kukuku,normal,128,True,True,3.869858927310481,5.788112876128686,4.0,106.67500000000001,1.69
sub-787,takupi,normal,129,True,True,3.968141058797732,1.7957938416321202,3.616636528028933,106.67500000000001,1.69
sub-787,gugugu,normal,130,True,True,2.65385230046982,6.506848280831823,4.0,106.67500000000001,1.69
sub-787,kukuku,normal,131,True,False,,,3.0,106.67500000000001,1.69
sub-787,pitaku,normal,132,True,False,,,3.75,106.67500000000001,1.69
sub-787,tatata,normal,133,True,False,,,3.9783001808318263,106.67500000000001,1.69
sub-787,gugugu,normal,134,True,True,3.881877122736912,1.8700831067872716,4.0,106.67500000000001,1.69
sub-787,takupi,normal,135,True,True,3.76495311301592,6.053003714397869,4.0,106.67500000000001,1.69
sub-787,bibibi,normal,136,True,True,3.770631775328161,1.9032825047381232,3.75,106.67500000000001,1.69
sub-787,tatata,normal,137,True,False,,,3.75,106.67500000000001,1.69
sub-787,kutapi,normal,138,True,False,,,2.339181286549708,106.67500000000001,1.69
sub-787,gugugu,normal,139,True,True,3.654866764682121,3.4636754785021564,4.0,106.67500000000001,1.69
sub-787,bibibi,normal,140,True,False,,,4.5060658578856145,106.67500000000001,1.69
sub-787,takupi,normal,141,True,True,2.0357724633191085,5.321796157601785,4.0,106.67500000000001,1.69
sub-787,pipipi,normal,142,True,False,,,3.5,106.67500000000001,1.69
sub-787,kukuku,normal,143,True,True,3.8342462959445784,5.27939690528245,3.75,106.67500000000001,1.69
sub-787,takupi,normal,144,True,False,,,2.325581395348837,106.67500000000001,1.69
sub-787,gugugu,normal,145,True,True,3.4434278029695125,6.994460627516531,4.25,106.67500000000001,1.69
sub-787,pipipi,normal,146,True,True,4.045191885041855,1.4443620464375115,4.0,106.67500000000001,1.69
sub-787,kutapi,normal,147,True,True,2.837603388145137,5.798209845914083,4.25,106.67500000000001,1.69
sub-787,dadada,normal,148,True,True,3.968140611041056,4.599189523064064,4.0,106.67500000000001,1.69
sub-787,pipipi,normal,149,True,False,,,3.75,106.67500000000001,1.69
sub-787,kutapi,normal,150,True,True,3.8818766847140767,4.690016840921777,4.0,106.67500000000001,1.69
sub-787,tatata,normal,151,True,False,,,2.872531418312388,106.67500000000001,1.69
sub-787,gugugu,normal,152,True,True,4.045191885041855,5.120681401384957,4.0,106.67500000000001,1.69
sub-787,takupi,normal,153,True,True,2.1114261697262378,7.873243981433834,3.25,106.67500000000001,1.69
sub-787,pipipi,normal,154,True,True,3.91838336199979,5.298272058491087,3.5,106.67500000000001,1.69
sub-787,dadada,normal,155,True,False,,,3.75,106.67500000000001,1.69
sub-787,takupi,normal,156,True,True,2.8343861507436117,5.781863986473208,3.75,106.67500000000001,1.69
sub-787,pipipi,normal,157,True,False,,,3.875968992248062,106.67500000000001,1.69
sub-787,gugugu,normal,158,True,True,3.7201318228509903,1.1786721037374015,3.75,106.67500000000001,1.69
sub-787,pitaku,normal,159,True,True,2.052486522952271,6.845703681760894,3.25,106.67500000000001,1.69
sub-787,bibibi,normal,160,True,True,1.7482018076614445,6.988113813359236,4.2723631508678235,106.67500000000001,1.69
sub-787,dadada,normal,161,True,True,3.906138545786306,2.875148059787419,4.0,106.67500000000001,1.69
sub-787,kutapi,normal,162,True,True,4.058325761855901,4.9557151195831874,3.956834532374101,106.67500000000001,1.69
sub-787,gugugu,normal,163,True,True,2.7593031670013635,7.030289222053894,4.25,106.67500000000001,1.69
sub-787,tatata,normal,164,True,True,4.032143015005218,1.2013762990638837,4.0,106.67500000000001,1.69
sub-787,pitaku,normal,165,True,False,,,3.75,106.67500000000001,1.69
sub-787,dadada,normal,166,True,True,2.9549984270723817,6.198236564424469,4.25,106.67500000000001,1.69
sub-787,bibibi,normal,167,True,True,3.6495309040923143,2.936536283588228,3.75,106.67500000000001,1.69
sub-787,pitaku,normal,168,True,True,4.00629594439621,0.7988381361603079,4.0,106.67500000000001,1.69
sub-787,dadada,normal,169,True,True,2.7562609363872492,3.905830910699736,4.25,106.67500000000001,1.69
sub-787,kukuku,normal,170,True,True,3.857914613122276,2.5515398122171717,3.75,106.67500000000001,1.69
sub-787,takupi,normal,171,True,True,3.930705454879301,4.019190464576861,4.0,106.67500000000001,1.69
sub-787,dadada,normal,172,True,True,2.492451315357164,7.065931713997538,4.25,106.67500000000001,1.69
sub-787,kukuku,normal,173,True,True,3.4866508637423084,5.7265097847645094,3.5,106.67500000000001,1.69
sub-787,pitaku,normal,174,True,True,3.822520901075283,2.788387422288343,3.75,106.67500000000001,1.69
sub-787,tatata,normal,175,True,True,2.093742604106562,4.52829733968035,4.0,106.67500000000001,1.69
sub-787,kukuku,normal,176,True,False,,,3.5,106.67500000000001,1.69
sub-787,pitaku,normal,177,True,False,,,3.25,106.67500000000001,1.69
sub-787,bibibi,normal,178,True,True,3.443427919150462,1.577855963639653,3.75,106.67500000000001,1.69
sub-787,tatata,normal,179,True,True,3.6022026935205123,1.7910899726353475,3.75,106.67500000000001,1.69
sub-787,kutapi,normal,180,True,False,,,3.098106712564544,106.67500000000001,1.69
sub-787,takupi,fast,1,True,True,2.436577936590327,10.132450637825263,5.0,106.67500000000001,1.69
sub-787,kutapi,fast,2,True,True,3.3737232968173756,7.428144691223335,6.0,106.67500000000001,1.69
sub-787,tatata,fast,3,True,True,5.813788285910871,5.424579637206444,5.75,106.67500000000001,1.69
sub-787,kukuku,fast,4,True,False,,,5.25,106.67500000000001,1.69
sub-787,takupi,fast,5,True,False,,,6.25,106.67500000000001,1.69
sub-787,kutapi,fast,6,True,True,3.364641942048015,5.170493787124358,6.5,106.67500000000001,1.69
sub-787,tatata,fast,7,True,True,5.422839399005803,6.478016145391881,5.25,106.67500000000001,1.69
sub-787,pipipi,fast,8,True,True,5.630470637256025,5.031417751833292,5.5,106.67500000000001,1.69
sub-787,takupi,fast,9,True,False,,,6.25,106.67500000000001,1.69
sub-787,kukuku,fast,10,True,False,,,5.5,106.67500000000001,1.69
sub-787,pipipi,fast,11,True,True,5.868377847280928,4.25898043730444,6.0,106.67500000000001,1.69
sub-787,kutapi,fast,12,True,True,4.448272176052803,6.568369425810387,6.25,106.67500000000001,1.69
sub-787,tatata,fast,13,True,True,5.9522118165278,4.928336766225044,5.75,106.67500000000001,1.69
sub-787,kukuku,fast,14,True,False,,,5.5,106.67500000000001,1.69
sub-787,pitaku,fast,15,True,True,2.566662179611576,6.872953265279675,6.25,106.67500000000001,1.69
sub-787,tatata,fast,16,True,True,5.7868725994020265,6.338852741377796,5.75,106.67500000000001,1.69
sub-787,pipipi,fast,17,True,True,5.643180503254346,4.040831449219255,5.75,106.67500000000001,1.69
sub-787,kutapi,fast,18,True,True,3.238249951996988,5.6557916296459005,6.25,106.67500000000001,1.69
sub-787,pitaku,fast,19,True,True,2.7173140901539945,8.081208532818273,5.75,106.67500000000001,1.69
sub-787,tatata,fast,20,True,True,5.7469631331992534,5.44348332435756,5.75,106.67500000000001,1.69
sub-787,kukuku,fast,21,True,False,,,6.0,106.67500000000001,1.69
sub-787,pitaku,fast,22,True,True,2.129411178270714,8.93268031282927,6.0,106.67500000000001,1.69
sub-787,takupi,fast,23,True,True,2.029162924748229,10.725308464311512,6.0,106.67500000000001,1.69
sub-787,pipipi,fast,24,True,True,5.720660694027045,3.492615382711731,6.0,106.67500000000001,1.69
sub-787,tatata,fast,25,True,True,5.7469625822754455,4.856170548917216,5.75,106.67500000000001,1.69
sub-787,kutapi,fast,26,True,True,3.6126137619795062,5.841907206155005,6.25,106.67500000000001,1.69
sub-787,takupi,fast,27,True,True,2.264428191385705,9.68266710679982,6.75,106.67500000000001,1.69
sub-787,kukuku,fast,28,True,False,,,5.75,106.67500000000001,1.69
sub-787,tatata,fast,29,True,True,6.187942384380739,4.170433045420113,6.25,106.67500000000001,1.69
sub-787,pitaku,fast,30,True,True,2.100780439739343,8.915535938902273,6.25,106.67500000000001,1.69
sub-787,takupi,fast,31,True,True,1.8853157792532564,8.195814154801699,6.0,106.67500000000001,1.69
sub-787,pipipi,fast,32,True,True,5.229976408556105,4.074488382395629,5.5,106.67500000000001,1.69
sub-787,kukuku,fast,33,True,False,,,5.5,106.67500000000001,1.69
sub-787,takupi,fast,34,True,True,2.0780787392267817,10.651370024141912,6.0,106.67500000000001,1.69
sub-787,kutapi,fast,35,True,True,5.605221352667756,7.722889301073321,6.25,106.67500000000001,1.69
sub-787,tatata,fast,36,True,True,5.411101132661947,5.476997983737509,5.5,106.67500000000001,1.69
sub-787,kukuku,fast,37,True,False,,,2.75,106.67500000000001,1.69
sub-787,takupi,fast,38,True,True,2.0832739360748485,8.369473407291059,6.25,106.67500000000001,1.69
sub-787,kutapi,fast,39,True,True,3.48179487923373,5.55167841360913,6.5,106.67500000000001,1.69
sub-787,tatata,fast,40,True,True,5.655947337759771,5.904436394649309,5.75,106.67500000000001,1.69
sub-787,pipipi,fast,41,True,True,5.251951145941987,3.5172213915789747,5.25,106.67500000000001,1.69
sub-787,takupi,fast,42,True,True,2.0193285504591163,8.593239646526028,6.0,106.67500000000001,1.69
sub-787,kukuku,fast,43,True,False,,,5.5,106.67500000000001,1.69
sub-787,tatata,fast,44,True,True,6.038475230599965,2.8895610911025287,5.75,106.67500000000001,1.69
sub-787,pitaku,fast,45,True,True,2.145861584093035,10.133016389305698,6.25,106.67500000000001,1.69
sub-787,kukuku,fast,46,True,False,,,6.0,106.67500000000001,1.69
sub-787,tatata,fast,47,True,True,6.038475230599965,2.31880962991649,6.0,106.67500000000001,1.69
sub-787,pitaku,fast,48,True,True,2.1644404722670005,8.059935538173502,6.0,106.67500000000001,1.69
sub-787,kukuku,fast,49,True,False,,,6.0,106.67500000000001,1.69
sub-787,pipipi,fast,50,True,True,5.813787780159037,2.1544678021370647,5.75,106.67500000000001,1.69
sub-787,takupi,fast,51,True,True,2.03577259402963,9.682213815323705,6.25,106.67500000000001,1.69
sub-787,kukuku,fast,52,True,False,,,6.0,106.67500000000001,1.69
sub-787,pipipi,fast,53,True,True,5.896058361953739,4.304578116321784,5.75,106.67500000000001,1.69
sub-787,kutapi,fast,54,True,True,4.152705557256455,5.666603262306155,6.25,106.67500000000001,1.69
sub-787,tatata,fast,55,True,True,6.187942439278182,3.5954398721918635,6.25,106.67500000000001,1.69
sub-787,pipipi,fast,56,True,True,6.009444099683619,2.418983228146491,6.25,106.67500000000001,1.69
sub-787,takupi,fast,57,True,True,2.054173168010177,8.097234363900974,6.5,106.67500000000001,1.69
sub-787,pitaku,fast,58,True,True,2.13851902948536,8.162005984920544,6.5,106.67500000000001,1.69
sub-787,tatata,fast,59,True,True,5.9806907786325025,4.246569182579529,6.0,106.67500000000001,1.69
sub-787,pipipi,fast,60,True,True,5.733781526303636,2.8809895854997754,5.75,106.67500000000001,1.69
sub-787,kutapi,fast,61,True,True,5.9806901165338635,5.189023829581895,6.25,106.67500000000001,1.69
sub-787,pitaku,fast,62,True,True,2.6823266831664743,7.400284281315885,6.5,106.67500000000001,1.69
sub-787,kukuku,fast,63,True,False,,,5.75,106.67500000000001,1.69
sub-787,pipipi,fast,64,True,True,6.009443434401816,2.6695376585540327,6.0,106.67500000000001,1.69
sub-787,kutapi,fast,65,True,True,6.097386509051596,4.5526561873176075,6.25,106.67500000000001,1.69
sub-787,tatata,fast,66,True,True,6.053095565886573,2.525674224610237,6.0,106.67500000000001,1.69
sub-787,pitaku,fast,67,True,True,2.1644402326503505,7.584932588100101,6.0,106.67500000000001,1.69
sub-787,kukuku,fast,68,True,False,,,5.5,106.67500000000001,1.69
sub-787,pipipi,fast,69,True,True,5.655946761789943,2.339191712445503,5.75,106.67500000000001,1.69
sub-787,kutapi,fast,70,True,True,3.4721228732099365,6.345595400656366,6.25,106.67500000000001,1.69
sub-787,tatata,fast,71,True,True,6.127275658605774,4.323125447476043,6.25,106.67500000000001,1.69
sub-787,pipipi,fast,72,True,True,5.630469524124222,2.6400662032378985,6.0,106.67500000000001,1.69
sub-787,takupi,fast,73,True,True,2.1569702059630327,10.789530931176248,6.25,106.67500000000001,1.69
sub-787,kukuku,fast,74,True,False,,,6.0,106.67500000000001,1.69
sub-787,pipipi,fast,75,True,True,5.506450371610472,2.045829739889639,6.0,106.67500000000001,1.69
sub-787,kutapi,fast,76,True,True,4.152705097526835,7.524828915319309,6.5,106.67500000000001,1.69
sub-787,pitaku,fast,77,True,True,2.173850842357526,7.636705327405215,6.25,106.67500000000001,1.69
sub-787,kukuku,fast,78,True,False,,,5.5,106.67500000000001,1.69
sub-787,takupi,fast,79,True,True,2.055862227558515,10.367671151882655,6.0,106.67500000000001,1.69
sub-787,pipipi,fast,80,True,True,5.341727497246059,3.4036095677927563,5.5,106.67500000000001,1.69
sub-787,tatata,fast,81,True,True,5.840954960957519,3.4450699778780507,6.0,106.67500000000001,1.69
sub-787,pitaku,fast,82,True,True,2.1458615650556383,8.866422619268754,6.25,106.67500000000001,1.69
sub-787,takupi,fast,83,True,True,2.1221805800422904,9.314192793984374,6.5,106.67500000000001,1.69
sub-787,pipipi,fast,84,True,True,5.605221352667756,2.5461153629704985,5.75,106.67500000000001,1.69
sub-787,kutapi,fast,85,True,True,4.332632102755317,6.879331560298196,6.25,106.67500000000001,1.69
sub-787,pitaku,fast,86,True,True,2.5150188363076644,7.351817741477741,6.25,106.67500000000001,1.69
sub-787,kukuku,fast,87,True,False,,,4.75,106.67500000000001,1.69
sub-787,pipipi,fast,88,True,True,5.186574114709167,1.58069219410012,5.25,106.67500000000001,1.69
sub-787,kutapi,fast,89,True,True,2.9480291548228994,6.090160422402809,2.0,106.67500000000001,1.69
sub-787,pitaku,fast,90,True,True,2.164440453064778,7.8170174191611,6.5,106.67500000000001,1.69
sub-787,kukuku,fast,91,True,False,,,5.0,106.67500000000001,1.69
sub-787,takupi,fast,92,True,False,,,5.75,106.67500000000001,1.69
sub-787,kutapi,fast,93,True,True,3.259359482776816,6.743684947267136,6.25,106.67500000000001,1.69
sub-787,pipipi,fast,94,True,True,5.69459845851895,2.23278063038265,5.75,106.67500000000001,1.69
sub-787,takupi,fast,95,True,True,2.1776382607054168,8.618335197529607,6.5,106.67500000000001,1.69
sub-787,pitaku,fast,96,True,False,,,6.75,106.67500000000001,1.69
sub-787,tatata,fast,97,True,True,5.555397162866265,3.5354076002976624,5.5,106.67500000000001,1.69
sub-787,kutapi,fast,98,True,True,4.173503711669146,5.421456051152744,6.25,106.67500000000001,1.69
sub-787,takupi,fast,99,True,True,1.984070415309379,10.311548499098777,6.0,106.67500000000001,1.69
sub-787,kukuku,fast,100,True,False,,,5.25,106.67500000000001,1.69
sub-787,pitaku,fast,101,True,False,,,6.75,106.67500000000001,1.69
sub-787,kutapi,fast,102,True,True,4.166548140605156,4.860084682224391,6.25,106.67500000000001,1.69
sub-787,tatata,fast,103,True,True,5.318997626304455,3.0832613969029845,5.25,106.67500000000001,1.69
sub-787,pitaku,fast,104,True,True,2.14586170331596,8.377430981346688,6.25,106.67500000000001,1.69
sub-787,kutapi,fast,105,True,True,3.217411691586993,5.578186907957335,6.0,106.67500000000001,1.69
sub-787,pipipi,fast,106,True,True,5.681656555370667,1.72676994489407,5.75,106.67500000000001,1.69
sub-787,takupi,fast,107,True,True,2.062647594358988,8.462511560349327,6.5,106.67500000000001,1.69
sub-787,kutapi,fast,108,True,True,3.687210743898368,8.191187108477573,5.5,106.67500000000001,1.69
sub-787,pipipi,fast,109,True,True,5.530816115847552,2.439009031543753,5.75,106.67500000000001,1.69
sub-787,tatata,fast,110,True,True,5.411101481305397,4.902699487804282,5.5,106.67500000000001,1.69
sub-787,pitaku,fast,111,True,True,2.12218071677682,9.583240688177524,6.0,106.67500000000001,1.69
sub-787,kukuku,fast,112,True,False,,,5.75,106.67500000000001,1.69
sub-787,takupi,fast,113,True,True,2.055862569377544,9.742184463272508,6.25,106.67500000000001,1.69
sub-787,pitaku,fast,114,True,True,2.2768022626257687,7.805643850579052,6.5,106.67500000000001,1.69
sub-787,kukuku,fast,115,True,False,,,5.25,106.67500000000001,1.69
sub-787,takupi,fast,116,True,True,2.062647594358988,9.617898337538728,6.0,106.67500000000001,1.69
sub-787,pitaku,fast,117,True,True,2.1348666817789015,9.975173606103477,6.5,106.67500000000001,1.69
sub-787,tatata,fast,118,True,True,5.5064512871433795,4.207098051563355,5.25,106.67500000000001,1.69
sub-787,kutapi,fast,119,True,True,3.521026597694498,6.716431657994024,6.0,106.67500000000001,1.69
sub-787,pitaku,fast,120,True,True,2.106090045798731,9.830125123827772,6.25,106.67500000000001,1.69
sub-860,kukuku,normal,1,True,True,4.901821625331526,1.1853239957236248,5.0,106.025,1.61
sub-860,tatata,normal,2,True,True,3.521026801294476,2.493075028570562,4.5,106.025,1.61
sub-860,kutapi,normal,3,True,True,4.882673884607575,1.9857286761878592,5.0,106.025,1.61
sub-860,dadada,normal,4,True,False,,,9.282700421940929,106.025,1.61
sub-860,kukuku,normal,5,True,True,1.361617118147646,2.2559615353404983,3.0,106.025,1.61
sub-860,pitaku,normal,6,True,True,3.4625055802203297,1.802206246577029,2.75,106.025,1.61
sub-860,dadada,normal,7,True,True,3.3067844297871405,2.9706143315384317,2.0,106.025,1.61
sub-860,tatata,normal,8,True,True,1.9999432231352623,2.9796609599342077,3.0,106.025,1.61
sub-860,kutapi,normal,9,True,True,3.7649533568058406,1.449710976163935,3.5,106.025,1.61
sub-860,bibibi,normal,10,True,True,3.443428414489089,2.9691316950626963,3.75,106.025,1.61
sub-860,tatata,normal,11,True,False,,,2.25,106.025,1.61
sub-860,kutapi,normal,12,True,True,3.188684985866171,1.8798473980194712,2.0,106.025,1.61
sub-860,dadada,normal,13,True,False,,,2.5,106.025,1.61
sub-860,kukuku,normal,14,True,False,,,2.0,106.025,1.61
sub-860,takupi,normal,15,True,False,,,3.1558185404339247,106.025,1.61
sub-860,gugugu,normal,16,True,False,,,3.0,106.025,1.61
sub-860,kukuku,normal,17,True,True,1.6425289283305375,2.5766316029887264,3.25,106.025,1.61
sub-860,pitaku,normal,18,True,False,,,2.5594149908592323,106.025,1.61
sub-860,gugugu,normal,19,True,True,0.7836768115733787,2.496192862798307,3.0,106.025,1.61
sub-860,pipipi,normal,20,True,False,,,2.75,106.025,1.61
sub-860,kutapi,normal,21,True,True,2.4654135997040703,2.314539063898483,2.0,106.025,1.61
sub-860,dadada,normal,22,True,False,,,2.0,106.025,1.61
sub-860,kukuku,normal,23,True,True,1.3788910039161206,4.021284334791592,2.75,106.025,1.61
sub-860,pitaku,normal,24,True,True,3.041276630291882,3.4317159125064984,2.25,106.025,1.61
sub-860,tatata,normal,25,True,True,1.302046557343712,1.5730941228490387,2.25,106.025,1.61
sub-860,pipipi,normal,26,True,True,1.3735875769779815,3.805240779553812,2.0,106.025,1.61
sub-860,takupi,normal,27,True,False,,,2.25,106.025,1.61
sub-860,kukuku,normal,28,True,True,1.4139872115949812,2.5032927918909724,2.0,106.025,1.61
sub-860,dadada,normal,29,True,True,1.358657277228221,3.6353604636681425,2.75,106.025,1.61
sub-860,pitaku,normal,30,True,False,,,2.5,106.025,1.61
sub-860,kukuku,normal,31,True,False,,,2.366863905325443,106.025,1.61
sub-860,gugugu,normal,32,True,False,,,2.75,106.025,1.61
sub-860,kutapi,normal,33,True,True,2.9068946396510777,1.7192856371467489,2.5,106.025,1.61
sub-860,pipipi,normal,34,True,True,3.0155963692399608,2.6680094270803547,2.5,106.025,1.61
sub-860,dadada,normal,35,True,True,1.4898268117401232,3.9397824038640823,2.0,106.025,1.61
sub-860,pitaku,normal,36,True,False,,,2.75,106.025,1.61
sub-860,kukuku,normal,37,True,True,2.631504621157818,1.4702205187436892,2.0,106.025,1.61
sub-860,bibibi,normal,38,True,False,,,2.0,106.025,1.61
sub-860,pitaku,normal,39,True,True,2.272663081909025,3.096326614575686,2.25,106.025,1.61
sub-860,dadada,normal,40,True,False,,,2.547770700636943,106.025,1.61
sub-860,gugugu,normal,41,True,False,,,2.5,106.025,1.61
sub-860,kutapi,normal,42,True,True,2.550948039263758,3.125134721069408,2.5,106.025,1.61
sub-860,dadada,normal,43,True,True,2.507451432776813,1.9823915503817604,2.0,106.025,1.61
sub-860,pipipi,normal,44,True,False,,,2.5,106.025,1.61
sub-860,takupi,normal,45,True,False,,,2.75,106.025,1.61
sub-860,kukuku,normal,46,True,True,3.1724988305564503,4.806076400540203,2.0,106.025,1.61
sub-860,tatata,normal,47,True,True,1.3903943706776878,4.603140402863962,3.25,106.025,1.61
sub-860,pitaku,normal,48,True,True,2.7715399983131737,3.2409703856381302,2.0,106.025,1.61
sub-860,dadada,normal,49,True,True,2.759303618629672,2.3903373090353375,2.0,106.025,1.61
sub-860,bibibi,normal,50,True,True,1.271581423437682,2.093600047355002,2.0,106.025,1.61
sub-860,pitaku,normal,51,True,False,,,3.0,106.025,1.61
sub-860,kukuku,normal,52,True,True,2.948029573677456,3.4714798265421116,2.0,106.025,1.61
sub-860,dadada,normal,53,True,False,,,2.0,106.025,1.61
sub-860,pitaku,normal,54,True,False,,,2.0,106.025,1.61
sub-860,kukuku,normal,55,True,False,,,2.366863905325443,106.025,1.61
sub-860,gugugu,normal,56,True,False,,,3.0,106.025,1.61
sub-860,takupi,normal,57,True,True,2.6538525249240794,4.454783837890549,2.0,106.025,1.61
sub-860,dadada,normal,58,True,True,1.1698311083193649,4.106704891885251,2.0,106.025,1.61
sub-860,bibibi,normal,59,True,True,1.504169120624839,2.666161380418272,2.25,106.025,1.61
sub-860,kutapi,normal,60,False,False,,,2.3529411764705883,106.025,1.61
sub-860,tatata,normal,61,True,False,,,2.7613412228796843,106.025,1.61
sub-860,gugugu,normal,62,True,False,,,2.5,106.025,1.61
sub-860,pitaku,normal,63,True,True,1.6382232133815129,1.9046322646028535,2.75,106.025,1.61
sub-860,bibibi,normal,64,True,False,,,2.366863905325443,106.025,1.61
sub-860,gugugu,normal,65,True,False,,,2.75,106.025,1.61
sub-860,takupi,normal,66,True,False,,,2.75,106.025,1.61
sub-860,kukuku,normal,67,True,False,,,2.1937842778793417,106.025,1.61
sub-860,gugugu,normal,68,True,False,,,2.75,106.025,1.61
sub-860,takupi,normal,69,True,True,2.8900908943586,2.022428866906969,2.5,106.025,1.61
sub-860,pipipi,normal,70,True,True,1.6555818699471447,3.617385260364149,2.5,106.025,1.61
sub-860,dadada,normal,71,True,True,1.031323689612289,2.6674734791030943,2.0,106.025,1.61
sub-860,takupi,normal,72,True,False,,,3.25,106.025,1.61
sub-860,kukuku,normal,73,True,True,3.1366733044167994,1.826108986339504,2.5,106.025,1.61
sub-860,bibibi,normal,74,True,True,1.2024668704281811,3.899750186885657,2.0,106.025,1.61
sub-860,takupi,normal,75,True,True,2.9341885253758084,1.9274021953118472,2.75,106.025,1.61
sub-860,pipipi,normal,76,True,True,2.7114193314752595,3.893272012756914,3.0,106.025,1.61
sub-860,tatata,normal,77,True,False,,,2.25,106.025,1.61
sub-860,kutapi,normal,78,True,True,2.8867536069517192,2.060276421048888,2.0,106.025,1.61
sub-860,pipipi,normal,79,True,True,1.5546819798633014,4.48767067445759,3.0,106.025,1.61
sub-860,takupi,normal,80,False,False,,,2.620087336244542,106.025,1.61
sub-860,bibibi,normal,81,True,True,2.744159216444512,1.789362079807356,2.0,106.025,1.61
sub-860,pipipi,normal,82,True,False,,,2.25,106.025,1.61
sub-860,takupi,normal,83,True,True,2.9273173842868268,2.056635880846573,2.0,106.025,1.61
sub-860,dadada,normal,84,True,True,2.729180181420251,2.3242821386512453,2.5,106.025,1.61
sub-860,pipipi,normal,85,True,True,1.3527754578901243,4.22423062714892,2.5,106.025,1.61
sub-860,takupi,normal,86,True,True,2.6997073932839637,1.5010425834991112,2.0,106.025,1.61
sub-860,bibibi,normal,87,True,True,2.771539962506597,3.905148695248674,2.75,106.025,1.61
sub-860,tatata,normal,88,True,True,1.4334455540028384,3.545613018908938,3.0,106.025,1.61
sub-860,pitaku,normal,89,True,False,,,3.290676416819013,106.025,1.61
sub-860,gugugu,normal,90,True,False,,,3.0,106.025,1.61
sub-860,dadada,normal,91,True,True,1.805002921430289,3.0433180474525523,2.75,106.025,1.61
sub-860,takupi,normal,92,True,True,2.696795087573841,1.840603549507767,2.25,106.025,1.61
sub-860,pipipi,normal,93,True,False,,,2.0,106.025,1.61
sub-860,tatata,normal,94,True,True,1.3368604525031818,4.666192668512206,2.0,106.025,1.61
sub-860,pitaku,normal,95,True,True,2.5772464393618044,2.3199652465129743,2.0,106.025,1.61
sub-860,dadada,normal,96,True,True,2.480088339465228,3.3592610846784687,2.0,106.025,1.61
sub-860,tatata,normal,97,True,True,2.3298499964407737,3.0393177598711656,3.0,106.025,1.61
sub-860,kutapi,normal,98,True,True,2.5986788421839404,1.860391472204423,2.75,106.025,1.61
sub-860,dadada,normal,99,True,False,,,2.0,106.025,1.61
sub-860,tatata,normal,100,True,False,,,2.2988505747126435,106.025,1.61
sub-860,kutapi,normal,101,True,True,2.705550845167994,1.8336746238413577,2.25,106.025,1.61
sub-860,dadada,normal,102,True,True,2.420066777284827,2.782648350539026,2.5,106.025,1.61
sub-860,tatata,normal,103,True,True,2.052486848058478,3.7065630050436,2.25,106.025,1.61
sub-860,pitaku,normal,104,True,False,,,2.0,106.025,1.61
sub-860,kukuku,normal,105,True,True,2.561402644400846,3.8304441112771137,2.5,106.025,1.61
sub-860,tatata,normal,106,True,True,1.3750984493593106,4.751536626854319,2.25,106.025,1.61
sub-860,kutapi,normal,107,True,False,,,2.5735294117647056,106.025,1.61
sub-860,gugugu,normal,108,True,False,,,2.5,106.025,1.61
sub-860,tatata,normal,109,True,False,,,2.0,106.025,1.61
sub-860,kutapi,normal,110,True,False,,,2.1937842778793417,106.025,1.61
sub-860,gugugu,normal,111,True,False,,,2.75,106.025,1.61
sub-860,kukuku,normal,112,True,False,,,2.25,106.025,1.61
sub-860,takupi,normal,113,True,True,2.753225749928663,1.343828082716472,2.75,106.025,1.61
sub-860,pipipi,normal,114,True,True,2.7143637143704957,3.9272799436463206,2.0,106.025,1.61
sub-860,tatata,normal,115,True,False,,,2.0,106.025,1.61
sub-860,pitaku,normal,116,True,True,2.969036794459889,1.285169219695664,2.75,106.025,1.61
sub-860,bibibi,normal,117,True,True,1.445045653719784,1.9787960851655624,2.0,106.025,1.61
sub-860,kutapi,normal,118,True,True,2.765408164751357,1.1102263902840095,2.0,106.025,1.61
sub-860,pipipi,normal,119,True,False,,,2.0,106.025,1.61
sub-860,dadada,normal,120,True,False,,,2.4263431542461005,106.025,1.61
sub-860,pitaku,normal,121,True,False,,,2.5,106.025,1.61
sub-860,kukuku,normal,122,True,True,2.893436479254861,1.3129776843978576,2.25,106.025,1.61
sub-860,pipipi,normal,123,True,True,1.420414271634204,2.6990119887102093,2.0,106.025,1.61
sub-860,kutapi,normal,124,True,True,2.385428547782633,2.6708670891847532,2.5,106.025,1.61
sub-860,tatata,normal,125,True,True,2.9549989575368785,2.084820654469418,2.0,106.025,1.61
sub-860,bibibi,normal,126,True,True,1.8504286588276824,4.009853755215136,2.75,106.025,1.61
sub-860,takupi,normal,127,True,True,3.04498065539123,1.3291142369456797,2.75,106.025,1.61
sub-860,pipipi,normal,128,True,True,2.95151017482432,5.259828056509094,2.0,106.025,1.61
sub-860,tatata,normal,129,True,False,,,2.0,106.025,1.61
sub-860,kutapi,normal,130,True,True,1.8754156924802696,2.067378586510276,2.75,106.025,1.61
sub-860,pipipi,normal,131,True,True,1.5663716278672926,1.1791103666645435,2.0,106.025,1.61
sub-860,bibibi,normal,132,True,False,,,2.0,106.025,1.61
sub-860,kutapi,normal,133,True,False,,,2.366863905325443,106.025,1.61
sub-860,gugugu,normal,134,True,False,,,3.0,106.025,1.61
sub-860,pipipi,normal,135,True,False,,,2.0,106.025,1.61
sub-860,takupi,normal,136,True,False,,,2.5594149908592323,106.025,1.61
sub-860,gugugu,normal,137,True,True,0.8048709330573726,1.956811256774204,3.0,106.025,1.61
sub-860,bibibi,normal,138,True,False,,,2.5,106.025,1.61
sub-860,takupi,normal,139,True,False,,,2.366863905325443,106.025,1.61
sub-860,gugugu,normal,140,True,False,,,2.75,106.025,1.61
sub-860,bibibi,normal,141,True,False,,,2.5,106.025,1.61
sub-860,pitaku,normal,142,True,False,,,2.25,106.025,1.61
sub-860,kukuku,normal,143,True,False,,,2.1937842778793417,106.025,1.61
sub-860,gugugu,normal,144,True,False,,,2.75,106.025,1.61
sub-860,kutapi,normal,145,True,True,2.7114200796480876,1.7644665997381743,2.5,106.025,1.61
sub-860,bibibi,normal,146,True,True,2.699707681895828,1.8721827546853345,2.75,106.025,1.61
sub-860,pipipi,normal,147,True,True,2.2685383969469486,2.4681878265508725,2.0,106.025,1.61
sub-860,takupi,normal,148,True,True,2.7471750697093813,2.330327425672346,2.5,106.025,1.61
sub-860,bibibi,normal,149,True,True,2.708482463093756,3.162599904022115,2.5,106.025,1.61
sub-860,tatata,normal,150,True,False,,,3.0,106.025,1.61
sub-860,pitaku,normal,151,True,False,,,2.9250457038391224,106.025,1.61
sub-860,gugugu,normal,152,True,True,0.5095656978058575,1.906690940661797,2.75,106.025,1.61
sub-860,pipipi,normal,153,True,True,1.502361366247318,4.722162790217336,2.75,106.025,1.61
sub-860,kutapi,normal,154,True,True,2.670864651106343,1.742331923576252,2.0,106.025,1.61
sub-860,bibibi,normal,155,True,False,,,2.366863905325443,106.025,1.61
sub-860,gugugu,normal,156,True,False,,,2.5,106.025,1.61
sub-860,pitaku,normal,157,True,False,,,2.0,106.025,1.61
sub-860,kukuku,normal,158,True,True,2.708482463093756,1.6849080906551226,2.0,106.025,1.61
sub-860,bibibi,normal,159,True,True,2.648230204910526,3.341119015899501,2.75,106.025,1.61
sub-860,pitaku,normal,160,False,False,,,2.870813397129187,106.025,1.61
sub-860,dadada,normal,161,True,True,2.545752786766282,2.54994592166116,2.0,106.025,1.61
sub-860,bibibi,normal,162,True,False,,,2.0,106.025,1.61
sub-860,takupi,normal,163,True,True,2.540578492484237,3.270805820853253,2.25,106.025,1.61
sub-860,pipipi,normal,164,True,False,,,2.75,106.025,1.61
sub-860,kukuku,normal,165,True,True,1.385770086809584,4.960423969199251,2.0,106.025,1.61
sub-860,takupi,normal,166,True,False,,,2.366863905325443,106.025,1.61
sub-860,gugugu,normal,167,True,False,,,2.5,106.025,1.61
sub-860,pipipi,normal,168,True,False,,,2.75,106.025,1.61
sub-860,kutapi,normal,169,True,True,2.2064688760851627,5.341826160880951,2.25,106.025,1.61
sub-860,tatata,normal,170,True,False,,,2.1937842778793417,106.025,1.61
sub-860,gugugu,normal,171,True,False,,,2.5,106.025,1.61
sub-860,kutapi,normal,172,True,True,1.2846501729725024,1.1392481292229792,2.0,106.025,1.61
sub-860,bibibi,normal,173,True,False,,,2.0,106.025,1.61
sub-860,tatata,normal,174,True,False,,,2.75,106.025,1.61
sub-860,pitaku,normal,175,True,False,,,2.7613412228796843,106.025,1.61
sub-860,gugugu,normal,176,True,False,,,2.25,106.025,1.61
sub-860,kukuku,normal,177,True,False,,,2.0,106.025,1.61
sub-860,takupi,normal,178,True,True,2.494939357888712,1.4701311076654058,2.0,106.025,1.61
sub-860,bibibi,normal,179,True,True,2.475177461984643,4.42912669607515,2.5,106.025,1.61
sub-860,dadada,normal,180,True,False,,,2.044989775051125,106.025,1.61
sub-860,pitaku,fast,1,True,True,4.595458013982061,2.4054552945175427,5.0,106.025,1.61
sub-860,kukuku,fast,2,True,False,,,5.0,106.025,1.61
sub-860,takupi,fast,3,True,True,3.8939706535922753,2.5738467626491186,6.0,106.025,1.61
sub-860,kutapi,fast,4,True,True,4.084851567984054,3.908175380499172,4.75,106.025,1.61
sub-860,pipipi,fast,5,True,True,4.844823952725274,2.3615178753647603,5.0,106.025,1.61
sub-860,takupi,fast,6,True,True,5.070850222325032,2.5366788227314823,5.25,106.025,1.61
sub-860,kutapi,fast,7,True,True,3.5111364601211257,3.2377532087136753,5.0,106.025,1.61
sub-860,tatata,fast,8,True,True,4.930826744785486,2.764660833954048,5.25,106.025,1.61
sub-860,kukuku,fast,9,True,False,,,5.0,106.025,1.61
sub-860,takupi,fast,10,True,True,2.6232205242457933,3.2739148390700716,5.5,106.025,1.61
sub-860,kutapi,fast,11,True,True,3.571327370866059,2.783929012264987,5.25,106.025,1.61
sub-860,tatata,fast,12,True,True,4.646708475104536,2.8615269484713473,4.75,106.025,1.61
sub-860,kukuku,fast,13,True,False,,,4.5,106.025,1.61
sub-860,takupi,fast,14,True,True,4.0062967301382075,2.768045992349382,4.75,106.025,1.61
sub-860,kutapi,fast,15,True,True,3.2257150446532137,2.964968680167357,5.0,106.025,1.61
sub-860,tatata,fast,16,True,True,4.761769827821412,2.6265515223028153,5.0,106.025,1.61
sub-860,pitaku,fast,17,True,True,2.4949392810441524,3.1091759903907654,4.5,106.025,1.61
sub-860,kutapi,fast,18,True,True,3.491521172634415,3.630346285753922,4.75,106.025,1.61
sub-860,tatata,fast,19,True,True,5.040179757270647,2.353882842645893,5.5,106.025,1.61
sub-860,kukuku,fast,20,True,False,,,4.75,106.025,1.61
sub-860,takupi,fast,21,True,True,3.2257154407718738,2.9542803864144105,5.0,106.025,1.61
sub-860,kutapi,fast,22,True,True,3.776328499393055,3.3962919253908943,5.0,106.025,1.61
sub-860,tatata,fast,23,True,True,5.341729629483339,2.262904632561977,5.0,106.025,1.61
sub-860,pipipi,fast,24,True,True,5.009878690577562,2.106064582399523,5.0,106.025,1.61
sub-860,takupi,fast,25,True,True,2.702626450376435,3.6159494848958698,5.75,106.025,1.61
sub-860,kukuku,fast,26,True,False,,,4.75,106.025,1.61
sub-860,pipipi,fast,27,True,True,4.699115538718427,1.4047505306855488,4.75,106.025,1.61
sub-860,kutapi,fast,28,True,True,3.530973822878817,2.9488356220321954,5.25,106.025,1.61
sub-860,tatata,fast,29,True,True,4.448273072238794,1.646812404329454,4.75,106.025,1.61
sub-860,pipipi,fast,30,True,True,4.882674739449613,1.4441904434904913,4.75,106.025,1.61
sub-860,takupi,fast,31,True,True,3.410544974895228,2.310176505321925,4.75,106.025,1.61
sub-860,pitaku,fast,32,True,True,2.9204783488296755,2.583209918019696,5.0,106.025,1.61
sub-860,tatata,fast,33,True,True,5.081157452435371,2.909966715946534,5.25,106.025,1.61
sub-860,pipipi,fast,34,True,True,5.154493745563305,2.1894858443668985,5.25,106.025,1.61
sub-860,kutapi,fast,35,True,True,3.31116485642146,2.822161002437715,5.0,106.025,1.61
sub-860,takupi,fast,36,True,True,2.5986792792081106,4.615341679041874,2.5,106.025,1.61
sub-860,kukuku,fast,37,True,False,,,4.5,106.025,1.61
sub-860,pitaku,fast,38,True,True,3.30678500872778,2.473684322057945,5.0,106.025,1.61
sub-860,kutapi,fast,39,True,True,2.6149889817972825,4.308851901643235,4.75,106.025,1.61
sub-860,pipipi,fast,40,True,True,4.512508062451629,1.6557867767543986,4.75,106.025,1.61
sub-860,tatata,fast,41,True,True,5.175837254714188,2.10958182589742,4.75,106.025,1.61
sub-860,pitaku,fast,42,True,True,4.798328971260945,1.768868529797933,5.0,106.025,1.61
sub-860,kukuku,fast,43,True,True,1.999943515221562,0.6774055676241755,5.0,106.025,1.61
sub-860,tatata,fast,44,True,True,5.208186237556151,2.31578388948604,5.25,106.025,1.61
sub-860,kutapi,fast,45,True,True,3.9681418952808767,3.204887756185041,5.25,106.025,1.61
sub-860,pipipi,fast,46,True,True,4.999858788053905,1.8336226645433695,5.25,106.025,1.61
sub-860,tatata,fast,47,True,True,4.844824407028978,1.7798721074897017,5.0,106.025,1.61
sub-860,pitaku,fast,48,True,True,3.1684783194257955,2.0214280544918175,5.0,106.025,1.61
sub-860,kukuku,fast,49,True,False,,,5.0,106.025,1.61
sub-860,pipipi,fast,50,True,True,3.3466256948151973,1.495336882601774,5.0,106.025,1.61
sub-860,takupi,fast,51,True,True,2.983209300748153,2.527664791149067,5.25,106.025,1.61
sub-860,kukuku,fast,52,True,False,,,5.0,106.025,1.61
sub-860,tatata,fast,53,True,True,5.341729474416566,4.044723639597729,5.25,106.025,1.61
sub-860,pitaku,fast,54,True,True,1.92598566566021,3.0352433093947955,5.25,106.025,1.61
sub-860,kutapi,fast,55,True,True,3.2937146166363007,2.724319046068951,5.25,106.025,1.61
sub-860,pipipi,fast,56,True,True,5.101896722503985,2.1972169460870976,5.0,106.025,1.61
sub-860,tatata,fast,57,True,True,4.999858788053905,3.482706114032693,5.25,106.025,1.61
sub-860,kutapi,fast,58,True,True,2.9068946442173864,3.3009980335781304,5.0,106.025,1.61
sub-860,pipipi,fast,59,True,True,4.561914952603928,1.879263466807924,4.75,106.025,1.61
sub-860,kukuku,fast,60,True,False,,,4.75,106.025,1.61
sub-860,pitaku,fast,61,True,True,4.45620160279075,2.228286849813894,5.25,106.025,1.61
sub-860,kutapi,fast,62,True,True,4.051748945163063,3.7381630392262055,5.25,106.025,1.61
sub-860,pipipi,fast,63,True,True,5.0098779542397,1.4711399625051618,5.25,106.025,1.61
sub-860,kukuku,fast,64,True,False,,,5.0,106.025,1.61
sub-860,pitaku,fast,65,True,True,3.7201325880440623,2.6350189608663817,5.5,106.025,1.61
sub-860,takupi,fast,66,True,True,1.8996421726182449,4.874962070196684,5.5,106.025,1.61
sub-860,pipipi,fast,67,True,True,5.1333246389437575,1.492865546859802,5.0,106.025,1.61
sub-860,kukuku,fast,68,True,False,,,5.0,106.025,1.61
sub-860,takupi,fast,69,True,True,2.268538202509628,4.033535836287437,5.75,106.025,1.61
sub-860,pipipi,fast,70,True,True,5.555397998145801,1.6104751675740747,5.5,106.025,1.61
sub-860,kutapi,fast,71,True,True,4.058326459684432,3.272300774628871,5.25,106.025,1.61
sub-860,tatata,fast,72,True,True,5.251951889003383,3.7069163333595463,5.25,106.025,1.61
sub-860,kukuku,fast,73,True,False,,,5.25,106.025,1.61
sub-860,takupi,fast,74,True,True,2.8668911687679017,2.931069441709668,5.25,106.025,1.61
sub-860,pipipi,fast,75,True,True,5.482300656064935,1.8597736055129932,5.25,106.025,1.61
sub-860,kukuku,fast,76,True,False,,,5.25,106.025,1.61
sub-860,pitaku,fast,77,True,True,4.770857059476356,1.4043621549145264,5.5,106.025,1.61
sub-860,kutapi,fast,78,True,True,3.1093645512010073,3.3284976521257033,4.75,106.025,1.61
sub-860,tatata,fast,79,True,True,4.789136205298105,3.753452863693027,5.0,106.025,1.61
sub-860,kukuku,fast,80,True,True,1.2689995427236598,1.5725110671680955,5.0,106.025,1.61
sub-860,takupi,fast,81,True,True,4.0982451802893225,2.218490114464412,5.0,106.025,1.61
sub-860,pipipi,fast,82,True,True,5.341729829009587,1.7440766429723968,5.25,106.025,1.61
sub-860,tatata,fast,83,True,True,4.6991157142415165,2.170381294457388,4.75,106.025,1.61
sub-860,kutapi,fast,84,True,True,2.808909617951109,3.89983839091628,5.0,106.025,1.61
sub-860,pitaku,fast,85,True,True,4.409046842992041,2.091391718547425,5.25,106.025,1.61
sub-860,tatata,fast,86,True,True,5.019938875454793,3.2833592469679314,5.25,106.025,1.61
sub-860,pipipi,fast,87,True,True,5.318999063779759,1.8149629686273463,5.25,106.025,1.61
sub-860,takupi,fast,88,True,True,2.9549994798776433,3.125597877877853,5.75,106.025,1.61
sub-860,pitaku,fast,89,True,True,4.770857938886426,1.3256259933438033,5.25,106.025,1.61
sub-860,tatata,fast,90,True,True,4.940572252917958,3.1248716269781216,5.0,106.025,1.61
sub-860,pipipi,fast,91,True,True,4.970038886633175,1.8714769520417576,5.0,106.025,1.61
sub-860,takupi,fast,92,True,True,4.496276187008069,2.8004746991599276,5.25,106.025,1.61
sub-860,pitaku,fast,93,True,True,3.4058985830742325,2.0524695670684743,5.25,106.025,1.61
sub-860,tatata,fast,94,True,True,4.480160501749976,4.072682657042167,4.75,106.025,1.61
sub-860,kukuku,fast,95,True,False,,,4.75,106.025,1.61
sub-860,pitaku,fast,96,True,True,3.302416855979507,4.381523522198191,5.0,106.025,1.61
sub-860,takupi,fast,97,True,True,3.0192385990054187,2.071779667240836,5.25,106.025,1.61
sub-860,pipipi,fast,98,True,True,5.1865758505736235,1.488649265475928,5.0,106.025,1.61
sub-860,kutapi,fast,99,True,True,3.3782831891574148,4.9072748597129205,5.0,106.025,1.61
sub-860,pitaku,fast,100,True,True,3.893971277221941,2.0925273016031714,5.0,106.025,1.61
sub-860,kukuku,fast,101,True,False,,,5.0,106.025,1.61
sub-860,takupi,fast,102,True,True,3.10936429490377,2.8876351940928995,5.5,106.025,1.61
sub-860,pitaku,fast,103,True,True,4.752716526811086,1.8141489438759557,5.25,106.025,1.61
sub-860,tatata,fast,104,True,True,4.901821359024766,4.4539353831861295,5.0,106.025,1.61
sub-860,kutapi,fast,105,True,True,3.834246768562317,4.177027866458738,5.0,106.025,1.61
sub-860,pitaku,fast,106,True,True,4.761769320195489,2.05868331779408,5.0,106.025,1.61
sub-860,kukuku,fast,107,True,False,,,5.0,106.025,1.61
sub-860,takupi,fast,108,True,True,4.6991144607192314,2.0462960132737056,5.5,106.025,1.61
sub-860,pitaku,fast,109,True,True,4.370505057871733,1.644177806744679,5.0,106.025,1.61
sub-860,kukuku,fast,110,True,False,,,4.5,106.025,1.61
sub-860,pipipi,fast,111,True,True,4.844823436245409,1.6934831190332176,5.0,106.025,1.61
sub-860,takupi,fast,112,True,True,2.9001495279612888,3.0688093194942923,5.25,106.025,1.61
sub-860,kukuku,fast,113,True,False,,,5.25,106.025,1.61
sub-860,pitaku,fast,114,True,True,4.4801593066355405,3.016296457200797,5.25,106.025,1.61
sub-860,takupi,fast,115,True,True,3.373723202567653,4.022790862791187,5.0,106.025,1.61
sub-860,pipipi,fast,116,True,True,5.387777786859118,1.9217603389039952,5.25,106.025,1.61
sub-860,kutapi,fast,117,True,True,3.2009332818215506,3.9301519754240255,5.0,106.025,1.61
sub-860,pitaku,fast,118,True,True,2.9001495279612888,3.794454716849677,4.75,106.025,1.61
sub-860,tatata,fast,119,True,True,4.595457524085719,4.5821497151255866,4.75,106.025,1.61
sub-860,kutapi,fast,120,True,True,2.688095583981324,4.137703237913515,4.5,106.025,1.61
sub-869,pipipi,normal,1,True,True,1.32013201320132,0.7941050939273984,,114.24000000000001,1.72
sub-869,kukuku,normal,2,True,True,0.8130081300813008,0.521749864213028,,114.24000000000001,1.72
sub-869,pitaku,normal,3,True,True,1.465201465201465,0.6654918329445483,,114.24000000000001,1.72
sub-869,kutapi,normal,4,True,True,2.515723270440252,0.527869089780685,,114.24000000000001,1.72
sub-869,tatata,normal,5,True,True,1.6064257028112447,0.4940418731104889,,114.24000000000001,1.72
sub-869,gugugu,normal,6,True,True,2.4539877300613497,0.5689536843793999,,114.24000000000001,1.72
sub-869,pitaku,normal,7,True,False,,,,114.24000000000001,1.72
sub-869,bibibi,normal,8,True,False,,,,114.24000000000001,1.72
sub-869,tatata,normal,9,True,True,1.0025062656641603,0.4594647542837258,,114.24000000000001,1.72
sub-869,kutapi,normal,10,True,False,,,,114.24000000000001,1.72
sub-869,bibibi,normal,11,True,False,,,,114.24000000000001,1.72
sub-869,pipipi,normal,12,True,False,,,,114.24000000000001,1.72
sub-869,kutapi,normal,13,True,False,,,,114.24000000000001,1.72
sub-869,bibibi,normal,14,True,False,,,,114.24000000000001,1.72
sub-869,tatata,normal,15,True,False,,,,114.24000000000001,1.72
sub-869,kutapi,normal,16,True,True,1.4388489208633093,0.5489134476051376,,114.24000000000001,1.72
sub-869,pipipi,normal,17,True,True,1.2658227848101264,0.4501676672268679,,114.24000000000001,1.72
sub-869,dadada,normal,18,True,True,1.801801801801802,0.5368498940196842,,114.24000000000001,1.72
sub-869,pitaku,normal,19,True,True,1.2698412698412698,0.4904105890196168,,114.24000000000001,1.72
sub-869,bibibi,normal,20,True,False,,,,114.24000000000001,1.72
sub-869,dadada,normal,21,True,True,0.8032128514056224,0.5067632250358258,,114.24000000000001,1.72
sub-869,takupi,normal,22,True,False,,,,114.24000000000001,1.72
sub-869,kukuku,normal,23,True,True,0.8695652173913044,0.4228596077891708,,114.24000000000001,1.72
sub-869,dadada,normal,24,True,True,1.574803149606299,0.4258533068070003,,114.24000000000001,1.72
sub-869,takupi,normal,25,True,False,,,,114.24000000000001,1.72
sub-869,kukuku,normal,26,True,False,,,,114.24000000000001,1.72
sub-869,dadada,normal,27,True,False,,,,114.24000000000001,1.72
sub-869,takupi,normal,28,True,False,,,,114.24000000000001,1.72
sub-869,pipipi,normal,29,True,False,,,,114.24000000000001,1.72
sub-869,tatata,normal,30,True,False,,,,114.24000000000001,1.72
sub-869,kutapi,normal,31,True,True,1.11731843575419,0.6340026664419209,,114.24000000000001,1.72
sub-869,dadada,normal,32,True,True,1.3986013986013988,0.4016036140194021,,114.24000000000001,1.72
sub-869,kukuku,normal,33,True,False,,,,114.24000000000001,1.72
sub-869,takupi,normal,34,True,False,,,,114.24000000000001,1.72
sub-869,dadada,normal,35,True,True,0.8849557522123894,0.4640280606111098,,114.24000000000001,1.72
sub-869,kukuku,normal,36,True,True,1.3245033112582782,0.3887154012331546,,114.24000000000001,1.72
sub-869,pitaku,normal,37,True,False,,,,114.24000000000001,1.72
sub-869,dadada,normal,38,True,True,1.7467248908296944,0.4179649040623321,,114.24000000000001,1.72
sub-869,gugugu,normal,39,True,True,1.3793103448275863,0.6669702169585197,,114.24000000000001,1.72
sub-869,kutapi,normal,40,True,False,,,,114.24000000000001,1.72
sub-869,dadada,normal,41,True,False,,,,114.24000000000001,1.72
sub-869,kukuku,normal,42,True,True,1.6949152542372885,0.4426280736810284,,114.24000000000001,1.72
sub-869,pitaku,normal,43,True,False,,,,114.24000000000001,1.72
sub-869,bibibi,normal,44,True,True,1.574803149606299,0.434222689028358,,114.24000000000001,1.72
sub-869,pipipi,normal,45,True,False,,,,114.24000000000001,1.72
sub-869,takupi,normal,46,True,False,,,,114.24000000000001,1.72
sub-869,gugugu,normal,47,True,False,,,,114.24000000000001,1.72
sub-869,dadada,normal,48,True,False,,,,114.24000000000001,1.72
sub-869,kutapi,normal,49,True,False,,,,114.24000000000001,1.72
sub-869,gugugu,normal,50,True,False,,,,114.24000000000001,1.72
sub-869,tatata,normal,51,True,False,,,,114.24000000000001,1.72
sub-869,kutapi,normal,52,True,False,,,,114.24000000000001,1.72
sub-869,gugugu,normal,53,True,False,,,,114.24000000000001,1.72
sub-869,dadada,normal,54,True,False,,,,114.24000000000001,1.72
sub-869,pitaku,normal,55,True,False,,,,114.24000000000001,1.72
sub-869,bibibi,normal,56,True,False,,,,114.24000000000001,1.72
sub-869,gugugu,normal,57,True,False,,,,114.24000000000001,1.72
sub-869,kutapi,normal,58,True,False,,,,114.24000000000001,1.72
sub-869,bibibi,normal,61,True,False,,,,114.24000000000001,1.72
sub-869,gugugu,normal,62,True,False,,,,114.24000000000001,1.72
sub-869,takupi,normal,81,True,False,,,,114.24000000000001,1.72
sub-869,bibibi,normal,82,True,False,,,,114.24000000000001,1.72
sub-869,pipipi,normal,83,True,False,,,,114.24000000000001,1.72
sub-869,kutapi,normal,84,True,False,,,,114.24000000000001,1.72
sub-869,gugugu,normal,85,True,False,,,,114.24000000000001,1.72
sub-869,kukuku,normal,86,True,False,,,,114.24000000000001,1.72
sub-869,takupi,normal,87,True,False,,,,114.24000000000001,1.72
sub-869,pipipi,normal,88,True,False,,,,114.24000000000001,1.72
sub-869,tatata,normal,89,True,False,,,,114.24000000000001,1.72
sub-869,kutapi,normal,90,True,False,,,,114.24000000000001,1.72
sub-869,bibibi,normal,91,True,False,,,,114.24000000000001,1.72
sub-869,pipipi,normal,92,True,False,,,,114.24000000000001,1.72
sub-869,takupi,normal,93,True,False,,,,114.24000000000001,1.72
sub-869,gugugu,normal,94,True,False,,,,114.24000000000001,1.72
sub-869,pipipi,normal,95,True,False,,,,114.24000000000001,1.72
sub-869,takupi,normal,96,True,False,,,,114.24000000000001,1.72
sub-869,dadada,normal,97,True,False,,,,114.24000000000001,1.72
sub-869,bibibi,normal,98,True,False,,,,114.24000000000001,1.72
sub-869,pitaku,normal,99,True,False,,,,114.24000000000001,1.72
sub-869,tatata,normal,100,True,False,,,,114.24000000000001,1.72
sub-869,pipipi,normal,101,True,False,,,,114.24000000000001,1.72
sub-869,kutapi,normal,102,True,False,,,,114.24000000000001,1.72
sub-869,tatata,normal,103,True,False,,,,114.24000000000001,1.72
sub-869,kukuku,normal,104,True,False,,,,114.24000000000001,1.72
sub-869,pitaku,normal,105,True,False,,,,114.24000000000001,1.72
sub-869,gugugu,normal,106,True,False,,,,114.24000000000001,1.72
sub-869,kukuku,normal,107,True,False,,,,114.24000000000001,1.72
sub-869,pitaku,normal,108,True,False,,,,114.24000000000001,1.72
sub-869,tatata,normal,109,True,False,,,,114.24000000000001,1.72
sub-869,gugugu,normal,110,True,False,,,,114.24000000000001,1.72
sub-869,kutapi,normal,111,True,False,,,,114.24000000000001,1.72
sub-869,pipipi,normal,112,True,False,,,,114.24000000000001,1.72
sub-869,bibibi,normal,113,True,False,,,,114.24000000000001,1.72
sub-869,pitaku,normal,114,True,False,,,,114.24000000000001,1.72
sub-869,dadada,normal,115,True,False,,,,114.24000000000001,1.72
sub-869,tatata,normal,116,True,False,,,,114.24000000000001,1.72
sub-869,pitaku,normal,117,True,False,,,,114.24000000000001,1.72
sub-869,kukuku,normal,118,True,False,,,,114.24000000000001,1.72
sub-869,tatata,normal,119,True,False,,,,114.24000000000001,1.72
sub-869,pitaku,normal,120,True,False,,,,114.24000000000001,1.72
sub-869,bibibi,normal,121,True,False,,,,114.24000000000001,1.72
sub-869,kukuku,normal,122,True,False,,,,114.24000000000001,1.72
sub-869,takupi,normal,123,True,False,,,,114.24000000000001,1.72
sub-869,pipipi,normal,124,True,False,,,,114.24000000000001,1.72
sub-869,kukuku,normal,125,True,False,,,,114.24000000000001,1.72
sub-869,takupi,normal,126,True,False,,,,114.24000000000001,1.72
sub-869,gugugu,normal,127,True,False,,,,114.24000000000001,1.72
sub-869,kukuku,normal,128,True,False,,,,114.24000000000001,1.72
sub-869,takupi,normal,129,True,False,,,,114.24000000000001,1.72
sub-869,gugugu,normal,130,True,False,,,,114.24000000000001,1.72
sub-869,kukuku,normal,131,True,False,,,,114.24000000000001,1.72
sub-869,pitaku,normal,132,True,False,,,,114.24000000000001,1.72
sub-869,tatata,normal,133,True,False,,,,114.24000000000001,1.72
sub-869,gugugu,normal,134,True,False,,,,114.24000000000001,1.72
sub-869,takupi,normal,135,True,False,,,,114.24000000000001,1.72
sub-869,bibibi,normal,136,True,False,,,,114.24000000000001,1.72
sub-869,tatata,normal,137,True,False,,,,114.24000000000001,1.72
sub-869,kutapi,normal,138,True,False,,,,114.24000000000001,1.72
sub-869,gugugu,normal,139,True,False,,,,114.24000000000001,1.72
sub-869,bibibi,normal,140,True,False,,,,114.24000000000001,1.72
sub-869,takupi,normal,141,True,False,,,,114.24000000000001,1.72
sub-869,pipipi,normal,142,True,False,,,,114.24000000000001,1.72
sub-869,kukuku,normal,143,True,False,,,,114.24000000000001,1.72
sub-869,takupi,normal,144,True,False,,,,114.24000000000001,1.72
sub-869,gugugu,normal,145,True,False,,,,114.24000000000001,1.72
sub-869,pipipi,normal,161,True,False,,,,114.24000000000001,1.72
sub-869,kutapi,normal,162,True,False,,,,114.24000000000001,1.72
sub-869,dadada,normal,163,True,False,,,,114.24000000000001,1.72
sub-869,pipipi,normal,164,True,False,,,,114.24000000000001,1.72
sub-869,kutapi,normal,165,True,False,,,,114.24000000000001,1.72
sub-869,tatata,normal,166,True,False,,,,114.24000000000001,1.72
sub-869,gugugu,normal,167,True,False,,,,114.24000000000001,1.72
sub-869,takupi,normal,168,True,False,,,,114.24000000000001,1.72
sub-869,pipipi,normal,169,True,False,,,,114.24000000000001,1.72
sub-869,dadada,normal,170,True,False,,,,114.24000000000001,1.72
sub-869,takupi,normal,171,True,False,,,,114.24000000000001,1.72
sub-869,pipipi,normal,172,True,False,,,,114.24000000000001,1.72
sub-869,gugugu,normal,173,True,False,,,,114.24000000000001,1.72
sub-869,pitaku,normal,174,True,False,,,,114.24000000000001,1.72
sub-869,bibibi,normal,175,True,False,,,,114.24000000000001,1.72
sub-869,takupi,fast,1,True,False,,,,114.24000000000001,1.72
sub-869,kutapi,fast,2,True,False,,,,114.24000000000001,1.72
sub-869,tatata,fast,3,True,False,,,,114.24000000000001,1.72
sub-869,kukuku,fast,4,True,False,,,,114.24000000000001,1.72
sub-869,takupi,fast,5,True,False,,,,114.24000000000001,1.72
sub-869,kutapi,fast,6,True,False,,,,114.24000000000001,1.72
sub-869,tatata,fast,7,True,True,1.7467248908296944,0.4217434516216061,,114.24000000000001,1.72
sub-869,pipipi,fast,8,True,False,,,,114.24000000000001,1.72
sub-869,takupi,fast,9,True,False,,,,114.24000000000001,1.72
sub-869,kukuku,fast,10,True,False,,,,114.24000000000001,1.72
sub-869,pipipi,fast,11,True,False,,,,114.24000000000001,1.72
sub-869,kutapi,fast,12,True,False,,,,114.24000000000001,1.72
sub-869,tatata,fast,13,True,False,,,,114.24000000000001,1.72
sub-869,kukuku,fast,14,True,False,,,,114.24000000000001,1.72
sub-869,pitaku,fast,15,True,False,,,,114.24000000000001,1.72
sub-869,tatata,fast,16,True,False,,,,114.24000000000001,1.72
sub-869,pipipi,fast,17,True,False,,,,114.24000000000001,1.72
sub-869,kutapi,fast,18,True,False,,,,114.24000000000001,1.72
sub-869,pitaku,fast,19,True,False,,,,114.24000000000001,1.72
sub-869,tatata,fast,20,True,False,,,,114.24000000000001,1.72
sub-869,kukuku,fast,21,True,False,,,6.349206349206349,114.24000000000001,1.72
sub-869,pitaku,fast,22,True,False,,,,114.24000000000001,1.72
sub-869,takupi,fast,23,True,False,,,,114.24000000000001,1.72
sub-869,pipipi,fast,24,True,False,,,,114.24000000000001,1.72
sub-869,tatata,fast,25,True,False,,,,114.24000000000001,1.72
sub-869,kutapi,fast,26,True,False,,,,114.24000000000001,1.72
sub-869,takupi,fast,27,True,False,,,,114.24000000000001,1.72
sub-869,kukuku,fast,28,True,False,,,,114.24000000000001,1.72
sub-869,tatata,fast,29,True,False,,,,114.24000000000001,1.72
sub-869,pitaku,fast,30,True,False,,,,114.24000000000001,1.72
sub-869,takupi,fast,31,True,False,,,,114.24000000000001,1.72
sub-869,pipipi,fast,32,True,False,,,,114.24000000000001,1.72
sub-869,kukuku,fast,33,True,False,,,,114.24000000000001,1.72
sub-869,takupi,fast,34,True,False,,,,114.24000000000001,1.72
sub-869,kutapi,fast,35,True,False,,,,114.24000000000001,1.72
sub-869,tatata,fast,36,True,False,,,,114.24000000000001,1.72
sub-869,kukuku,fast,37,True,False,,,,114.24000000000001,1.72
sub-869,takupi,fast,38,True,False,,,,114.24000000000001,1.72
sub-869,kutapi,fast,39,True,False,,,,114.24000000000001,1.72
sub-869,tatata,fast,40,True,False,,,,114.24000000000001,1.72
sub-869,pipipi,fast,41,True,True,0.9049773755656108,0.5052014144441195,,114.24000000000001,1.72
sub-869,takupi,fast,42,True,False,,,,114.24000000000001,1.72
sub-869,kukuku,fast,43,True,False,,,,114.24000000000001,1.72
sub-869,tatata,fast,44,True,False,,,,114.24000000000001,1.72
sub-869,pitaku,fast,45,True,False,,,,114.24000000000001,1.72
sub-869,kukuku,fast,46,True,False,,,,114.24000000000001,1.72
sub-869,tatata,fast,47,True,False,,,,114.24000000000001,1.72
sub-869,pitaku,fast,48,True,False,,,,114.24000000000001,1.72
sub-869,kukuku,fast,49,True,False,,,,114.24000000000001,1.72
sub-869,pipipi,fast,50,True,False,,,,114.24000000000001,1.72
sub-869,takupi,fast,51,True,False,,,,114.24000000000001,1.72
sub-869,kukuku,fast,52,True,False,,,,114.24000000000001,1.72
sub-869,pipipi,fast,53,True,False,,,,114.24000000000001,1.72
sub-869,kutapi,fast,54,True,False,,,,114.24000000000001,1.72
sub-869,tatata,fast,55,True,False,,,,114.24000000000001,1.72
sub-869,pipipi,fast,56,True,False,,,,114.24000000000001,1.72
sub-869,takupi,fast,57,True,False,,,,114.24000000000001,1.72
sub-869,pitaku,fast,58,True,False,,,,114.24000000000001,1.72
sub-869,tatata,fast,59,True,False,,,,114.24000000000001,1.72
sub-869,pipipi,fast,60,True,False,,,,114.24000000000001,1.72
sub-869,kutapi,fast,61,True,False,,,,114.24000000000001,1.72
sub-869,pitaku,fast,62,True,False,,,,114.24000000000001,1.72
sub-869,kukuku,fast,63,True,False,,,,114.24000000000001,1.72
sub-869,pipipi,fast,64,True,False,,,,114.24000000000001,1.72
sub-869,kutapi,fast,65,True,False,,,,114.24000000000001,1.72
sub-869,tatata,fast,66,True,False,,,,114.24000000000001,1.72
sub-869,pitaku,fast,67,True,False,,,,114.24000000000001,1.72
sub-869,kukuku,fast,68,True,False,,,,114.24000000000001,1.72
sub-869,pipipi,fast,69,True,False,,,,114.24000000000001,1.72
sub-869,kutapi,fast,70,True,False,,,,114.24000000000001,1.72
sub-869,tatata,fast,71,True,False,,,,114.24000000000001,1.72
sub-869,pipipi,fast,72,True,False,,,,114.24000000000001,1.72
sub-869,takupi,fast,73,True,False,,,,114.24000000000001,1.72
sub-869,kukuku,fast,74,True,False,,,,114.24000000000001,1.72
sub-869,pipipi,fast,75,True,False,,,,114.24000000000001,1.72
sub-869,kutapi,fast,76,True,False,,,,114.24000000000001,1.72
sub-869,pitaku,fast,77,True,False,,,,114.24000000000001,1.72
sub-869,kukuku,fast,78,True,False,,,,114.24000000000001,1.72
sub-869,takupi,fast,79,True,False,,,,114.24000000000001,1.72
sub-869,pipipi,fast,80,True,False,,,,114.24000000000001,1.72
sub-869,tatata,fast,81,True,False,,,,114.24000000000001,1.72
sub-869,pitaku,fast,82,True,False,,,,114.24000000000001,1.72
sub-869,takupi,fast,83,True,False,,,,114.24000000000001,1.72
sub-869,pipipi,fast,84,True,False,,,,114.24000000000001,1.72
sub-869,kutapi,fast,85,True,False,,,,114.24000000000001,1.72
sub-869,pitaku,fast,86,True,False,,,,114.24000000000001,1.72
sub-869,kukuku,fast,87,True,False,,,,114.24000000000001,1.72
sub-869,pipipi,fast,88,True,False,,,,114.24000000000001,1.72
sub-869,kutapi,fast,89,True,False,,,,114.24000000000001,1.72
sub-869,pitaku,fast,90,True,False,,,,114.24000000000001,1.72
sub-869,kukuku,fast,91,True,False,,,,114.24000000000001,1.72
sub-869,takupi,fast,92,True,False,,,,114.24000000000001,1.72
sub-869,kutapi,fast,93,True,False,,,,114.24000000000001,1.72
sub-869,pipipi,fast,94,True,False,,,,114.24000000000001,1.72
sub-869,takupi,fast,95,True,False,,,,114.24000000000001,1.72
sub-869,pitaku,fast,96,True,False,,,,114.24000000000001,1.72
sub-869,tatata,fast,97,True,False,,,,114.24000000000001,1.72
sub-869,kutapi,fast,98,True,False,,,,114.24000000000001,1.72
sub-869,takupi,fast,99,True,False,,,,114.24000000000001,1.72
sub-869,kukuku,fast,100,True,False,,,,114.24000000000001,1.72
sub-869,pitaku,fast,101,True,False,,,,114.24000000000001,1.72
sub-875,bibibi,normal,1,True,True,1.539364136162262,2.0083760259528187,2.5,121.37,1.58
sub-875,kutapi,normal,2,True,True,1.5508234225356785,0.9775762381473392,2.5,121.37,1.58
sub-875,pipipi,normal,3,True,True,3.0561459133588182,1.3376724391013433,2.25,121.37,1.58
sub-875,tatata,normal,4,True,True,1.6823198903953658,1.716416468614482,3.25,121.37,1.58
sub-875,kutapi,normal,5,True,False,,,3.0,121.37,1.58
sub-875,pipipi,normal,6,True,False,,,3.0,121.37,1.58
sub-875,kukuku,normal,7,True,True,1.8726047618932689,1.0171378880920896,3.5,121.37,1.58
sub-875,takupi,normal,8,True,True,3.591849651045279,0.6993908834799569,3.5,121.37,1.58
sub-875,bibibi,normal,9,True,False,,,3.0,121.37,1.58
sub-875,pipipi,normal,10,True,False,,,3.25,121.37,1.58
sub-875,takupi,normal,11,True,False,,,4.25,121.37,1.58
sub-875,bibibi,normal,12,True,True,3.396640430879774,2.0071539745163847,3.25,121.37,1.58
sub-875,dadada,normal,13,True,False,,,3.75,121.37,1.58
sub-875,pitaku,normal,14,True,False,,,2.5,121.37,1.58
sub-875,bibibi,normal,15,True,True,2.8537983528852893,1.846505132947133,2.25,121.37,1.58
sub-875,dadada,normal,16,True,True,2.083272797606261,0.9741595515369212,3.75,121.37,1.58
sub-875,pitaku,normal,17,True,True,1.3368595492660498,1.0000270302968346,2.0,121.37,1.58
sub-875,bibibi,normal,18,True,False,,,2.5,121.37,1.58
sub-875,takupi,normal,19,True,False,,,3.25,121.37,1.58
sub-875,pipipi,normal,20,False,False,,,2.586206896551724,121.37,1.58
sub-875,bibibi,normal,21,True,False,,,2.25,121.37,1.58
sub-875,pitaku,normal,22,True,True,3.1886831213876596,1.191533513878138,3.5,121.37,1.58
sub-875,tatata,normal,23,True,False,,,2.366863905325443,121.37,1.58
sub-875,gugugu,normal,24,True,False,,,3.0,121.37,1.58
sub-875,takupi,normal,25,True,True,1.0199622877062118,0.8711733131030233,2.75,121.37,1.58
sub-875,kukuku,normal,26,True,False,,,3.550295857988165,121.37,1.58
sub-875,gugugu,normal,27,True,False,,,3.0,121.37,1.58
sub-875,takupi,normal,28,True,True,3.1564742009696034,1.2861716188085754,2.5,121.37,1.58
sub-875,dadada,normal,29,True,True,2.5354234961135145,1.192588379183734,2.75,121.37,1.58
sub-875,tatata,normal,30,True,True,1.6577769013049903,1.4876420003337216,3.0,121.37,1.58
sub-875,kutapi,normal,31,True,True,1.0597403845561362,0.80049706448201,2.5,121.37,1.58
sub-875,pipipi,normal,32,True,False,,,3.25,121.37,1.58
sub-875,bibibi,normal,33,True,False,,,4.0,121.37,1.58
sub-875,pitaku,normal,34,True,True,2.8900896730265035,1.657156993640295,3.0,121.37,1.58
sub-875,tatata,normal,35,True,False,,,2.0,121.37,1.58
sub-875,bibibi,normal,36,True,False,,,3.0,121.37,1.58
sub-875,pitaku,normal,37,True,True,3.369174618824697,1.4419091979294585,3.5,121.37,1.58
sub-875,dadada,normal,38,True,False,,,2.5,121.37,1.58
sub-875,pipipi,normal,39,True,False,,,2.75,121.37,1.58
sub-875,takupi,normal,40,True,False,,,2.325581395348837,121.37,1.58
sub-875,bibibi,normal,41,True,True,2.4200652358643127,1.4329682045439105,3.0,121.37,1.58
sub-875,tatata,normal,42,True,True,2.090240291511568,2.0806050153209164,4.0,121.37,1.58
sub-875,kutapi,normal,43,True,True,3.556084478873166,1.4423983381653702,2.75,121.37,1.58
sub-875,dadada,normal,44,True,True,0.8579023296663812,0.6900147238681509,3.75,121.37,1.58
sub-875,pipipi,normal,45,True,True,2.4130573249496474,1.404230570688993,2.5,121.37,1.58
sub-875,kutapi,normal,46,True,False,,,2.7613412228796843,121.37,1.58
sub-875,gugugu,normal,47,True,False,,,3.5,121.37,1.58
sub-875,kukuku,normal,48,True,True,1.9289563184011072,1.3951837371897593,3.5,121.37,1.58
sub-875,takupi,normal,49,True,False,,,4.339250493096647,121.37,1.58
sub-875,gugugu,normal,50,True,False,,,3.5,121.37,1.58
sub-875,kukuku,normal,51,True,False,,,2.0,121.37,1.58
sub-875,takupi,normal,52,True,False,,,2.366863905325443,121.37,1.58
sub-875,gugugu,normal,53,True,False,,,3.5,121.37,1.58
sub-875,kukuku,normal,54,True,True,2.001543145434616,1.4605760744110494,4.0,121.37,1.58
sub-875,takupi,normal,55,True,True,2.4605584533935385,1.7174262696203115,3.75,121.37,1.58
sub-875,dadada,normal,56,True,False,,,2.0,121.37,1.58
sub-875,kukuku,normal,57,True,True,2.0524855407617695,1.9322516044787177,2.0,121.37,1.58
sub-875,takupi,normal,58,True,False,,,2.9250457038391224,121.37,1.58
sub-875,gugugu,normal,59,True,False,,,3.5,121.37,1.58
sub-875,bibibi,normal,60,True,False,,,4.0,121.37,1.58
sub-875,takupi,normal,61,True,True,2.7869872727645797,0.6551166211307633,3.25,121.37,1.58
sub-875,pipipi,normal,62,True,False,,,3.1558185404339247,121.37,1.58
sub-875,gugugu,normal,63,True,False,,,3.0,121.37,1.58
sub-875,kutapi,normal,64,True,False,,,2.0,121.37,1.58
sub-875,pipipi,normal,65,True,True,1.4774985719088818,0.5342796486478534,3.0,121.37,1.58
sub-875,bibibi,normal,66,True,True,1.681188691102776,1.0370169797085105,4.25,121.37,1.58
sub-875,pitaku,normal,67,True,False,,,3.290676416819013,121.37,1.58
sub-875,gugugu,normal,68,True,False,,,3.0,121.37,1.58
sub-875,tatata,normal,69,True,True,1.945468936708037,1.6850492293024697,4.0,121.37,1.58
sub-875,kutapi,normal,70,True,True,0.7856466322029629,2.3014841061661233,2.75,121.37,1.58
sub-875,pipipi,normal,71,True,True,2.59059853230034,1.530310553977178,3.5,121.37,1.58
sub-875,tatata,normal,72,True,True,2.5692986471426806,1.2266391370125378,3.75,121.37,1.58
sub-875,kutapi,normal,73,True,True,3.4012620185984055,1.4909222505943769,3.25,121.37,1.58
sub-875,dadada,normal,74,True,False,,,3.656307129798903,121.37,1.58
sub-875,gugugu,normal,75,True,False,,,3.0,121.37,1.58
sub-875,takupi,normal,76,True,True,2.625974352594357,0.9890801163317028,2.25,121.37,1.58
sub-875,dadada,normal,77,True,False,,,2.25,121.37,1.58
sub-875,pipipi,normal,78,True,True,2.4751758254156715,2.1900205988388812,4.0,121.37,1.58
sub-875,kutapi,normal,79,True,True,2.6204691652723566,2.0969293913285565,2.0,121.37,1.58
sub-875,dadada,normal,80,True,False,,,2.1937842778793417,121.37,1.58
sub-875,pipipi,normal,81,True,True,3.3601175109285477,1.8356247640898875,3.5,121.37,1.58
sub-875,kutapi,normal,82,True,True,3.3421489680893575,1.1444227767553112,3.0,121.37,1.58
sub-875,dadada,normal,83,True,True,2.9068923582916737,1.846820999927102,3.5,121.37,1.58
sub-875,tatata,normal,84,True,False,,,3.5,121.37,1.58
sub-875,pitaku,normal,85,True,True,3.144562802680301,0.918701589540917,2.75,121.37,1.58
sub-875,dadada,normal,86,True,True,2.220184216812468,1.143400977644216,2.0,121.37,1.58
sub-875,kukuku,normal,87,True,True,1.6688434099671825,1.0714595746464202,3.25,121.37,1.58
sub-875,takupi,normal,88,True,False,,,2.5594149908592323,121.37,1.58
sub-875,gugugu,normal,89,True,False,,,3.0,121.37,1.58
sub-875,dadada,normal,90,True,True,1.9394316742675248,0.9990104363802884,4.25,121.37,1.58
sub-875,takupi,normal,91,True,False,,,2.0,121.37,1.58
sub-875,bibibi,normal,92,True,True,2.762350749315844,1.2321795759070744,2.0,121.37,1.58
sub-875,dadada,normal,93,True,True,3.4721214279594994,0.9166524217756996,3.75,121.37,1.58
sub-875,pitaku,normal,94,True,True,2.8408266228759533,1.6848444332885535,2.0,121.37,1.58
sub-875,tatata,normal,95,True,False,,,2.1937842778793417,121.37,1.58
sub-875,gugugu,normal,96,True,False,,,3.0,121.37,1.58
sub-875,kutapi,normal,97,True,True,2.729178414989999,1.9128369892455943,2.0,121.37,1.58
sub-875,dadada,normal,98,True,False,,,3.290676416819013,121.37,1.58
sub-875,gugugu,normal,99,True,False,,,3.0,121.37,1.58
sub-875,kutapi,normal,100,False,False,,,2.42914979757085,121.37,1.58
sub-875,tatata,normal,101,True,True,1.6159842314052797,0.6682830870228074,2.0,121.37,1.58
sub-875,bibibi,normal,102,True,True,3.1805694732620444,2.0242006515148807,4.0,121.37,1.58
sub-875,kutapi,normal,103,True,True,2.9761042928380563,1.695593110931993,2.0,121.37,1.58
sub-875,tatata,normal,104,True,True,3.056146217584312,0.8229361596574325,2.5,121.37,1.58
sub-875,dadada,normal,105,True,True,1.862837262283135,1.285908009895799,4.25,121.37,1.58
sub-875,pitaku,normal,106,True,True,3.205035392287137,0.6225859097752338,3.25,121.37,1.58
sub-875,bibibi,normal,107,True,False,,,2.5,121.37,1.58
sub-875,kukuku,normal,108,True,True,1.9025324246453328,0.8226536484128886,3.5,121.37,1.58
sub-875,pitaku,normal,109,True,True,2.7963396040089123,1.4569713723435953,2.0,121.37,1.58
sub-875,dadada,normal,110,True,True,1.600465816891144,0.7988924058299487,2.25,121.37,1.58
sub-875,pipipi,normal,111,True,True,1.9561248873113983,1.7389194142074462,3.5,121.37,1.58
sub-875,kutapi,normal,112,True,True,1.8938845499878536,1.190546910436547,3.0,121.37,1.58
sub-875,tatata,normal,113,True,False,,,3.0,121.37,1.58
sub-875,kukuku,normal,114,True,True,2.0832730049866397,1.8164086105902104,4.25,121.37,1.58
sub-875,pitaku,normal,115,True,True,2.802609423748842,1.339328915119914,2.75,121.37,1.58
sub-875,dadada,normal,116,True,True,2.8834228442721654,1.6673413520704763,2.5,121.37,1.58
sub-875,kukuku,normal,117,True,False,,,4.5,121.37,1.58
sub-875,pitaku,normal,118,True,False,,,2.9250457038391224,121.37,1.58
sub-875,gugugu,normal,119,True,False,,,3.0,121.37,1.58
sub-875,pipipi,normal,120,True,False,,,2.1875,121.37,1.58
sub-875,kutapi,normal,121,True,False,,,4.021937842778794,121.37,1.58
sub-875,gugugu,normal,122,True,False,,,2.75,121.37,1.58
sub-875,bibibi,normal,123,True,True,2.6997060582768095,1.7682523270481791,4.25,121.37,1.58
sub-875,kutapi,normal,124,True,False,,,3.1558185404339247,121.37,1.58
sub-875,gugugu,normal,125,True,False,,,2.75,121.37,1.58
sub-875,kukuku,normal,126,True,True,2.1776374651257187,1.1371587896266728,3.75,121.37,1.58
sub-875,pitaku,normal,127,True,True,3.2893786973214807,0.9080452319654402,3.0,121.37,1.58
sub-875,tatata,normal,128,True,False,,,2.366863905325443,121.37,1.58
sub-875,gugugu,normal,129,True,True,1.1938528223325335,0.5029903053752687,2.75,121.37,1.58
sub-875,takupi,normal,130,True,False,,,3.0,121.37,1.58
sub-875,kukuku,normal,131,True,False,,,2.1937842778793417,121.37,1.58
sub-875,gugugu,normal,132,True,False,,,3.5,121.37,1.58
sub-875,takupi,normal,133,True,True,2.7776975666270283,0.5771803441965009,2.5,121.37,1.58
sub-875,bibibi,normal,134,True,False,,,2.5594149908592323,121.37,1.58
sub-875,gugugu,normal,135,True,False,,,2.5,121.37,1.58
sub-875,pitaku,normal,136,True,True,2.4177251547043763,1.724684551191645,2.0,121.37,1.58
sub-875,tatata,normal,137,True,False,,,2.366863905325443,121.37,1.58
sub-875,gugugu,normal,138,True,True,0.5704992720137666,1.7456083145026078,2.75,121.37,1.58
sub-875,pitaku,normal,139,True,True,1.94395630634862,0.8207695440667511,2.75,121.37,1.58
sub-875,kukuku,normal,140,True,False,,,2.269503546099291,121.37,1.58
sub-875,bibibi,normal,141,True,True,2.8279722829608165,1.073866998844573,2.0,121.37,1.58
sub-875,pitaku,normal,142,True,True,1.8287692012709305,1.8765790548978636,2.75,121.37,1.58
sub-875,tatata,normal,143,True,True,2.6823256417782853,1.4468222129031183,2.0,121.37,1.58
sub-875,pipipi,normal,144,True,True,2.1440201527764677,2.055121226787909,4.0,121.37,1.58
sub-875,kutapi,normal,145,True,True,1.7805751411234767,2.4360789357956563,2.5,121.37,1.58
sub-875,tatata,normal,146,True,True,3.337686913401017,0.6893061141530099,2.75,121.37,1.58
sub-875,pipipi,normal,147,True,True,2.8376021545259498,2.087092489085303,4.5,121.37,1.58
sub-875,kutapi,normal,148,True,True,2.9480277100676435,1.472863803234599,2.75,121.37,1.58
sub-875,tatata,normal,149,True,True,1.6479416599455248,0.5862199908609362,3.25,121.37,1.58
sub-875,bibibi,normal,150,True,True,2.0626464506083844,1.9740400288331423,4.75,121.37,1.58
sub-875,pitaku,normal,151,True,True,1.8600651027807749,0.6887447423412238,2.75,121.37,1.58
sub-875,kukuku,normal,152,True,True,1.879644735441625,0.7703599986487664,2.75,121.37,1.58
sub-875,bibibi,normal,153,True,True,1.5041681697577385,0.874146042814596,4.5,121.37,1.58
sub-875,pitaku,normal,154,True,True,2.520088203767502,1.1369346599142691,2.75,121.37,1.58
sub-875,kukuku,normal,155,True,True,2.8734798829165076,1.9754780156677807,3.0,121.37,1.58
sub-875,tatata,normal,156,True,True,2.1330439403902406,0.9345667870639058,4.25,121.37,1.58
sub-875,pitaku,normal,157,True,True,3.0711640026257516,1.2048162009233057,2.75,121.37,1.58
sub-875,kukuku,normal,158,True,False,,,2.5,121.37,1.58
sub-875,pipipi,normal,159,True,True,2.5614011251407396,2.2871837389166005,4.25,121.37,1.58
sub-875,kutapi,normal,160,True,False,,,2.5396825396825395,121.37,1.58
sub-875,tatata,normal,161,True,True,0.8839914050014334,1.218515467673157,2.5,121.37,1.58
sub-875,kukuku,normal,162,True,True,2.208416690233263,1.9579105371863903,4.25,121.37,1.58
sub-875,takupi,normal,163,True,False,,,2.0,121.37,1.58
sub-875,bibibi,normal,164,True,True,2.74717328938907,2.7582005634551052,2.5,121.37,1.58
sub-875,tatata,normal,165,True,True,0.8012588760718121,1.092175653459206,4.25,121.37,1.58
sub-875,pitaku,normal,166,True,False,,,2.366863905325443,121.37,1.58
sub-875,gugugu,normal,167,True,False,,,3.0,121.37,1.58
sub-875,dadada,normal,168,True,True,1.0812836043875669,1.2540034633403767,3.25,121.37,1.58
sub-875,takupi,normal,169,True,True,1.1864868027261763,1.1730909520696695,2.5,121.37,1.58
sub-875,kukuku,normal,170,True,True,3.0561463243814844,1.992890530064071,2.25,121.37,1.58
sub-875,dadada,normal,171,True,True,2.106089042412851,2.8861434041372744,2.0,121.37,1.58
sub-875,kutapi,normal,172,True,True,1.7029480199891374,0.649965619031815,3.0,121.37,1.58
sub-875,pipipi,normal,173,True,True,3.2508812657269885,1.8490555138187652,3.5,121.37,1.58
sub-875,dadada,normal,174,True,True,2.2726615394036855,2.3724632550566813,4.25,121.37,1.58
sub-875,takupi,normal,175,True,True,2.997515219836995,0.9188815599182796,2.25,121.37,1.58
sub-875,pipipi,normal,176,True,True,1.4585342434912798,1.349016482744961,2.75,121.37,1.58
sub-875,kukuku,normal,177,True,True,2.0592485118155306,2.172994848262727,4.25,121.37,1.58
sub-875,takupi,normal,178,True,True,2.8734801072920155,1.300477608406614,2.5,121.37,1.58
sub-875,pipipi,normal,179,True,True,2.79633970172713,1.0388073279744423,2.5,121.37,1.58
sub-875,kukuku,normal,180,True,False,,,2.0,121.37,1.58
sub-875,tatata,fast,1,True,True,3.6442093501105313,1.7711342346618792,3.5,121.37,1.58
sub-875,kukuku,fast,2,True,False,,,3.5,121.37,1.58
sub-875,pitaku,fast,3,True,True,2.8408268342907084,1.335094977296972,5.5,121.37,1.58
sub-875,tatata,fast,4,True,True,3.753645066330067,1.7767384811936235,4.0,121.37,1.58
sub-875,pipipi,fast,5,True,True,3.687208870465817,0.592116079943958,3.75,121.37,1.58
sub-875,kutapi,fast,6,True,True,4.295408271779768,2.0526549164715817,5.25,121.37,1.58
sub-875,pitaku,fast,7,True,True,2.8343850500859684,1.2239772744215252,5.25,121.37,1.58
sub-875,kukuku,fast,8,True,True,1.7482011287942825,1.1074431563706408,3.5,121.37,1.58
sub-875,tatata,fast,9,True,True,4.006294253486899,1.335278633931514,4.0,121.37,1.58
sub-875,kutapi,fast,10,True,True,3.556084799681115,2.51741150161381,5.5,121.37,1.58
sub-875,takupi,fast,11,True,True,2.6823257662830726,1.8233797615566392,5.5,121.37,1.58
sub-875,kukuku,fast,12,True,False,,,4.25,121.37,1.58
sub-875,pipipi,fast,13,True,True,4.058324048986727,0.5520314193814224,4.0,121.37,1.58
sub-875,takupi,fast,14,True,True,2.003147126743449,2.104740370143828,5.75,121.37,1.58
sub-875,kutapi,fast,15,True,True,2.920476184784841,1.7127510330398277,5.5,121.37,1.58
sub-875,tatata,fast,16,True,True,3.511134289572786,2.124675472954907,3.25,121.37,1.58
sub-875,pitaku,fast,17,True,True,3.7201303782378328,0.8983075943497775,6.0,121.37,1.58
sub-875,kutapi,fast,18,True,True,4.7891333604900845,1.7879768070661726,5.75,121.37,1.58
sub-875,pipipi,fast,19,True,True,4.006294253486899,0.6863391222843163,4.25,121.37,1.58
sub-875,tatata,fast,20,True,True,3.9871253814606447,1.5639077092256557,4.0,121.37,1.58
sub-875,pitaku,fast,21,True,True,3.816683501288632,1.479019947306038,5.75,121.37,1.58
sub-875,kukuku,fast,22,True,False,,,4.75,121.37,1.58
sub-875,takupi,fast,23,True,True,2.0424245860654033,2.360290718856973,6.25,121.37,1.58
sub-875,pipipi,fast,24,True,True,4.1527038095416176,0.6265673210226783,4.25,121.37,1.58
sub-875,tatata,fast,25,True,True,3.9431036172619143,1.700802276927604,3.75,121.37,1.58
sub-875,kutapi,fast,26,True,True,1.8881629103807052,3.485667448582764,5.75,121.37,1.58
sub-875,takupi,fast,27,True,False,,,6.25,121.37,1.58
sub-875,pipipi,fast,28,True,True,4.051746666684042,0.7350599161712346,4.0,121.37,1.58
sub-875,kutapi,fast,29,True,True,3.6655831280704607,2.6809581063277053,5.25,121.37,1.58
sub-875,takupi,fast,30,True,True,2.5852406342751335,1.7550854458234824,5.75,121.37,1.58
sub-875,kukuku,fast,31,True,True,2.790097872035774,0.7407407125738725,3.5,121.37,1.58
sub-875,pitaku,fast,32,True,True,3.2050355042872485,1.2235524608517787,6.25,121.37,1.58
sub-875,kutapi,fast,33,True,True,4.02564845949123,2.4352017181085976,5.75,121.37,1.58
sub-875,pipipi,fast,34,True,True,3.5866968340660743,1.2938633369639234,4.0,121.37,1.58
sub-875,takupi,fast,35,True,True,2.0867509961135675,2.264408167353105,6.25,121.37,1.58
sub-875,kutapi,fast,36,True,True,4.104971581845737,2.230443026714844,6.25,121.37,1.58
sub-875,tatata,fast,37,True,True,3.906137020850085,2.0412108979339525,3.75,121.37,1.58
sub-875,pitaku,fast,38,True,True,4.496272829755494,0.819474122232938,6.5,121.37,1.58
sub-875,takupi,fast,39,True,True,3.124909616680068,1.9534778788191147,6.25,121.37,1.58
sub-875,kukuku,fast,40,True,True,1.9424457601740897,0.7459014594512201,3.75,121.37,1.58
sub-875,pitaku,fast,41,True,True,3.5611502068064302,1.3519422055863712,6.5,121.37,1.58
sub-875,kutapi,fast,42,True,True,3.974447448613854,2.676010897628651,6.0,121.37,1.58
sub-875,pipipi,fast,43,True,True,3.9934943213707896,0.9051693348946532,4.25,121.37,1.58
sub-875,takupi,fast,44,True,True,2.196772798926286,1.9530856418254805,6.25,121.37,1.58
sub-875,pitaku,fast,45,True,True,4.0848487666309055,1.1145047244297004,5.75,121.37,1.58
sub-875,tatata,fast,46,True,True,3.7312349928031554,2.224333885209745,3.75,121.37,1.58
sub-875,kutapi,fast,47,True,True,3.188682965788411,2.0849654675028573,6.0,121.37,1.58
sub-875,takupi,fast,48,True,True,2.637054267065521,1.6141641221750973,6.0,121.37,1.58
sub-875,pipipi,fast,49,True,True,3.86985672628191,0.8921807146036747,4.0,121.37,1.58
sub-875,kutapi,fast,50,True,True,4.355274294735391,2.015660400025519,5.75,121.37,1.58
sub-875,takupi,fast,51,True,True,3.0375789127316093,1.5012572594314104,6.25,121.37,1.58
sub-875,pipipi,fast,52,True,True,4.317663981309351,0.6704936405427091,4.25,121.37,1.58
sub-875,kutapi,fast,53,True,True,3.9000428161905063,2.250277974923921,6.0,121.37,1.58
sub-875,pitaku,fast,54,True,True,3.333236593570819,1.1780347224880234,6.0,121.37,1.58
sub-875,tatata,fast,55,True,True,3.805064604532898,1.695656027385554,4.0,121.37,1.58
sub-875,kukuku,fast,56,True,False,,,3.5,121.37,1.58
sub-875,pitaku,fast,57,True,True,3.7480171591875777,1.7479196851847494,5.5,121.37,1.58
sub-875,takupi,fast,58,True,True,2.6315025738716993,2.546277074448973,6.25,121.37,1.58
sub-875,pipipi,fast,59,True,True,3.633615472642607,1.0718832805200282,3.75,121.37,1.58
sub-875,tatata,fast,60,True,True,3.7312349928031554,2.1007985515625087,3.5,121.37,1.58
sub-875,pitaku,fast,61,True,True,4.145817120423058,1.5938395646550934,6.0,121.37,1.58
sub-875,takupi,fast,62,True,True,2.8603292032209433,2.120185879894139,6.25,121.37,1.58
sub-875,kukuku,fast,63,True,True,3.591850177607909,1.9503431805916964,3.5,121.37,1.58
sub-875,pitaku,fast,64,True,True,3.2298807798644757,1.9265831141072365,6.25,121.37,1.58
sub-875,takupi,fast,65,True,True,3.15647439850392,2.3185052439678637,6.75,121.37,1.58
sub-875,pipipi,fast,66,True,True,3.936894052937172,0.6924620331681579,3.75,121.37,1.58
sub-875,tatata,fast,67,True,True,3.742406771878899,2.2833819086228813,3.75,121.37,1.58
sub-875,pitaku,fast,68,True,True,3.8579131537270137,1.3709660506878656,6.25,121.37,1.58
sub-875,kutapi,fast,69,True,True,4.432495963856569,1.7243638809878412,5.5,121.37,1.58
sub-875,pipipi,fast,70,True,True,3.7312354083807526,0.4874385338080795,4.25,121.37,1.58
sub-875,kukuku,fast,71,True,True,2.385427217189985,1.2738371351849764,3.75,121.37,1.58
sub-875,pitaku,fast,72,True,True,3.481793486929115,1.4646026627072732,6.5,121.37,1.58
sub-875,takupi,fast,73,True,True,1.9561249793545417,2.478976193534498,6.0,121.37,1.58
sub-875,pipipi,fast,74,True,True,4.528854571766494,0.5724610722898085,4.5,121.37,1.58
sub-875,tatata,fast,75,True,True,3.9061370681486,2.262399485695654,4.0,121.37,1.58
sub-875,pitaku,fast,76,True,True,3.3199571362750393,1.2364342442052516,6.25,121.37,1.58
sub-875,kutapi,fast,77,True,True,3.612612317362869,2.321174831785762,5.5,121.37,1.58
sub-875,tatata,fast,78,True,True,4.132111939859677,1.8642669916313463,4.5,121.37,1.58
sub-875,kukuku,fast,79,True,True,2.566660907202366,1.267823939389623,3.75,121.37,1.58
sub-875,pitaku,fast,80,True,True,3.015594359004951,0.9169763586532448,5.75,121.37,1.58
sub-875,tatata,fast,81,True,True,3.968138649399757,2.1822380431838635,4.0,121.37,1.58
sub-875,kukuku,fast,82,True,True,2.114997757294286,3.2361012508576064,3.75,121.37,1.58
sub-875,takupi,fast,83,True,True,2.4461128660683427,2.33492054388673,6.0,121.37,1.58
sub-875,pipipi,fast,84,True,True,2.6623294452841813,0.8733522746383118,4.0,121.37,1.58
sub-875,tatata,fast,85,True,True,3.5409735823255613,1.09410324097556,3.75,121.37,1.58
sub-875,kutapi,fast,86,True,True,3.419873254612649,1.9398903542307495,6.25,121.37,1.58
sub-875,pipipi,fast,87,True,True,4.132111320862556,0.8018469080230402,4.25,121.37,1.58
sub-875,kukuku,fast,88,True,False,,,4.0,121.37,1.58
sub-875,pitaku,fast,89,True,True,3.3067822078331304,1.1923321552412194,6.0,121.37,1.58
sub-875,tatata,fast,90,True,True,3.918381424955872,1.7718788363417772,3.75,121.37,1.58
sub-875,pipipi,fast,91,True,True,4.201558569952684,0.5454386442739043,4.5,121.37,1.58
sub-875,takupi,fast,92,True,True,2.8152335012633403,2.015595828795931,5.25,121.37,1.58
sub-875,kukuku,fast,93,True,True,2.9832068605272624,1.338272381082204,3.5,121.37,1.58
sub-875,pitaku,fast,94,True,True,3.720129983812271,1.5136987945879987,5.75,121.37,1.58
sub-875,kutapi,fast,95,True,True,3.1968380423553016,1.927867098239167,5.75,121.37,1.58
sub-875,tatata,fast,96,True,True,3.676363748708597,1.5837045221552142,4.0,121.37,1.58
sub-875,kukuku,fast,97,True,True,1.5822324994442063,2.086079144285648,3.75,121.37,1.58
sub-875,takupi,fast,98,True,True,3.0863300606442547,2.0205930648333794,6.0,121.37,1.58
sub-875,pipipi,fast,99,True,True,2.9690348564392472,1.1685369990157266,4.25,121.37,1.58
sub-875,kukuku,fast,100,True,False,,,3.75,121.37,1.58
sub-891,bibibi,normal,1,True,True,1.6599784039016223,0.77471005220435,3.0,121.755,1.73
sub-891,kutapi,normal,2,True,False,,,2.5,121.755,1.73
sub-891,pipipi,normal,3,True,False,,,2.5,121.755,1.73
sub-891,tatata,normal,4,True,True,2.0209599646530667,0.8793321264783023,2.75,121.755,1.73
sub-891,kutapi,normal,5,True,True,1.3171377641073991,0.6648003166000596,2.0,121.755,1.73
sub-891,pipipi,normal,6,True,False,,,2.5,121.755,1.73
sub-891,kukuku,normal,7,True,False,,,2.0,121.755,1.73
sub-891,takupi,normal,8,True,False,,,3.75,121.755,1.73
sub-891,bibibi,normal,9,True,False,,,2.75,121.755,1.73
sub-891,pipipi,normal,10,True,False,,,2.0,121.755,1.73
sub-891,takupi,normal,11,True,False,,,3.5,121.755,1.73
sub-891,bibibi,normal,12,True,True,3.8460422711936046,0.8293296703743103,3.75,121.755,1.73
sub-891,dadada,normal,13,True,False,,,2.0,121.755,1.73
sub-891,pitaku,normal,14,True,False,,,2.75,121.755,1.73
sub-891,bibibi,normal,15,True,True,3.654864731397432,0.9613000084772612,2.5,121.755,1.73
sub-891,dadada,normal,16,True,False,,,2.5,121.755,1.73
sub-891,pitaku,normal,17,True,False,,,2.0,121.755,1.73
sub-891,bibibi,normal,18,True,True,2.14402013402731,1.3705060888514993,2.5,121.755,1.73
sub-891,takupi,normal,19,True,True,3.342149032454336,0.6309184195553357,3.75,121.755,1.73
sub-891,pipipi,normal,20,False,False,,,2.3166023166023164,121.755,1.73
sub-891,bibibi,normal,21,True,False,,,2.5,121.755,1.73
sub-891,pitaku,normal,22,True,True,3.665583099692375,1.2170310837833451,2.0,121.755,1.73
sub-891,tatata,normal,23,True,False,,,2.366863905325443,121.755,1.73
sub-891,gugugu,normal,24,True,False,,,4.0,121.755,1.73
sub-891,takupi,normal,25,True,True,0.8511840905652707,0.7406294361753297,3.5,121.755,1.73
sub-891,kukuku,normal,26,True,False,,,2.366863905325443,121.755,1.73
sub-891,gugugu,normal,27,True,False,,,4.0,121.755,1.73
sub-891,takupi,normal,28,True,True,3.6022012593518733,1.0619397858139958,2.0,121.755,1.73
sub-891,dadada,normal,29,True,True,1.917122449378988,0.6897807039053223,2.0,121.755,1.73
sub-891,tatata,normal,30,True,True,1.6045748870283698,1.7288361839442603,2.0,121.755,1.73
sub-891,kutapi,normal,31,True,True,2.9761043737978574,0.4876610239357966,3.75,121.755,1.73
sub-891,pipipi,normal,32,True,False,,,2.0,121.755,1.73
sub-891,bibibi,normal,33,True,False,,,3.5,121.755,1.73
sub-891,pitaku,normal,34,True,True,3.834244898757977,1.2773153528210557,2.25,121.755,1.73
sub-891,tatata,normal,35,True,False,,,2.25,121.755,1.73
sub-891,bibibi,normal,36,True,True,1.9141865803906588,0.830698479464349,3.0,121.755,1.73
sub-891,pitaku,normal,37,True,True,3.770629975852489,1.1356769020985906,2.75,121.755,1.73
sub-891,dadada,normal,38,True,True,3.687208958687611,0.6534302283380224,2.25,121.755,1.73
sub-891,pipipi,normal,39,True,True,1.8089201693127352,0.9777092523502092,2.25,121.755,1.73
sub-891,takupi,normal,40,False,False,,,2.1563342318059298,121.755,1.73
sub-891,bibibi,normal,41,True,True,3.7536452618795098,1.5567554965697807,3.0,121.755,1.73
sub-891,tatata,normal,42,True,True,1.1595212172596256,1.726463570687223,3.25,121.755,1.73
sub-891,kutapi,normal,43,True,True,4.295408495552841,0.9035452563694144,2.5,121.755,1.73
sub-891,dadada,normal,44,True,True,3.4245585539887027,0.8786675485846347,2.75,121.755,1.73
sub-891,pipipi,normal,45,True,True,1.6823201510173305,1.5063763377780557,4.0,121.755,1.73
sub-891,kutapi,normal,46,True,False,,,2.366863905325443,121.755,1.73
sub-891,gugugu,normal,47,True,False,,,4.0,121.755,1.73
sub-891,kukuku,normal,48,True,True,2.012824270862925,1.204587136844414,2.25,121.755,1.73
sub-891,takupi,normal,49,True,False,,,2.366863905325443,121.755,1.73
sub-891,gugugu,normal,50,True,True,0.8468589920094014,0.7683613293004665,3.75,121.755,1.73
sub-891,kukuku,normal,51,True,False,,,2.0,121.755,1.73
sub-891,takupi,normal,52,True,False,,,2.366863905325443,121.755,1.73
sub-891,gugugu,normal,53,True,False,,,3.75,121.755,1.73
sub-891,kukuku,normal,54,True,False,,,2.75,121.755,1.73
sub-891,takupi,normal,55,True,True,3.612612347415828,1.0802169583692498,3.75,121.755,1.73
sub-891,dadada,normal,56,True,False,,,3.75,121.755,1.73
sub-891,kukuku,normal,57,True,True,2.8505447484740625,0.9129835798362964,2.5,121.755,1.73
sub-891,takupi,normal,58,True,False,,,2.1937842778793417,121.755,1.73
sub-891,gugugu,normal,59,True,False,,,3.75,121.755,1.73
sub-891,bibibi,normal,60,False,False,,,2.493765586034913,121.755,1.73
sub-891,takupi,normal,61,True,True,1.7396853693870702,0.5737625394107662,2.75,121.755,1.73
sub-891,pipipi,normal,62,True,False,,,2.366863905325443,121.755,1.73
sub-891,gugugu,normal,63,True,False,,,4.0,121.755,1.73
sub-891,kutapi,normal,64,True,False,,,2.25,121.755,1.73
sub-891,pipipi,normal,65,True,False,,,2.0,121.755,1.73
sub-891,bibibi,normal,66,True,True,6.2498196895230524,0.7024129948671547,3.75,121.755,1.73
sub-891,pitaku,normal,67,True,False,,,7.312614259597806,121.755,1.73
sub-891,gugugu,normal,68,True,False,,,3.75,121.755,1.73
sub-891,tatata,normal,69,True,True,2.413057795182645,1.1196278428498363,2.75,121.755,1.73
sub-891,kutapi,normal,70,True,True,4.098242419359377,0.6317893142750899,2.0,121.755,1.73
sub-891,pipipi,normal,71,True,True,3.623083877984377,1.4924005044806172,2.25,121.755,1.73
sub-891,tatata,normal,72,True,True,1.3781300307658326,1.124735959003706,2.0,121.755,1.73
sub-891,kutapi,normal,73,True,True,4.401281471495107,0.6470284337525096,3.0,121.755,1.73
sub-891,dadada,normal,74,True,False,,,2.1937842778793417,121.755,1.73
sub-891,gugugu,normal,75,True,False,,,4.0,121.755,1.73
sub-891,takupi,normal,76,True,True,4.761767382493753,0.5556441387361208,2.0,121.755,1.73
sub-891,dadada,normal,77,True,True,4.166546459682034,0.560352520086334,3.0,121.755,1.73
sub-891,pipipi,normal,78,True,False,,,4.0,121.755,1.73
sub-891,kutapi,normal,79,True,True,3.623083877984377,1.134388163852198,2.5,121.755,1.73
sub-891,dadada,normal,80,True,False,,,2.3622047244094486,121.755,1.73
sub-891,pipipi,normal,81,True,True,1.8408894400786435,0.6635993632551127,4.0,121.755,1.73
sub-891,kutapi,normal,82,True,True,5.6052194162035835,0.6818014988772427,2.25,121.755,1.73
sub-891,dadada,normal,83,True,True,7.061943106290393,0.7917941372722215,3.0,121.755,1.73
sub-891,tatata,normal,84,True,True,1.0633466012874515,0.8850772839797445,4.0,121.755,1.73
sub-891,pitaku,normal,85,True,True,4.882671600833592,0.9101631387286152,2.0,121.755,1.73
sub-891,dadada,normal,86,True,False,,,2.75,121.755,1.73
sub-891,kukuku,normal,87,True,False,,,2.5,121.755,1.73
sub-891,takupi,normal,88,True,False,,,2.1937842778793417,121.755,1.73
sub-891,gugugu,normal,89,True,False,,,3.75,121.755,1.73
sub-891,dadada,normal,90,True,True,3.0901456855708265,0.8718330089853823,2.75,121.755,1.73
sub-891,takupi,normal,91,True,False,,,2.75,121.755,1.73
sub-891,bibibi,normal,92,True,True,4.111723453333551,0.6829660848176546,2.75,121.755,1.73
sub-891,dadada,normal,93,True,True,2.3104693711892774,1.7352827648690503,3.75,121.755,1.73
sub-891,pitaku,normal,94,True,True,3.9183822251203737,0.9307393906323966,3.75,121.755,1.73
sub-891,tatata,normal,95,True,False,,,5.484460694698354,121.755,1.73
sub-891,gugugu,normal,96,True,False,,,3.75,121.755,1.73
sub-891,kutapi,normal,97,True,True,1.315751505066736,0.98857164488461,2.25,121.755,1.73
sub-891,dadada,normal,98,True,False,,,2.1937842778793417,121.755,1.73
sub-891,gugugu,normal,99,True,False,,,3.75,121.755,1.73
sub-891,kutapi,normal,100,False,False,,,2.457002457002457,121.755,1.73
sub-891,tatata,normal,101,True,False,,,2.0,121.755,1.73
sub-891,bibibi,normal,102,True,True,5.165140495709092,1.2805561455354608,4.0,121.755,1.73
sub-891,kutapi,normal,103,True,True,3.6230840578597103,1.0909362482633762,2.25,121.755,1.73
sub-891,tatata,normal,104,True,True,4.960174603022223,0.5004338164329774,2.25,121.755,1.73
sub-891,dadada,normal,105,True,False,,,3.75,121.755,1.73
sub-891,pitaku,normal,106,True,False,,,3.75,121.755,1.73
sub-891,bibibi,normal,107,True,False,,,3.0,121.755,1.73
sub-891,kukuku,normal,108,True,False,,,3.0,121.755,1.73
sub-891,pitaku,normal,109,True,True,4.045190938387055,0.8456314358646475,3.25,121.755,1.73
sub-891,dadada,normal,110,True,False,,,2.0,121.755,1.73
sub-891,pipipi,normal,111,True,False,,,3.5,121.755,1.73
sub-891,kutapi,normal,112,True,True,3.188683673371429,0.6877975663190989,2.25,121.755,1.73
sub-891,tatata,normal,113,True,False,,,4.0,121.755,1.73
sub-891,kukuku,normal,114,True,True,2.642630021060465,0.7305812116143615,3.25,121.755,1.73
sub-891,pitaku,normal,115,True,True,4.456199643356864,0.5840543935531102,2.75,121.755,1.73
sub-891,dadada,normal,116,True,True,2.4037769230030768,0.6565732931771757,4.0,121.755,1.73
sub-891,kukuku,normal,117,True,False,,,3.75,121.755,1.73
sub-891,pitaku,normal,118,True,False,,,2.1937842778793417,121.755,1.73
sub-891,gugugu,normal,119,True,True,1.003987148563534,1.0870914004867007,3.75,121.755,1.73
sub-891,pipipi,normal,120,False,False,,,2.912621359223301,121.755,1.73
sub-891,kutapi,normal,121,True,False,,,2.5594149908592323,121.755,1.73
sub-891,gugugu,normal,122,True,False,,,3.75,121.755,1.73
sub-891,bibibi,normal,123,True,True,2.1477038337573253,0.95997064345422,3.75,121.755,1.73
sub-891,kutapi,normal,124,True,False,,,3.550295857988165,121.755,1.73
sub-891,gugugu,normal,125,True,False,,,3.75,121.755,1.73
sub-891,kukuku,normal,126,True,False,,,2.0,121.755,1.73
sub-891,pitaku,normal,127,True,True,7.575537159071292,0.822513116727019,3.75,121.755,1.73
sub-891,tatata,normal,128,True,False,,,2.366863905325443,121.755,1.73
sub-891,gugugu,normal,129,True,False,,,4.0,121.755,1.73
sub-891,takupi,normal,130,True,True,1.9171221338140545,0.9838504765606908,3.75,121.755,1.73
sub-891,kukuku,normal,131,True,False,,,2.1937842778793417,121.755,1.73
sub-891,gugugu,normal,132,True,False,,,4.0,121.755,1.73
sub-891,takupi,normal,133,True,True,0.971977940316301,0.7901881869822356,2.0,121.755,1.73
sub-891,bibibi,normal,134,True,False,,,2.1937842778793417,121.755,1.73
sub-891,gugugu,normal,135,True,True,0.7906158325406472,0.5944145262181628,3.75,121.755,1.73
sub-891,pitaku,normal,136,True,True,4.340151497384595,1.1596188010320727,3.75,121.755,1.73
sub-891,tatata,normal,137,True,False,,,2.366863905325443,121.755,1.73
sub-891,gugugu,normal,138,True,False,,,3.75,121.755,1.73
sub-891,pitaku,normal,139,True,False,,,4.0,121.755,1.73
sub-891,kukuku,normal,140,True,False,,,2.2727272727272725,121.755,1.73
sub-891,bibibi,normal,141,True,False,,,3.75,121.755,1.73
sub-891,pitaku,normal,142,True,True,5.019935421079359,0.7679828041662766,4.0,121.755,1.73
sub-891,tatata,normal,143,True,False,,,3.5,121.755,1.73
sub-891,pipipi,normal,144,True,True,2.522631523408194,1.2893576138952474,3.75,121.755,1.73
sub-891,kutapi,normal,145,True,True,6.172661332586474,0.8718420893429246,4.0,121.755,1.73
sub-891,tatata,normal,146,True,True,3.881875527480624,0.4908941259713621,3.75,121.755,1.73
sub-891,pipipi,normal,147,True,True,2.489967967826216,1.4000114156134016,3.75,121.755,1.73
sub-891,kutapi,normal,148,True,True,7.911164049675704,0.6778882753191979,4.0,121.755,1.73
sub-891,tatata,normal,149,True,False,,,4.0,121.755,1.73
sub-891,bibibi,normal,150,True,True,1.6128566707725944,0.836051159469692,3.75,121.755,1.73
sub-891,pitaku,normal,151,True,False,,,4.0,121.755,1.73
sub-891,kukuku,normal,152,True,False,,,4.0,121.755,1.73
sub-891,bibibi,normal,153,True,True,1.3623584957479675,1.2316772585111848,3.75,121.755,1.73
sub-891,pitaku,normal,154,True,True,2.37861830608708,0.5727265077748989,3.75,121.755,1.73
sub-891,kukuku,normal,155,True,True,6.648744254514685,0.920465364883026,4.0,121.755,1.73
sub-891,tatata,normal,156,False,False,,,,121.755,1.73
sub-891,pitaku,normal,157,True,False,,,2.121212121212121,121.755,1.73
sub-891,tatata,normal,161,True,True,2.039092711362226,0.8833911940831274,2.25,121.755,1.73
sub-891,kukuku,normal,162,True,True,2.1551100552845597,0.6250574524315953,4.0,121.755,1.73
sub-891,takupi,normal,163,True,False,,,2.5,121.755,1.73
sub-891,bibibi,normal,164,True,True,5.555394809177976,1.0154921749542316,3.75,121.755,1.73
sub-891,tatata,normal,165,True,True,2.3190423600464647,1.0697475168311523,2.0,121.755,1.73
sub-891,pitaku,normal,166,True,False,,,2.366863905325443,121.755,1.73
sub-891,gugugu,normal,167,True,False,,,3.75,121.755,1.73
sub-891,dadada,normal,168,True,False,,,2.5,121.755,1.73
sub-891,takupi,normal,169,True,False,,,3.25,121.755,1.73
sub-891,kukuku,normal,170,True,True,4.26608816404452,0.7332167374987857,2.0,121.755,1.73
sub-891,dadada,normal,171,True,True,2.11858276621194,1.3723036514748692,2.25,121.755,1.73
sub-891,kutapi,normal,172,True,False,,,3.0,121.755,1.73
sub-891,pipipi,normal,173,True,True,4.222850784003529,1.0342078952853475,3.5,121.755,1.73
sub-891,dadada,normal,174,True,True,0.5238741961714353,1.5218898172360262,3.0,121.755,1.73
sub-891,takupi,normal,175,True,False,,,2.0,121.755,1.73
sub-891,pipipi,normal,176,True,False,,,2.5,121.755,1.73
sub-891,kukuku,normal,177,True,False,,,2.5,121.755,1.73
sub-891,takupi,normal,178,True,False,,,2.25,121.755,1.73
sub-891,pipipi,normal,179,True,False,,,2.0,121.755,1.73
sub-891,kukuku,normal,180,True,False,,,2.083333333333333,121.755,1.73
sub-891,tatata,fast,1,True,True,5.980688986156501,0.7929873655496564,5.5,121.755,1.73
sub-891,kukuku,fast,2,True,False,,,5.25,121.755,1.73
sub-891,pitaku,fast,3,True,True,2.1757423813867853,0.5981531902712884,5.0,121.755,1.73
sub-891,tatata,fast,4,True,True,3.7935174449368985,0.7945785007920203,5.75,121.755,1.73
sub-891,pipipi,fast,5,True,True,4.6124132771465245,0.4387538613225299,5.25,121.755,1.73
sub-891,kutapi,fast,6,True,True,2.893435180802565,0.7752774165848857,5.0,121.755,1.73
sub-891,pitaku,fast,7,True,False,,,5.5,121.755,1.73
sub-891,kukuku,fast,8,True,True,5.4346260787248175,0.7536455253536065,5.75,121.755,1.73
sub-891,tatata,fast,9,True,True,6.2032952759638125,0.666966750149379,6.0,121.755,1.73
sub-891,kutapi,fast,10,True,True,3.148523924702035,1.108867941390753,5.5,121.755,1.73
sub-891,takupi,fast,11,True,False,,,5.75,121.755,1.73
sub-891,kukuku,fast,12,True,True,2.92047663109044,0.7166920637645884,5.75,121.755,1.73
sub-891,pipipi,fast,13,True,True,5.605219722451606,0.814746217841587,6.0,121.755,1.73
sub-891,takupi,fast,14,True,True,2.019327945245086,0.941814016629813,6.0,121.755,1.73
sub-891,kutapi,fast,15,True,False,,,6.0,121.755,1.73
sub-891,tatata,fast,16,True,True,6.2970478494040725,1.3394182375406718,6.5,121.755,1.73
sub-891,pitaku,fast,17,True,False,,,6.25,121.755,1.73
sub-891,kutapi,fast,18,True,True,1.918594010908224,1.1461522329191398,5.5,121.755,1.73
sub-891,pipipi,fast,19,True,True,5.251949571876925,0.4987931721690879,5.5,121.755,1.73
sub-891,tatata,fast,20,True,True,6.009442298589944,1.3676105736670854,6.0,121.755,1.73
sub-891,pitaku,fast,21,True,False,,,5.5,121.755,1.73
sub-891,kukuku,fast,22,True,True,5.630468113270526,0.9957898428548262,6.0,121.755,1.73
sub-891,takupi,fast,23,True,True,1.9746665420948768,0.8372602286816848,6.0,121.755,1.73
sub-891,pipipi,fast,24,True,True,5.6559453445522925,1.1282797056107603,5.75,121.755,1.73
sub-891,tatata,fast,25,True,True,6.097384981200277,1.1427110112231826,6.25,121.755,1.73
sub-891,kutapi,fast,26,True,True,2.014446287100817,2.0381759242742667,6.25,121.755,1.73
sub-891,takupi,fast,27,True,False,,,6.25,121.755,1.73
sub-891,pipipi,fast,28,True,True,5.411099225740506,0.5409121785955353,5.5,121.755,1.73
sub-891,kutapi,fast,29,True,False,,,5.75,121.755,1.73
sub-891,takupi,fast,30,True,False,,,6.5,121.755,1.73
sub-891,kukuku,fast,31,True,True,5.630468113270526,1.2547268503880271,5.5,121.755,1.73
sub-891,pitaku,fast,32,True,True,1.8796449942045963,1.1286988802404752,6.0,121.755,1.73
sub-891,kutapi,fast,33,True,False,,,6.0,121.755,1.73
sub-891,pipipi,fast,34,True,True,5.530813810380783,0.9194182207195768,5.5,121.755,1.73
sub-891,takupi,fast,35,True,True,2.4485091501391905,1.230054982881748,6.25,121.755,1.73
sub-891,kutapi,fast,36,True,True,2.598677590740243,0.938161999725562,6.0,121.755,1.73
sub-891,tatata,fast,37,True,True,6.249819605730283,1.4114489517769435,6.5,121.755,1.73
sub-891,pitaku,fast,38,True,True,1.984069716104852,0.8478190526796645,6.0,121.755,1.73
sub-891,takupi,fast,39,True,True,2.0193278209144694,0.6832024479508325,6.0,121.755,1.73
sub-891,kukuku,fast,40,True,True,5.251949248512843,1.2853789369326043,5.25,121.755,1.73
sub-891,pitaku,fast,41,True,True,1.930445890448524,0.7409983173267198,6.0,121.755,1.73
sub-891,kutapi,fast,42,True,True,2.5175502800914797,0.7221018077616095,5.75,121.755,1.73
sub-891,pipipi,fast,43,True,True,5.458356829979998,1.1496364233597456,5.5,121.755,1.73
sub-891,takupi,fast,44,True,True,2.790097576038882,0.7175449570211789,5.75,121.755,1.73
sub-891,pitaku,fast,45,True,True,1.984069387405428,0.6016417531042535,6.5,121.755,1.73
sub-891,tatata,fast,46,True,True,6.067785019735048,1.8106958812127267,6.5,121.755,1.73
sub-891,kutapi,fast,47,True,True,2.9690349502741555,1.484186620512033,6.0,121.755,1.73
sub-891,takupi,fast,48,True,False,,,6.5,121.755,1.73
sub-891,pipipi,fast,49,True,True,5.6687696783012225,1.0368556068457475,5.75,121.755,1.73
sub-891,kutapi,fast,50,True,True,2.55094635523555,0.856943176981424,5.75,121.755,1.73
sub-891,takupi,fast,51,True,True,2.5986771602191676,0.7724867492453749,6.0,121.755,1.73
sub-891,pipipi,fast,52,True,True,5.364651133327983,0.5670526269158715,5.5,121.755,1.73
sub-891,kutapi,fast,53,True,True,2.2603322134998547,1.5590275957871782,6.0,121.755,1.73
sub-891,pitaku,fast,54,True,False,,,5.75,121.755,1.73
sub-891,tatata,fast,55,True,True,6.067785019735048,1.0347684597724074,5.75,121.755,1.73
sub-891,kukuku,fast,56,True,True,5.6178144452378405,1.087398602132867,6.25,121.755,1.73
sub-891,pitaku,fast,57,True,True,1.549862013720297,0.6718280213695236,6.0,121.755,1.73
sub-891,takupi,fast,58,True,True,2.8343848391506112,0.8962832964180847,6.0,121.755,1.73
sub-891,pipipi,fast,59,True,True,5.72065773027652,0.8656173056109298,5.75,121.755,1.73
sub-891,tatata,fast,60,True,True,6.0384720486252155,1.4470716146694915,6.0,121.755,1.73
sub-891,pitaku,fast,61,True,True,1.888162865961947,0.9191704476655048,6.0,121.755,1.73
sub-891,takupi,fast,62,True,False,,,6.0,121.755,1.73
sub-891,kukuku,fast,63,True,True,5.580195612798255,1.4826253502767717,5.5,121.755,1.73
sub-891,pitaku,fast,64,True,True,2.0341152437214136,1.0099287738495453,6.0,121.755,1.73
sub-891,takupi,fast,65,True,False,,,5.75,121.755,1.73
sub-891,pipipi,fast,66,True,True,5.353164099643722,1.6414387986251904,5.5,121.755,1.73
sub-891,tatata,fast,67,True,True,5.733778978288115,1.7566169535259468,6.25,121.755,1.73
sub-891,pitaku,fast,68,True,True,3.0978037602647057,0.7299727973767949,5.75,121.755,1.73
sub-891,kutapi,fast,69,True,True,1.888162865961947,1.245191890593082,5.75,121.755,1.73
sub-891,pipipi,fast,70,True,True,5.318994967092803,1.9122609169078,5.5,121.755,1.73
sub-891,kukuku,fast,71,True,True,5.112326450988993,1.3778729775859042,5.75,121.755,1.73
sub-891,pitaku,fast,72,True,True,3.113234912246099,0.990145064902701,5.5,121.755,1.73
sub-891,takupi,fast,73,True,True,2.200640523357058,1.2666212446892136,5.5,121.755,1.73
sub-891,pipipi,fast,74,True,True,4.528854410386989,0.6285598450483656,5.25,121.755,1.73
sub-891,tatata,fast,75,True,True,5.827337143435006,1.4404496208543702,6.0,121.755,1.73
sub-891,pitaku,fast,76,True,True,1.9409376044515665,0.9678275311682408,5.75,121.755,1.73
sub-891,kutapi,fast,77,True,False,,,6.0,121.755,1.73
sub-891,tatata,fast,78,True,True,5.868374728952154,1.8065793767164209,6.25,121.755,1.73
sub-891,kukuku,fast,79,True,True,5.208182571945037,1.5012805272251637,5.0,121.755,1.73
sub-891,pitaku,fast,80,True,True,1.933432045269619,1.482075658971557,5.5,121.755,1.73
sub-891,tatata,fast,81,True,True,6.097384185134503,2.193576579948096,5.75,121.755,1.73
sub-891,kukuku,fast,82,True,True,5.555394479789211,1.2090431998628075,6.0,121.755,1.73
sub-891,takupi,fast,83,True,True,2.016070577342859,1.8930413122345529,6.0,121.755,1.73
sub-891,pipipi,fast,84,True,True,5.840952139965295,1.7232929272351465,6.0,121.755,1.73
sub-891,tatata,fast,85,True,True,6.05309325885023,1.789318219135224,6.0,121.755,1.73
sub-891,kutapi,fast,86,True,True,1.9319378020905296,2.2477868116353656,5.75,121.755,1.73
sub-891,pipipi,fast,87,True,True,5.285259018826946,1.60147266646106,5.25,121.755,1.73
sub-891,kukuku,fast,88,True,True,5.353163845621297,1.5858963625932057,5.5,121.755,1.73
sub-891,pitaku,fast,89,True,True,1.9561248168271868,1.1601737602502036,5.75,121.755,1.73
sub-891,tatata,fast,90,True,True,6.281224914334536,1.680330481116477,6.5,121.755,1.73
sub-891,pipipi,fast,91,True,True,5.482297184002514,2.195464312229535,5.5,121.755,1.73
sub-891,takupi,fast,92,True,True,1.937928306903213,1.979084778745712,6.0,121.755,1.73
sub-891,kukuku,fast,93,True,True,5.219055356795712,1.805193584664443,5.75,121.755,1.73
sub-891,pitaku,fast,94,True,True,1.8726048808278235,1.3910143875597556,5.75,121.755,1.73
sub-891,kutapi,fast,95,True,True,2.893434624890214,1.5659994511073752,5.75,121.755,1.73
sub-891,tatata,fast,96,True,True,6.1879393958048166,1.6712701638057874,6.25,121.755,1.73
sub-891,kukuku,fast,97,True,True,4.9799352906477,1.3935272389844815,5.5,121.755,1.73
sub-891,takupi,fast,98,True,True,1.857301274818087,1.1624565470617831,5.75,121.755,1.73
sub-891,pipipi,fast,99,True,True,5.630467378164742,1.8039725356510097,5.5,121.755,1.73
sub-891,kukuku,fast,100,True,True,5.3417254613357805,0.9898192394390266,5.5,121.755,1.73
sub-891,pitaku,fast,101,True,False,,,6.0,121.755,1.73
sub-891,kutapi,fast,102,True,True,2.8867524547782786,2.615351430526591,5.5,121.755,1.73
sub-891,tatata,fast,103,True,True,5.773504909556557,2.86583016580167,6.0,121.755,1.73
sub-891,kukuku,fast,104,True,True,5.555394724084421,1.12094385525263,5.25,121.755,1.73
sub-891,takupi,fast,105,True,False,,,5.75,121.755,1.73
sub-891,kutapi,fast,106,True,True,1.9230212506446072,2.116462517099291,6.0,121.755,1.73
sub-891,tatata,fast,107,True,True,5.186571837838154,2.096717897171996,5.75,121.755,1.73
sub-891,kukuku,fast,108,True,True,2.6454260590878196,0.8816721936008065,5.75,121.755,1.73
sub-891,takupi,fast,109,True,False,,,6.25,121.755,1.73
sub-891,pipipi,fast,110,True,True,5.580195593388371,2.1738301366603983,5.75,121.755,1.73
sub-891,kukuku,fast,111,True,True,5.050358840076747,1.902810432572042,5.5,121.755,1.73
sub-891,takupi,fast,112,True,True,1.068345139247004,0.6800583214812717,6.0,121.755,1.73
sub-891,kutapi,fast,113,True,True,1.9530684576859292,1.4261541099086132,6.25,121.755,1.73
sub-891,pipipi,fast,114,True,True,5.555394724084421,1.2680761867391783,5.75,121.755,1.73
sub-891,kukuku,fast,115,True,True,1.7793079187458998,1.439713457089499,6.0,121.755,1.73
sub-891,pitaku,fast,116,True,True,1.9777908432262572,1.0569973975514513,6.25,121.755,1.73
sub-891,tatata,fast,117,True,True,5.68165369508634,2.2824080896069603,6.0,121.755,1.73
sub-891,kutapi,fast,118,True,True,3.1604647608571295,1.6398759136035426,6.0,121.755,1.73
sub-891,pipipi,fast,119,True,True,5.580195593388371,1.5430551136082826,5.25,121.755,1.73
sub-891,kukuku,fast,120,True,True,4.716844577052811,1.4892300850041855,5.25,121.755,1.73
sub-987,bibibi,normal,1,True,True,2.312606809047206,2.026887186650436,4.5,111.07,1.7
sub-987,kutapi,normal,2,True,False,,,2.5,111.07,1.7
sub-987,pipipi,normal,3,True,False,,,2.25,111.07,1.7
sub-987,tatata,normal,4,True,True,1.968447213055141,2.9415016614374396,2.25,111.07,1.7
sub-987,kutapi,normal,5,True,False,,,2.25,111.07,1.7
sub-987,pipipi,normal,6,True,False,,,2.25,111.07,1.7
sub-987,kukuku,normal,7,True,False,,,2.5,111.07,1.7
sub-987,takupi,normal,8,True,True,2.1403492813185183,0.5637155641463512,2.0,111.07,1.7
sub-987,bibibi,normal,9,True,False,,,2.0,111.07,1.7
sub-987,pipipi,normal,10,True,False,,,3.0,111.07,1.7
sub-987,takupi,normal,11,True,True,1.0220474082502164,1.2711747374762083,3.25,111.07,1.7
sub-987,bibibi,normal,12,True,True,2.0902407697157437,3.483818503219787,2.0,111.07,1.7
sub-987,dadada,normal,13,True,True,1.8824758739307448,1.2224091981517995,2.75,111.07,1.7
sub-987,pitaku,normal,14,True,True,1.8656178810298727,0.9632417490102084,3.0,111.07,1.7
sub-987,bibibi,normal,15,True,True,2.1330443349658954,3.923202252556196,2.25,111.07,1.7
sub-987,dadada,normal,16,True,True,2.107865059510986,1.940123243776548,3.5,111.07,1.7
sub-987,pitaku,normal,17,True,False,,,2.0,111.07,1.7
sub-987,bibibi,normal,18,True,True,1.838182323955904,1.0489434068671422,2.0,111.07,1.7
sub-987,takupi,normal,19,True,True,2.104316465134705,0.8225681990433307,2.25,111.07,1.7
sub-987,pipipi,normal,20,False,False,,,2.9197080291970803,111.07,1.7
sub-987,bibibi,normal,21,True,True,2.4153894598138987,1.7718780603696525,2.0,111.07,1.7
sub-987,pitaku,normal,22,True,False,,,2.0,111.07,1.7
sub-987,tatata,normal,23,True,False,,,2.366863905325443,111.07,1.7
sub-987,gugugu,normal,24,True,False,,,2.25,111.07,1.7
sub-987,takupi,normal,25,True,True,1.428530337661363,0.6958855825278043,2.0,111.07,1.7
sub-987,kukuku,normal,26,True,False,,,2.366863905325443,111.07,1.7
sub-987,gugugu,normal,27,True,False,,,2.25,111.07,1.7
sub-987,takupi,normal,28,True,True,2.1551104231960223,6.4690859884996845,2.25,111.07,1.7
sub-987,dadada,normal,29,True,False,,,2.0,111.07,1.7
sub-987,tatata,normal,30,True,True,2.392275685078838,4.327631844287778,4.0,111.07,1.7
sub-987,kutapi,normal,31,True,True,2.1348660041907648,1.2355152265003762,2.0,111.07,1.7
sub-987,pipipi,normal,32,True,True,1.8573017020114304,1.468096536595496,2.5,111.07,1.7
sub-987,bibibi,normal,33,True,True,2.587917278372035,1.3290944988637294,3.75,111.07,1.7
sub-987,pitaku,normal,34,True,True,1.142041156193415,6.431229086727195,2.5,111.07,1.7
sub-987,tatata,normal,35,True,True,1.8996414064645788,2.056907581440681,2.5,111.07,1.7
sub-987,bibibi,normal,36,True,True,1.7959253526633516,2.0571650235570917,2.5,111.07,1.7
sub-987,pitaku,normal,37,True,True,2.1551104231960223,8.889274161190283,2.0,111.07,1.7
sub-987,dadada,normal,38,True,True,2.076352234972912,3.7914812588377913,2.0,111.07,1.7
sub-987,pipipi,normal,39,True,False,,,3.0,111.07,1.7
sub-987,takupi,normal,40,False,False,,,3.493449781659389,111.07,1.7
sub-987,bibibi,normal,41,True,False,,,2.5,111.07,1.7
sub-987,tatata,normal,42,True,True,2.042424909239422,4.068396574442502,2.0,111.07,1.7
sub-987,kutapi,normal,43,True,True,1.871203659363063,6.827351124196724,2.25,111.07,1.7
sub-987,dadada,normal,44,True,False,,,2.0,111.07,1.7
sub-987,pipipi,normal,45,True,True,2.0095884959075985,1.6037974080875743,2.0,111.07,1.7
sub-987,kutapi,normal,46,True,False,,,2.366863905325443,111.07,1.7
sub-987,gugugu,normal,47,True,True,2.0558619152212603,0.6075296017473182,2.25,111.07,1.7
sub-987,kukuku,normal,48,True,True,1.9409379572275252,1.881788612634125,2.5,111.07,1.7
sub-987,takupi,normal,49,True,False,,,3.550295857988165,111.07,1.7
sub-987,gugugu,normal,50,True,True,1.2912851698910397,0.8015306805557367,2.25,111.07,1.7
sub-987,kukuku,normal,51,True,False,,,2.5,111.07,1.7
sub-987,takupi,normal,52,True,False,,,2.366863905325443,111.07,1.7
sub-987,gugugu,normal,53,True,True,1.1692834840547486,0.5187845018924211,2.0,111.07,1.7
sub-987,kukuku,normal,54,True,False,,,3.25,111.07,1.7
sub-987,takupi,normal,55,True,False,,,2.25,111.07,1.7
sub-987,dadada,normal,56,True,False,,,2.25,111.07,1.7
sub-987,kukuku,normal,57,True,True,2.771538901229549,1.708896665837802,2.0,111.07,1.7
sub-987,takupi,normal,58,True,False,,,2.1937842778793417,111.07,1.7
sub-987,gugugu,normal,59,True,True,1.336859940593076,2.1516371442544333,2.0,111.07,1.7
sub-987,bibibi,normal,60,False,False,,,2.690582959641256,111.07,1.7
sub-987,takupi,normal,61,True,True,1.5299436274524452,1.5536091770741027,2.25,111.07,1.7
sub-987,pipipi,normal,62,True,False,,,2.366863905325443,111.07,1.7
sub-987,gugugu,normal,63,True,False,,,2.0,111.07,1.7
sub-987,kutapi,normal,64,True,True,1.1660111414446337,0.7766481624927195,2.5,111.07,1.7
sub-987,pipipi,normal,65,True,True,1.9561251074000745,1.7998141022879128,2.0,111.07,1.7
sub-987,bibibi,normal,66,True,True,2.066056105171318,1.4114028038408666,4.0,111.07,1.7
sub-987,pitaku,normal,67,True,False,,,2.5594149908592323,111.07,1.7
sub-987,gugugu,normal,68,True,False,,,2.0,111.07,1.7
sub-987,tatata,normal,69,True,True,1.767982947140944,2.545145100128183,2.5,111.07,1.7
sub-987,kutapi,normal,70,True,True,1.2308852226771518,2.525353569256075,2.25,111.07,1.7
sub-987,pipipi,normal,71,True,False,,,2.0,111.07,1.7
sub-987,tatata,normal,72,True,True,1.905432840897329,3.074331140073096,2.25,111.07,1.7
sub-987,kutapi,normal,73,True,True,2.1421832795692333,6.33359917053851,2.0,111.07,1.7
sub-987,dadada,normal,74,True,False,,,2.5594149908592323,111.07,1.7
sub-987,gugugu,normal,75,True,False,,,2.0,111.07,1.7
sub-987,takupi,normal,76,True,True,1.9469843358701675,6.641554063235645,3.5,111.07,1.7
sub-987,dadada,normal,77,True,True,1.9746665776123975,1.6496344812891968,2.0,111.07,1.7
sub-987,pipipi,normal,78,True,True,1.2487152284002472,4.446947844276931,3.5,111.07,1.7
sub-987,kutapi,normal,79,True,True,2.034115449355,9.642401152400495,2.5,111.07,1.7
sub-987,dadada,normal,80,False,False,,,2.2099447513812156,111.07,1.7
sub-987,pipipi,normal,81,True,True,2.648228540737059,6.765562477197785,4.5,111.07,1.7
sub-987,kutapi,normal,82,True,True,2.009588217408186,7.70944540684026,2.0,111.07,1.7
sub-987,dadada,normal,83,True,True,2.153253869470959,9.895802141665,2.5,111.07,1.7
sub-987,tatata,normal,84,True,True,2.185251523125685,2.5656056673925995,2.0,111.07,1.7
sub-987,pitaku,normal,85,True,True,2.210369356724831,9.485483819234169,2.0,111.07,1.7
sub-987,dadada,normal,86,True,False,,,2.0,111.07,1.7
sub-987,kukuku,normal,87,True,False,,,2.5,111.07,1.7
sub-987,takupi,normal,88,True,False,,,3.290676416819013,111.07,1.7
sub-987,gugugu,normal,89,True,False,,,2.25,111.07,1.7
sub-987,dadada,normal,90,True,True,2.192919072329635,8.67811570128742,3.75,111.07,1.7
sub-987,takupi,normal,91,True,True,1.1322136514745396,2.068129138975766,2.0,111.07,1.7
sub-987,bibibi,normal,92,True,True,2.0258733731408296,10.077708989496074,2.25,111.07,1.7
sub-987,dadada,normal,93,True,True,2.177637406320369,4.258419998926406,4.0,111.07,1.7
sub-987,pitaku,normal,94,True,True,2.151400811063497,7.984297511387636,2.0,111.07,1.7
sub-987,tatata,normal,95,True,False,,,2.1937842778793417,111.07,1.7
sub-987,gugugu,normal,96,True,True,0.9826759993929968,1.9367404633843768,2.0,111.07,1.7
sub-987,kutapi,normal,97,True,True,2.0031472295318777,9.702173772107985,2.25,111.07,1.7
sub-987,dadada,normal,98,True,False,,,2.1937842778793417,111.07,1.7
sub-987,gugugu,normal,99,True,False,,,2.0,111.07,1.7
sub-987,kutapi,normal,100,False,False,,,2.1978021978021975,111.07,1.7
sub-987,tatata,normal,101,True,True,1.1091074402098684,2.2210319338040128,2.0,111.07,1.7
sub-987,bibibi,normal,102,True,True,2.332022546859182,4.813930662882976,2.0,111.07,1.7
sub-987,kutapi,normal,103,True,False,,,3.0,111.07,1.7
sub-987,tatata,normal,104,True,True,2.0746291869153892,8.372951793534142,2.0,111.07,1.7
sub-987,dadada,normal,105,True,True,2.1551104915802104,2.433083484254132,4.75,111.07,1.7
sub-987,pitaku,normal,106,True,True,1.9025328540586328,1.2889967381311855,2.0,111.07,1.7
sub-987,bibibi,normal,107,True,True,1.004794280640291,2.1884216110292023,2.25,111.07,1.7
sub-987,kukuku,normal,108,True,True,2.8505452340171535,2.40586789408147,2.0,111.07,1.7
sub-987,pitaku,normal,109,True,True,1.9684473781362548,9.355639679297708,2.0,111.07,1.7
sub-987,dadada,normal,110,True,True,2.104316641610306,2.0019662807464806,2.0,111.07,1.7
sub-987,pipipi,normal,111,True,True,2.606807268230494,5.085601307658873,2.0,111.07,1.7
sub-987,kutapi,normal,112,True,True,2.067765235924767,6.501601015291718,3.0,111.07,1.7
sub-987,tatata,normal,113,True,False,,,2.0,111.07,1.7
sub-987,kukuku,normal,114,True,True,2.4509099708167095,2.365652064171238,2.0,111.07,1.7
sub-987,pitaku,normal,115,True,True,1.7408970544798354,7.1692295250264255,2.0,111.07,1.7
sub-987,dadada,normal,116,True,False,,,2.0,111.07,1.7
sub-987,kukuku,normal,117,True,True,3.3067832939590525,2.173869658265035,4.25,111.07,1.7
sub-987,pitaku,normal,118,True,False,,,2.5594149908592323,111.07,1.7
sub-987,gugugu,normal,119,True,True,1.3332950241242898,0.5174541502346361,2.0,111.07,1.7
sub-987,pipipi,normal,120,True,False,,,2.18978102189781,111.07,1.7
sub-987,kutapi,normal,121,True,False,,,3.656307129798903,111.07,1.7
sub-987,gugugu,normal,122,True,True,2.144020673404616,1.3831190201771637,2.25,111.07,1.7
sub-987,bibibi,normal,123,True,True,1.9561252779262768,4.316303396158662,3.75,111.07,1.7
sub-987,kutapi,normal,124,True,False,,,3.550295857988165,111.07,1.7
sub-987,gugugu,normal,125,True,False,,,2.0,111.07,1.7
sub-987,kukuku,normal,126,True,True,2.049121397696543,1.760576943956586,2.5,111.07,1.7
sub-987,pitaku,normal,127,True,True,2.040757636889618,7.731488809000139,2.0,111.07,1.7
sub-987,tatata,normal,128,True,False,,,2.366863905325443,111.07,1.7
sub-987,gugugu,normal,129,True,True,0.662057231247294,1.0068416931342945,2.25,111.07,1.7
sub-987,takupi,normal,130,True,True,2.0063628452566467,1.9828198114883957,2.0,111.07,1.7
sub-987,kukuku,normal,131,True,False,,,2.5594149908592323,111.07,1.7
sub-987,gugugu,normal,132,True,False,,,2.25,111.07,1.7
sub-987,takupi,normal,133,True,True,2.0972551218035083,2.4397934314932304,2.0,111.07,1.7
sub-987,bibibi,normal,134,True,False,,,2.1937842778793417,111.07,1.7
sub-987,gugugu,normal,135,True,True,0.5650832064172201,1.352511554605865,2.0,111.07,1.7
sub-987,pitaku,normal,136,True,True,1.9561252779262768,9.187865190338442,2.25,111.07,1.7
sub-987,tatata,normal,137,True,False,,,2.366863905325443,111.07,1.7
sub-987,gugugu,normal,138,True,True,1.399735781181289,1.512732133013878,2.0,111.07,1.7
sub-987,pitaku,normal,139,True,True,1.9777912224602707,1.7478149929390483,2.25,111.07,1.7
sub-987,kukuku,normal,140,True,False,,,2.3952095808383236,111.07,1.7
sub-987,bibibi,normal,141,True,True,2.212325539492742,3.5732795061434075,2.75,111.07,1.7
sub-987,pitaku,normal,142,True,False,,,2.0,111.07,1.7
sub-987,tatata,normal,143,True,True,1.8698039339018684,2.2396500633517906,2.5,111.07,1.7
sub-987,pipipi,normal,144,True,True,2.5483464420252786,5.575053417463004,2.25,111.07,1.7
sub-987,kutapi,normal,145,True,True,0.8662258695865553,8.51782265740836,2.75,111.07,1.7
sub-987,tatata,normal,146,True,True,2.079806871569716,2.1141168118890254,2.0,111.07,1.7
sub-987,pipipi,normal,147,True,True,2.6823260296424873,3.746559455685997,3.75,111.07,1.7
sub-987,kutapi,normal,148,True,True,1.112067553214768,6.171905299753539,2.0,111.07,1.7
sub-987,tatata,normal,149,True,True,2.042424721917319,2.749604890341491,2.0,111.07,1.7
sub-987,bibibi,normal,150,True,True,2.224135106429536,2.315693323679886,4.25,111.07,1.7
sub-987,pitaku,normal,151,True,False,,,2.0,111.07,1.7
sub-987,kukuku,normal,152,True,True,2.106089182499409,3.782822903871719,2.25,111.07,1.7
sub-987,bibibi,normal,153,True,True,2.1477043467584176,2.880551000324461,2.75,111.07,1.7
sub-987,pitaku,normal,154,True,True,2.072908672990712,1.842994580803728,2.0,111.07,1.7
sub-987,kukuku,normal,155,True,False,,,2.0,111.07,1.7
sub-987,tatata,normal,156,True,True,2.0763520428794005,2.953969656085265,4.25,111.07,1.7
sub-987,pitaku,normal,157,True,True,1.4559859403767026,2.449165949143868,2.0,111.07,1.7
sub-987,kukuku,normal,158,True,True,1.3942709758097034,2.334979373392806,2.5,111.07,1.7
sub-987,pipipi,normal,159,True,True,2.232078446095356,3.0387172179645106,2.0,111.07,1.7
sub-987,kutapi,normal,160,True,False,,,2.884615384615384,111.07,1.7
sub-987,tatata,normal,161,True,False,,,2.0,111.07,1.7
sub-987,kukuku,normal,162,True,True,3.731235994352651,2.931174069335144,3.75,111.07,1.7
sub-987,takupi,normal,163,True,True,1.8449653994216064,1.631565583294079,2.0,111.07,1.7
sub-987,bibibi,normal,164,True,False,,,2.0,111.07,1.7
sub-987,tatata,normal,165,True,True,1.9935630910815605,5.430355045168405,2.75,111.07,1.7
sub-987,pitaku,normal,166,True,False,,,3.550295857988165,111.07,1.7
sub-987,gugugu,normal,167,True,False,,,2.0,111.07,1.7
sub-987,dadada,normal,168,True,True,1.583235032435894,5.984002970507099,2.0,111.07,1.7
sub-987,takupi,normal,169,True,True,1.546985220430864,0.8200751340010566,2.0,111.07,1.7
sub-987,kukuku,normal,170,True,False,,,2.0,111.07,1.7
sub-987,dadada,normal,171,True,True,1.2112054826629248,6.781434871868935,2.25,111.07,1.7
sub-987,kutapi,normal,172,True,True,2.204522148338868,1.6385266120613835,2.5,111.07,1.7
sub-987,pipipi,normal,173,True,True,2.0972551310539234,6.878355943011272,2.0,111.07,1.7
sub-987,dadada,normal,174,True,True,1.8545460802791367,7.921045478613204,2.5,111.07,1.7
sub-987,takupi,normal,175,True,True,2.001543727955385,2.1168686768218565,2.0,111.07,1.7
sub-987,pipipi,normal,176,True,False,,,2.25,111.07,1.7
sub-987,kukuku,normal,177,True,True,2.0832734301802307,3.5712936603893386,2.5,111.07,1.7
sub-987,takupi,normal,178,True,True,1.755567497342891,3.4336400766639956,2.25,111.07,1.7
sub-987,pipipi,normal,179,True,True,2.336381417024558,0.7394979043189149,2.0,111.07,1.7
sub-987,kukuku,normal,180,True,False,,,2.023608768971332,111.07,1.7
sub-987,tatata,fast,1,True,True,5.643178591910331,8.319907941125251,5.75,111.07,1.7
sub-987,kukuku,fast,2,True,True,3.5866974407694068,0.9004577282017685,5.5,111.07,1.7
sub-987,pitaku,fast,3,True,True,3.5210255157975734,2.395665627938291,6.75,111.07,1.7
sub-987,tatata,fast,4,True,True,4.752715049840832,10.034125639989655,5.0,111.07,1.7
sub-987,pipipi,fast,5,True,True,4.882672101984917,1.2664299671189454,5.0,111.07,1.7
sub-987,kutapi,fast,6,True,True,4.6815133262477095,6.040570411949707,6.25,111.07,1.7
sub-987,pitaku,fast,7,True,True,3.5815589057539783,5.356485684279958,6.75,111.07,1.7
sub-987,kukuku,fast,8,True,True,2.9584948120902683,0.8436051920376002,5.0,111.07,1.7
sub-987,tatata,fast,9,True,True,5.251949823983776,8.453704206331505,5.5,111.07,1.7
sub-987,kutapi,fast,10,True,True,3.9245339344054577,5.166779291827927,7.5,111.07,1.7
sub-987,takupi,fast,11,True,True,2.394567161126702,10.49792387362858,7.0,111.07,1.7
sub-987,kukuku,fast,12,True,True,3.875857544521359,1.075673099297615,5.0,111.07,1.7
sub-987,pipipi,fast,13,True,True,5.813786316782041,1.845729618843988,6.0,111.07,1.7
sub-987,takupi,fast,14,True,True,2.417725450886148,8.035441555078389,7.25,111.07,1.7
sub-987,kutapi,fast,15,True,True,4.488201285846099,4.064122570264076,7.0,111.07,1.7
sub-987,tatata,fast,16,True,True,5.208183575450576,8.605292832947278,5.25,111.07,1.7
sub-987,pitaku,fast,17,True,True,2.3320224964704077,6.907180578730069,7.5,111.07,1.7
sub-987,kutapi,fast,18,True,True,4.166546860360461,6.000303709691005,7.5,111.07,1.7
sub-987,pipipi,fast,19,True,True,4.979936486486608,1.83099517208894,5.0,111.07,1.7
sub-987,tatata,fast,20,True,True,4.807554069646687,13.021807239021282,4.75,111.07,1.7
sub-987,pitaku,fast,21,True,True,3.4625043019651542,5.770948892768859,7.0,111.07,1.7
sub-987,kukuku,fast,22,True,False,,,6.25,111.07,1.7
sub-987,takupi,fast,23,True,True,2.3968629971417466,8.155259051308274,6.75,111.07,1.7
sub-987,pipipi,fast,24,True,True,2.2400789480455567,6.1055731637997805,6.5,111.07,1.7
sub-987,tatata,fast,41,True,True,2.342950280211916,6.6691602277074065,5.75,111.07,1.7
sub-987,kutapi,fast,42,True,True,2.427114513578752,9.11229604626237,6.25,111.07,1.7
sub-987,takupi,fast,43,True,True,1.81023023098198,6.0484311357613345,6.25,111.07,1.7
sub-987,pipipi,fast,44,True,True,4.370503407318381,1.357054933542523,4.5,111.07,1.7
sub-987,kutapi,fast,45,True,True,2.1275982544562675,8.673958450193545,6.5,111.07,1.7
sub-987,takupi,fast,46,True,True,3.764951730400775,2.806692719379667,4.0,111.07,1.7
sub-987,kukuku,fast,47,True,True,3.1055005577467263,6.768041562812411,5.75,111.07,1.7
sub-987,pitaku,fast,48,True,True,3.665583502912191,8.769701387189741,3.75,111.07,1.7
sub-987,kutapi,fast,49,True,True,4.045190855964586,2.6237912015421596,6.0,111.07,1.7
sub-987,pipipi,fast,50,True,True,2.8089078078495673,7.497199900409605,6.0,111.07,1.7
sub-987,takupi,fast,51,True,True,3.881875697183407,10.086707495967667,3.75,111.07,1.7
sub-987,kutapi,fast,52,False,False,,,2.8776978417266186,111.07,1.7
sub-987,tatata,fast,61,True,True,2.8089078078495664,6.009542544788603,5.75,111.07,1.7
sub-987,pitaku,fast,62,True,True,3.1210086753884076,3.066537822621211,6.0,111.07,1.7
sub-987,takupi,fast,63,True,True,3.0265471537362156,7.041818580918399,6.25,111.07,1.7
sub-987,kukuku,fast,64,True,True,3.869857506170456,9.629234536914176,4.0,111.07,1.7
sub-987,pitaku,fast,81,True,True,3.857913423764513,11.866925727511008,3.75,111.07,1.7
sub-987,kutapi,fast,82,True,True,1.5431653695058047,1.7779021717333323,4.25,111.07,1.7
sub-987,pipipi,fast,83,True,True,2.6997061539950367,3.363746537375521,2.0,111.07,1.7
sub-987,takupi,fast,84,True,True,4.258820951617383,1.7617434770641864,5.25,111.07,1.7
sub-987,pitaku,fast,85,True,True,4.032141771934523,9.281330320615588,4.0,111.07,1.7
sub-987,tatata,fast,86,True,True,3.0673961946004957,6.144154879899403,5.5,111.07,1.7
sub-987,kutapi,fast,87,True,True,4.496273198919793,2.4242349661559803,4.5,111.07,1.7
sub-987,takupi,fast,88,True,True,2.3083360097870766,2.213067605293948,4.5,111.07,1.7
sub-987,pipipi,fast,89,True,True,2.387705729321303,1.028793427910287,4.5,111.07,1.7
sub-987,kutapi,fast,90,True,True,3.764951654517174,8.767170159410677,3.75,111.07,1.7
sub-987,takupi,fast,91,True,True,4.464156961784651,2.3483571729265087,4.5,111.07,1.7
sub-987,pipipi,fast,92,True,True,3.530971608191248,1.3409074692802614,4.0,111.07,1.7
sub-987,kutapi,fast,93,True,True,1.6621861027921567,1.3810312959771256,3.0,111.07,1.7
sub-987,pitaku,fast,94,True,True,3.993495045685949,4.177278815842511,6.25,111.07,1.7
sub-987,tatata,fast,95,True,True,3.1327417275681753,5.144078759670567,5.75,111.07,1.7
sub-987,kukuku,fast,96,True,True,4.152704150497349,9.0431529146655,4.0,111.07,1.7
sub-987,pitaku,fast,97,True,True,2.6594977644674507,3.1695820788231366,4.5,111.07,1.7
sub-987,takupi,fast,98,True,True,2.979651845768062,7.405936317433245,6.5,111.07,1.7
sub-987,pipipi,fast,99,True,True,4.416833743108488,2.4524806763627156,4.5,111.07,1.7
sub-987,tatata,fast,100,True,True,3.687209289969623,1.1225383509004896,4.5,111.07,1.7
sub-987,pitaku,fast,101,True,True,3.1524947079999213,5.671689283873167,6.25,111.07,1.7
sub-987,takupi,fast,102,True,True,3.4152026003332483,7.46852967502876,6.0,111.07,1.7
sub-987,kukuku,fast,103,True,True,3.238249097725308,10.821214904764648,3.25,111.07,1.7
sub-987,pitaku,fast,104,True,False,,,3.25,111.07,1.7
sub-987,takupi,fast,105,True,True,2.8279731939411055,7.589429152575235,3.0,111.07,1.7
sub-987,pipipi,fast,106,True,True,1.9888053328909605,7.1998113610309575,5.25,111.07,1.7
sub-987,tatata,fast,107,True,True,3.924534228326432,9.33236214060399,3.75,111.07,1.7
sub-987,pitaku,fast,108,True,True,3.676365152123437,10.825375407035263,3.75,111.07,1.7
sub-987,kutapi,fast,109,True,True,1.541262825797742,3.3117287343764445,4.5,111.07,1.7
sub-987,pipipi,fast,110,True,True,4.5786232663808395,1.9822289465942244,5.75,111.07,1.7
sub-987,kukuku,fast,111,True,True,1.7312522877035574,1.5606945437726818,4.5,111.07,1.7
sub-987,pitaku,fast,112,True,True,0.839465514924089,1.4147892244366318,4.25,111.07,1.7
sub-987,takupi,fast,113,True,True,1.9840700820983628,5.303446053810115,5.75,111.07,1.7
sub-987,pipipi,fast,114,True,True,4.512505962895194,1.6071632084208003,4.75,111.07,1.7
sub-987,tatata,fast,115,True,True,1.256245378615044,1.999901505664021,4.5,111.07,1.7
sub-987,pitaku,fast,116,True,True,3.238249097725308,3.466194778143281,4.5,111.07,1.7
sub-987,kutapi,fast,117,True,True,2.3606499560377125,6.466446917724801,5.75,111.07,1.7
sub-987,tatata,fast,118,True,True,4.22285186392557,7.367613546375463,4.25,111.07,1.7
sub-987,kukuku,fast,119,True,True,2.181438310160504,4.3136079631670885,6.25,111.07,1.7
sub-987,pitaku,fast,120,True,True,5.091503673001909,1.105671356839986,5.25,111.07,1.7
sub-989,bibibi,normal,1,True,False,,,2.5,128.51999999999998,1.63
sub-989,kutapi,normal,2,True,False,,,2.0,128.51999999999998,1.63
sub-989,pipipi,normal,3,True,True,2.6259749293196273,1.2745495856967084,2.0,128.51999999999998,1.63
sub-989,tatata,normal,4,True,True,2.293512048359895,1.1101657569225756,3.75,128.51999999999998,1.63
sub-989,kutapi,normal,5,True,False,,,2.25,128.51999999999998,1.63
sub-989,pipipi,normal,6,True,False,,,2.0,128.51999999999998,1.63
sub-989,kukuku,normal,7,True,False,,,4.25,128.51999999999998,1.63
sub-989,takupi,normal,8,True,False,,,2.5,128.51999999999998,1.63
sub-989,bibibi,normal,9,True,False,,,7.0,128.51999999999998,1.63
sub-989,pipipi,normal,10,True,False,,,3.75,128.51999999999998,1.63
sub-989,takupi,normal,11,True,False,,,2.5,128.51999999999998,1.63
sub-989,bibibi,normal,12,True,True,2.276801578062191,1.92693833439015,2.5,128.51999999999998,1.63
sub-989,dadada,normal,13,True,False,,,3.5,128.51999999999998,1.63
sub-989,pitaku,normal,14,True,False,,,2.75,128.51999999999998,1.63
sub-989,bibibi,normal,15,True,False,,,2.75,128.51999999999998,1.63
sub-989,dadada,normal,16,True,False,,,4.0,128.51999999999998,1.63
sub-989,pitaku,normal,17,True,False,,,3.0,128.51999999999998,1.63
sub-989,bibibi,normal,18,True,False,,,2.0,128.51999999999998,1.63
sub-989,takupi,normal,19,True,False,,,2.25,128.51999999999998,1.63
sub-989,pipipi,normal,20,True,False,,,2.25,128.51999999999998,1.63
sub-989,pitaku,normal,21,True,False,,,2.5,128.51999999999998,1.63
sub-989,tatata,normal,22,True,False,,,2.366863905325443,128.51999999999998,1.63
sub-989,gugugu,normal,23,True,False,,,2.5,128.51999999999998,1.63
sub-989,takupi,normal,24,True,False,,,3.0,128.51999999999998,1.63
sub-989,kukuku,normal,25,True,False,,,2.366863905325443,128.51999999999998,1.63
sub-989,gugugu,normal,26,True,False,,,2.5,128.51999999999998,1.63
sub-989,takupi,normal,27,True,False,,,4.5,128.51999999999998,1.63
sub-989,dadada,normal,28,True,False,,,2.25,128.51999999999998,1.63
sub-989,tatata,normal,29,True,True,1.8327918771955245,0.9553883944087184,2.25,128.51999999999998,1.63
sub-989,kutapi,normal,30,True,False,,,2.25,128.51999999999998,1.63
sub-989,pipipi,normal,31,True,False,,,5.5,128.51999999999998,1.63
sub-989,bibibi,normal,32,True,False,,,3.5,128.51999999999998,1.63
sub-989,pitaku,normal,33,True,True,2.4899682475046774,1.1283103493679911,2.0,128.51999999999998,1.63
sub-989,tatata,normal,34,True,False,,,2.0,128.51999999999998,1.63
sub-989,bibibi,normal,35,True,False,,,3.75,128.51999999999998,1.63
sub-989,pitaku,normal,36,True,True,1.66218625032892,1.3005910776418794,2.0,128.51999999999998,1.63
sub-989,dadada,normal,37,True,False,,,2.0,128.51999999999998,1.63
sub-989,pipipi,normal,38,True,False,,,3.0,128.51999999999998,1.63
sub-989,takupi,normal,39,True,False,,,3.5,128.51999999999998,1.63
sub-989,tatata,normal,41,True,True,2.208417030460037,1.5095877078575888,3.5,128.51999999999998,1.63
sub-989,kutapi,normal,42,True,True,2.1776376990250537,2.3983965426764353,4.0,128.51999999999998,1.63
sub-989,dadada,normal,43,True,False,,,2.25,128.51999999999998,1.63
sub-989,pipipi,normal,44,True,False,,,2.0,128.51999999999998,1.63
sub-989,kutapi,normal,45,True,False,,,3.1558185404339247,128.51999999999998,1.63
sub-989,gugugu,normal,46,True,False,,,2.25,128.51999999999998,1.63
sub-989,kukuku,normal,47,True,False,,,6.25,128.51999999999998,1.63
sub-989,takupi,normal,48,True,False,,,2.366863905325443,128.51999999999998,1.63
sub-989,gugugu,normal,49,True,False,,,2.25,128.51999999999998,1.63
sub-989,kukuku,normal,50,True,False,,,3.75,128.51999999999998,1.63
sub-989,takupi,normal,51,True,False,,,2.366863905325443,128.51999999999998,1.63
sub-989,gugugu,normal,52,True,False,,,2.0,128.51999999999998,1.63
sub-989,kukuku,normal,53,True,False,,,2.0,128.51999999999998,1.63
sub-989,takupi,normal,54,True,False,,,2.0,128.51999999999998,1.63
sub-989,dadada,normal,55,True,False,,,2.25,128.51999999999998,1.63
sub-989,kukuku,normal,56,True,False,,,2.0,128.51999999999998,1.63
sub-989,takupi,normal,57,True,False,,,2.1937842778793417,128.51999999999998,1.63
sub-989,gugugu,normal,58,True,False,,,2.25,128.51999999999998,1.63
sub-989,bibibi,normal,59,True,False,,,4.25,128.51999999999998,1.63
sub-989,pipipi,normal,61,True,False,,,2.366863905325443,128.51999999999998,1.63
sub-989,gugugu,normal,62,True,False,,,2.5,128.51999999999998,1.63
sub-989,kutapi,normal,63,True,False,,,2.5,128.51999999999998,1.63
sub-989,pipipi,normal,64,True,False,,,2.0,128.51999999999998,1.63
sub-989,bibibi,normal,65,True,True,1.1803250648774837,1.73093691093458,4.0,128.51999999999998,1.63
sub-989,pitaku,normal,66,True,False,,,9.872029250457038,128.51999999999998,1.63
sub-989,gugugu,normal,67,True,False,,,2.25,128.51999999999998,1.63
sub-989,tatata,normal,68,True,True,2.566661691386561,1.501224523061187,3.5,128.51999999999998,1.63
sub-989,kutapi,normal,69,True,False,,,5.0,128.51999999999998,1.63
sub-989,pipipi,normal,70,True,True,2.327680155875707,2.089029485540923,2.0,128.51999999999998,1.63
sub-989,tatata,normal,71,True,False,,,2.0,128.51999999999998,1.63
sub-989,kutapi,normal,72,True,True,1.9888054792446384,1.9534078260986067,3.75,128.51999999999998,1.63
sub-989,dadada,normal,73,True,False,,,2.1937842778793417,128.51999999999998,1.63
sub-989,gugugu,normal,74,True,True,0.6990851474861606,0.6096466859516614,2.25,128.51999999999998,1.63
sub-989,takupi,normal,75,True,True,1.8408899023641456,2.6020460855676726,9.5,128.51999999999998,1.63
sub-989,dadada,normal,76,True,False,,,2.0,128.51999999999998,1.63
sub-989,pipipi,normal,77,True,False,,,4.0,128.51999999999998,1.63
sub-989,kutapi,normal,78,True,True,2.3808842737242957,1.8837739351936067,5.25,128.51999999999998,1.63
sub-989,dadada,normal,79,True,False,,,2.0,128.51999999999998,1.63
sub-989,dadada,normal,81,True,True,1.566371031989651,1.6267306803635728,2.25,128.51999999999998,1.63
sub-989,tatata,normal,82,True,False,,,4.5,128.51999999999998,1.63
sub-989,pitaku,normal,83,True,True,2.4533151786609255,1.7782633267045589,3.5,128.51999999999998,1.63
sub-989,dadada,normal,84,True,False,,,2.25,128.51999999999998,1.63
sub-989,kukuku,normal,85,True,False,,,2.0,128.51999999999998,1.63
sub-989,takupi,normal,86,True,False,,,3.290676416819013,128.51999999999998,1.63
sub-989,gugugu,normal,87,True,False,,,2.25,128.51999999999998,1.63
sub-989,dadada,normal,88,True,False,,,3.75,128.51999999999998,1.63
sub-989,takupi,normal,89,True,False,,,2.25,128.51999999999998,1.63
sub-989,bibibi,normal,90,True,False,,,2.75,128.51999999999998,1.63
sub-989,dadada,normal,91,True,True,1.3129874826972072,2.5705772150373463,4.0,128.51999999999998,1.63
sub-989,pitaku,normal,92,True,True,2.4654123935458414,2.061118073947525,2.25,128.51999999999998,1.63
sub-989,tatata,normal,93,True,False,,,2.1937842778793417,128.51999999999998,1.63
sub-989,gugugu,normal,94,True,False,,,2.25,128.51999999999998,1.63
sub-989,kutapi,normal,95,True,True,1.5327579197151948,1.732281696216678,2.25,128.51999999999998,1.63
sub-989,dadada,normal,96,True,False,,,2.1937842778793417,128.51999999999998,1.63
sub-989,gugugu,normal,97,True,False,,,2.25,128.51999999999998,1.63
sub-989,kutapi,normal,98,True,False,,,5.25,128.51999999999998,1.63
sub-989,kutapi,normal,101,True,False,,,2.25,128.51999999999998,1.63
sub-989,tatata,normal,102,True,True,2.1025467108691513,2.022504924737335,5.0,128.51999999999998,1.63
sub-989,dadada,normal,103,True,True,1.3283358338062812,0.9265531811232036,4.0,128.51999999999998,1.63
sub-989,pitaku,normal,104,True,False,,,2.25,128.51999999999998,1.63
sub-989,bibibi,normal,105,True,False,,,2.25,128.51999999999998,1.63
sub-989,kukuku,normal,106,True,False,,,2.25,128.51999999999998,1.63
sub-989,pitaku,normal,107,True,True,1.7946360654870217,2.7495528632520423,2.25,128.51999999999998,1.63
sub-989,dadada,normal,108,True,False,,,2.25,128.51999999999998,1.63
sub-989,pipipi,normal,109,True,True,2.625974831117039,2.8175993954792755,4.0,128.51999999999998,1.63
sub-989,kutapi,normal,110,True,False,,,2.0,128.51999999999998,1.63
sub-989,tatata,normal,111,True,False,,,2.5,128.51999999999998,1.63
sub-989,kukuku,normal,112,True,False,,,3.25,128.51999999999998,1.63
sub-989,pitaku,normal,113,True,False,,,2.0,128.51999999999998,1.63
sub-989,dadada,normal,114,True,False,,,2.25,128.51999999999998,1.63
sub-989,kukuku,normal,115,True,False,,,2.75,128.51999999999998,1.63
sub-989,pitaku,normal,116,True,False,,,2.1937842778793417,128.51999999999998,1.63
sub-989,gugugu,normal,117,True,False,,,2.25,128.51999999999998,1.63
sub-989,pipipi,normal,118,True,False,,,2.75,128.51999999999998,1.63
sub-989,gugugu,normal,121,True,False,,,2.0,128.51999999999998,1.63
sub-989,bibibi,normal,122,True,True,2.6454265403395127,2.4258870539982436,3.75,128.51999999999998,1.63
sub-989,kutapi,normal,123,True,False,,,9.467455621301774,128.51999999999998,1.63
sub-989,gugugu,normal,124,True,False,,,2.0,128.51999999999998,1.63
sub-989,kukuku,normal,125,True,False,,,2.25,128.51999999999998,1.63
sub-989,pitaku,normal,126,True,True,2.190997441385486,2.8291435609558797,2.0,128.51999999999998,1.63
sub-989,tatata,normal,127,True,False,,,2.366863905325443,128.51999999999998,1.63
sub-989,gugugu,normal,128,True,True,0.8069490253779339,0.6781198546099363,2.25,128.51999999999998,1.63
sub-989,takupi,normal,129,True,False,,,2.25,128.51999999999998,1.63
sub-989,kukuku,normal,130,True,False,,,2.5594149908592323,128.51999999999998,1.63
sub-989,gugugu,normal,131,True,True,1.2677120084284177,0.6491648561537451,2.25,128.51999999999998,1.63
sub-989,takupi,normal,132,True,False,,,2.75,128.51999999999998,1.63
sub-989,bibibi,normal,133,True,False,,,2.1937842778793417,128.51999999999998,1.63
sub-989,gugugu,normal,134,True,False,,,2.25,128.51999999999998,1.63
sub-989,pitaku,normal,135,True,True,2.032461854163284,2.0415518017170085,2.25,128.51999999999998,1.63
sub-989,tatata,normal,136,True,False,,,2.366863905325443,128.51999999999998,1.63
sub-989,gugugu,normal,137,True,False,,,2.25,128.51999999999998,1.63
sub-989,pitaku,normal,138,True,False,,,2.25,128.51999999999998,1.63
sub-989,kukuku,normal,139,True,False,,,2.0,128.51999999999998,1.63
sub-989,pitaku,normal,141,True,False,,,2.0,128.51999999999998,1.63
sub-989,tatata,normal,142,True,False,,,2.25,128.51999999999998,1.63
sub-989,pipipi,normal,143,True,True,2.595979149733997,1.4034623714567074,2.25,128.51999999999998,1.63
sub-989,kutapi,normal,144,True,False,,,2.25,128.51999999999998,1.63
sub-989,tatata,normal,145,True,False,,,2.0,128.51999999999998,1.63
sub-989,pipipi,normal,146,True,True,2.5049377967874142,1.2727721501023863,3.75,128.51999999999998,1.63
sub-989,kutapi,normal,147,True,True,1.390393727026607,1.924584762431812,2.5,128.51999999999998,1.63
sub-989,tatata,normal,148,True,True,1.1160392505329635,0.8698959958987507,2.25,128.51999999999998,1.63
sub-989,bibibi,normal,149,True,False,,,3.75,128.51999999999998,1.63
sub-989,pitaku,normal,150,True,False,,,5.25,128.51999999999998,1.63
sub-989,kukuku,normal,151,True,False,,,2.0,128.51999999999998,1.63
sub-989,bibibi,normal,152,True,True,2.389988452384167,1.3026422943542713,4.0,128.51999999999998,1.63
sub-989,pitaku,normal,153,True,False,,,2.0,128.51999999999998,1.63
sub-989,kukuku,normal,154,True,False,,,2.5,128.51999999999998,1.63
sub-989,tatata,normal,155,True,True,1.2042042009604237,1.4184525094234657,3.75,128.51999999999998,1.63
sub-989,pitaku,normal,156,True,False,,,2.0,128.51999999999998,1.63
sub-989,kukuku,normal,157,True,False,,,2.0,128.51999999999998,1.63
sub-989,pipipi,normal,158,True,True,2.136690530934905,1.6500430689594383,3.25,128.51999999999998,1.63
sub-989,kutapi,normal,159,True,False,,,2.229299363057325,128.51999999999998,1.63
sub-989,bibibi,normal,161,True,True,1.7531053976895965,1.2696252169436644,2.0,128.51999999999998,1.63
sub-989,tatata,normal,162,True,True,1.2767764540885411,1.6680632901615071,4.75,128.51999999999998,1.63
sub-989,pitaku,normal,163,True,False,,,9.072978303747531,128.51999999999998,1.63
sub-989,gugugu,normal,164,True,False,,,2.25,128.51999999999998,1.63
sub-989,dadada,normal,165,True,False,,,2.5,128.51999999999998,1.63
sub-989,takupi,normal,166,True,True,1.338291379606726,1.0420894235312668,2.0,128.51999999999998,1.63
sub-989,kukuku,normal,167,True,False,,,4.75,128.51999999999998,1.63
sub-989,dadada,normal,168,True,True,2.729179363652144,2.2448560140986045,2.5,128.51999999999998,1.63
sub-989,kutapi,normal,169,True,False,,,2.0,128.51999999999998,1.63
sub-989,pipipi,normal,170,True,False,,,2.0,128.51999999999998,1.63
sub-989,dadada,normal,171,True,True,0.9218024694341312,1.075666179424279,2.0,128.51999999999998,1.63
sub-989,takupi,normal,172,True,True,1.363101579664866,0.6113310793776074,3.25,128.51999999999998,1.63
sub-989,pipipi,normal,173,True,False,,,2.25,128.51999999999998,1.63
sub-989,kukuku,normal,174,True,False,,,3.75,128.51999999999998,1.63
sub-989,takupi,normal,175,True,False,,,2.0,128.51999999999998,1.63
sub-989,pipipi,normal,176,True,False,,,2.0,128.51999999999998,1.63
sub-989,kukuku,normal,177,True,False,,,2.5,128.51999999999998,1.63
sub-989,tatata,fast,1,True,True,2.7532250811244228,1.531921001825678,2.75,128.51999999999998,1.63
sub-989,kukuku,fast,2,True,True,1.5412628690881478,0.8574512060459174,3.25,128.51999999999998,1.63
sub-989,pitaku,fast,3,True,False,,,4.75,128.51999999999998,1.63
sub-989,tatata,fast,4,True,True,3.3646411489380568,2.8032629624823597,3.25,128.51999999999998,1.63
sub-989,pipipi,fast,5,True,True,2.87348088926549,0.6793770345238661,3.25,128.51999999999998,1.63
sub-989,kutapi,fast,6,True,True,3.1171176728939853,1.1431608639148436,4.5,128.51999999999998,1.63
sub-989,pitaku,fast,7,True,False,,,2.0,128.51999999999998,1.63
sub-989,kukuku,fast,8,True,True,1.402877875230626,1.303286346917722,2.75,128.51999999999998,1.63
sub-989,tatata,fast,9,True,True,3.105501085293138,2.136686010343878,3.25,128.51999999999998,1.63
sub-989,kutapi,fast,10,True,True,3.2424492524785684,2.0419069826752576,4.75,128.51999999999998,1.63
sub-989,takupi,fast,11,True,True,1.7408971961427409,1.1626338073585831,5.0,128.51999999999998,1.63
sub-989,kukuku,fast,12,True,False,,,3.0,128.51999999999998,1.63
sub-989,pipipi,fast,13,True,True,3.351110420457072,0.5744058127846339,3.25,128.51999999999998,1.63
sub-989,takupi,fast,14,True,True,1.6983209060196849,1.238197348416377,5.0,128.51999999999998,1.63
sub-989,kutapi,fast,15,True,True,2.744158478222806,2.5283561760122124,2.0,128.51999999999998,1.63
sub-989,tatata,fast,16,True,True,2.70555018794478,1.8817361999093647,3.0,128.51999999999998,1.63
sub-989,pitaku,fast,17,True,True,1.504168696546917,2.4377125292604216,5.0,128.51999999999998,1.63
sub-989,kutapi,fast,18,True,True,1.6868612507833844,2.0393571983830174,5.0,128.51999999999998,1.63
sub-989,pipipi,fast,19,True,True,3.056147156064763,0.6837445082872802,3.25,128.51999999999998,1.63
sub-989,tatata,fast,20,True,True,3.462504672660631,1.089354743134893,3.25,128.51999999999998,1.63
sub-989,takupi,fast,21,True,True,2.853799440602226,1.1948586710720868,5.25,128.51999999999998,1.63
sub-989,pipipi,fast,22,True,True,2.997515959193705,0.6958145339430946,3.25,128.51999999999998,1.63
sub-989,tatata,fast,23,True,True,3.1485243198583746,1.5825979372969927,3.25,128.51999999999998,1.63
sub-989,kutapi,fast,24,True,True,3.1968392710582476,2.003475615868404,4.75,128.51999999999998,1.63
sub-989,takupi,fast,25,True,True,0.8497376988332935,1.391842253110143,4.75,128.51999999999998,1.63
sub-989,pipipi,fast,26,True,True,2.934188157238908,1.0372398905937414,3.25,128.51999999999998,1.63
sub-989,kutapi,fast,27,True,True,3.2174109523391885,1.996048702907402,5.0,128.51999999999998,1.63
sub-989,takupi,fast,28,True,True,2.556163916122239,1.0496271063571982,5.25,128.51999999999998,1.63
sub-989,kukuku,fast,29,True,True,0.6673593993506538,1.022094332846935,3.0,128.51999999999998,1.63
sub-989,pitaku,fast,30,True,True,1.5585587967378738,2.150957992090994,5.0,128.51999999999998,1.63
sub-989,kutapi,fast,31,True,True,1.4433766223831117,2.502796069799829,5.25,128.51999999999998,1.63
sub-989,pipipi,fast,32,True,True,3.3155547877553704,0.613301738237781,3.25,128.51999999999998,1.63
sub-989,takupi,fast,33,True,True,1.7029484400323909,2.0142849236100986,5.25,128.51999999999998,1.63
sub-989,kutapi,fast,34,True,True,2.556163916122239,1.9658763359063889,4.75,128.51999999999998,1.63
sub-989,tatata,fast,35,True,True,3.2466601428149997,2.860623854311333,3.5,128.51999999999998,1.63
sub-989,pitaku,fast,36,True,True,1.998343972795803,2.4446170159682965,5.25,128.51999999999998,1.63
sub-989,takupi,fast,37,True,False,,,5.25,128.51999999999998,1.63
sub-989,kukuku,fast,38,True,True,1.3675756619078498,2.0763361819593156,3.5,128.51999999999998,1.63
sub-989,kutapi,fast,41,True,True,3.1886841263086607,1.9792454865072395,5.5,128.51999999999998,1.63
sub-989,pipipi,fast,42,True,True,3.180570426241718,0.8306740917292759,3.25,128.51999999999998,1.63
sub-989,takupi,fast,43,True,True,1.453446718038366,1.717956543017924,5.5,128.51999999999998,1.63
sub-989,pitaku,fast,44,True,True,2.593286675338164,2.02519237314228,5.5,128.51999999999998,1.63
sub-989,tatata,fast,45,True,True,3.4481770414151582,2.1959743089896806,3.25,128.51999999999998,1.63
sub-989,kutapi,fast,46,True,True,1.797216646316312,2.669316224016726,5.25,128.51999999999998,1.63
sub-989,takupi,fast,47,True,True,2.893435596094895,1.1004134245987576,5.5,128.51999999999998,1.63
sub-989,pipipi,fast,48,True,True,3.1406135113391835,0.6884961721593248,2.5,128.51999999999998,1.63
sub-989,kutapi,fast,49,True,True,3.315554847514575,2.421653384592343,5.25,128.51999999999998,1.63
sub-989,takupi,fast,50,True,False,,,5.25,128.51999999999998,1.63
sub-989,pipipi,fast,51,True,True,2.9620004206469077,0.592098066454434,3.0,128.51999999999998,1.63
sub-989,kutapi,fast,52,True,True,1.786939496087198,2.8798295577796273,5.25,128.51999999999998,1.63
sub-989,pitaku,fast,53,True,True,1.40999907220868,3.531656079515998,2.0,128.51999999999998,1.63
sub-989,tatata,fast,54,True,True,3.1805704262417183,2.1447618199614125,3.25,128.51999999999998,1.63
sub-989,kukuku,fast,55,True,False,,,2.75,128.51999999999998,1.63
sub-989,pitaku,fast,56,True,True,2.665168821989328,2.669020500007265,5.25,128.51999999999998,1.63
sub-989,takupi,fast,57,True,True,1.973108409649558,1.788501395773595,5.25,128.51999999999998,1.63
sub-989,pipipi,fast,58,True,True,3.011961873525289,0.7817107771384779,2.75,128.51999999999998,1.63
sub-989,tatata,fast,59,True,True,3.342150207253997,1.4580127926764503,3.25,128.51999999999998,1.63
